datetime,underlying_price,NIFTY27JAN2625200CE,NIFTY27JAN2625300CE,NIFTY27JAN2625400CE,NIFTY27JAN2625500CE,NIFTY27JAN2625600CE,NIFTY27JAN2625700CE,NIFTY27JAN2625800CE,NIFTY27JAN2625900CE,NIFTY27JAN2626000CE,NIFTY27JAN2626100CE,NIFTY27JAN2626200CE,NIFTY27JAN2626300CE,NIFTY27JAN2626400CE,NIFTY27JAN2626500CE,NIFTY27JAN2623800PE,NIFTY27JAN2623900PE,NIFTY27JAN2624000PE,NIFTY27JAN2624100PE,NIFTY27JAN2624200PE,NIFTY27JAN2624300PE,NIFTY27JAN2624400PE,NIFTY27JAN2624500PE,NIFTY27JAN2624600PE,NIFTY27JAN2624700PE,NIFTY27JAN2624800PE,NIFTY27JAN2624900PE,NIFTY27JAN2625000PE,NIFTY27JAN2625100PE
07-01-2026 09:15,26111.65,0.12662,0.1233,0.11741,0.1135393603006812,0.11005,0.10576,0.10167391500412758,0.09724,0.0957,0.09397,0.09187,0.09041,0.08908,0.08795,0.1784,0.17237,0.16928,0.16312318945589926,0.1576,0.1524,0.14697,0.14105,0.13613,0.13085,0.1264,0.12142,0.11631,0.1115
07-01-2026 09:20,26141.4,0.08632,0.10093431761767849,0.10869618698840462,0.11779,0.11197,0.11028,0.10746784783782357,0.10382319705931226,0.09837,0.09619,0.09413,0.09236,0.09057,0.08925,0.17962,0.17477,0.16979262596596462,0.16534,0.15939270920802207,0.1542,0.14753,0.14274,0.13849,0.13282,0.1280499546894725,0.12363,0.11837794358341061,0.11353
07-01-2026 09:25,26139.35,0.09147,0.09514598774523353,0.09514,0.09933,0.09599,0.09204,0.09216,0.08954,0.08996,0.08861,0.08697,0.08627,0.08541,0.08574639358782532,0.1801,0.17574,0.17154,0.16567,0.15927,0.1542250761965504,0.14919,0.14245,0.13806,0.13242,0.12877,0.12349,0.11817,0.11405642850345427
07-01-2026 09:30,26128.95,0.1086,0.10842,0.1115,0.12248,0.10715,0.11098,0.10345,0.10153558712965115,0.09864,0.09511,0.09304,0.09123,0.08902548106941544,0.08843,0.18174,0.1767658661165155,0.17206,0.16502,0.15755,0.15265797536765252,0.14691,0.14209,0.13721,0.13184,0.12722,0.12252,0.11729,0.112
07-01-2026 09:35,26131.9,0.10462,0.10538,0.12459,0.12051,0.11225,0.11294,0.10544,0.10331250207103643,0.09896,0.09737443651604516,0.09412,0.09136,0.09014,0.08885,0.18193,0.17702131235550583,0.17226,0.16522,0.15924,0.15334,0.14784,0.1423,0.13726470218347386,0.13219,0.12733,0.12295,0.11707,0.11298512288833627
07-01-2026 09:40,26145.15,0.07079,0.07639,0.08313,0.08523,0.08721722094432052,0.08734,0.08751957257156397,0.08621401159800603,0.0845,0.08386,0.0842917489865042,0.08301,0.08262,0.08249,0.18277,0.1782,0.17265,0.16631,0.15883,0.15343,0.14961,0.14337,0.1382,0.13313,0.12864,0.12374,0.11872,0.1142237370205894
07-01-2026 09:45,26113.1,0.11159557939472961,0.11837,0.10826,0.11514,0.1083,0.1055,0.10226,0.09936111517639444,0.09741,0.09438,0.09237,0.09075,0.08894275467451324,0.08809,0.18107,0.17468,0.1704,0.16426,0.157,0.15289,0.14697,0.14089,0.13571,0.13075,0.12599,0.12096,0.11590546740620576,0.11071
07-01-2026 09:50,26110.0,0.11518555543040714,0.12087,0.10978,0.10900869174741304,0.10645049418794336,0.10476,0.09939,0.0968,0.09542,0.09316,0.09122,0.08945,0.08795142548463283,0.08699,0.18133322552443842,0.1745,0.17045,0.16386,0.15681,0.15155,0.14694,0.14121091148076376,0.13566,0.13068,0.12601,0.12090424954001477,0.11607,0.11095
07-01-2026 09:55,26108.9,0.13029,0.12175,0.13487,0.12466268722784321,0.12009,0.11328,0.11042282596896438,0.10723831474772738,0.10426,0.10032,0.09739,0.09479,0.09256,0.09083,0.18084,0.17444,0.16945,0.16358,0.15675,0.15166048862668607,0.14636,0.14063,0.1353,0.1304590507842242,0.12571,0.12047,0.11517810256129551,0.10983
07-01-2026 10:00,26140.3,0.09239,0.0877,0.115,0.11531,0.11123,0.10752,0.10161,0.10144016858431429,0.09747,0.09601207219325872,0.09255,0.09062,0.08911,0.08813278248069292,0.1828,0.17745,0.1717,0.16515,0.16067,0.15356,0.1481,0.14259,0.1373763605215412,0.13216,0.12774,0.12248,0.1172340411462647,0.1122
07-01-2026 10:05,26142.95,0.08193526828643263,0.08237,0.11304,0.10940457494478027,0.11037,0.11308,0.11004,0.10336,0.10275,0.09909,0.09616,0.09358942694172098,0.09181,0.09023,0.18298,0.17622,0.1714,0.16534,0.15961,0.15374,0.14828,0.14278,0.13766,0.13236,0.12794,0.12247,0.11739,0.11183
07-01-2026 10:10,26159.15,0.10591,0.11189,0.09886,0.10330220784699976,0.103924981382024,0.10472077198770596,0.10588,0.10213806955498932,0.10000571180815768,0.09746,0.09524,0.09264,0.09117,0.08945,0.1858738206690352,0.17895200400873895,0.17292,0.16683,0.16077676520252032,0.15501,0.14937,0.14421,0.13893,0.1335,0.12947,0.12462,0.11843,0.11309
07-01-2026 10:15,26183.8,0.12049,0.09722,0.11136,0.09406,0.09202,0.09324177772961009,0.09326,0.08786,0.08838,0.08755274320061389,0.08666173876928782,0.08527,0.08415,0.08393248434627813,0.18267,0.17847070569369666,0.17425,0.16842,0.16269,0.15663,0.15173,0.14572,0.14048,0.13536,0.13028,0.12548,0.12019,0.115
07-01-2026 10:20,26169.15,0.13492,0.11376,0.12267,0.11245749482613211,0.10785,0.10264043456088448,0.09695,0.09399,0.09285,0.09091640938780109,0.08918,0.08778,0.08646,0.08546,0.18381,0.17694,0.1723507403160322,0.1675,0.1615964484757164,0.1559533904033216,0.15024,0.14517727476585798,0.13994,0.13449,0.12949,0.12431,0.11901,0.11379
07-01-2026 10:25,26152.25,0.14819,0.11685,0.1055,0.10144,0.09878329683476202,0.09564106289662971,0.09325,0.09388,0.0911,0.0893390518321413,0.08801,0.08672,0.0857,0.08459,0.18279,0.1759,0.17097106769514914,0.16556846242828693,0.16026,0.15459,0.14949,0.14378,0.13834,0.13291,0.12889,0.1234,0.11784,0.11258
07-01-2026 10:30,26130.45,0.14045,0.13392,0.12199,0.11624991731376101,0.11123808330857031,0.10631,0.10164,0.09839,0.09557434957344485,0.09407,0.09138865059421324,0.08968609591847576,0.0883,0.08712,0.18145,0.17666,0.17139,0.16528,0.15931627035531387,0.15318,0.14805,0.14233,0.13686,0.1314,0.12709,0.1217,0.11602,0.11176792439851041
07-01-2026 10:35,26133.05,0.13848,0.13213,0.12357552911349003,0.11578554687770737,0.109,0.10357,0.10375,0.09754,0.09843,0.09476760381847489,0.09299,0.09074681626835995,0.08935,0.08769,0.18221163149087638,0.17607,0.17133,0.16478,0.15910946402594403,0.15317,0.1486,0.14263038843193204,0.13675,0.13159,0.12694,0.12169,0.11622405799004415,0.11086
07-01-2026 10:40,26144.05,0.13166138189845292,0.1239,0.11725526893115154,0.11069,0.10684260262072624,0.10253,0.10014448653051053,0.09761,0.09496,0.09262927109149108,0.09067,0.08886007110801285,0.08738,0.08609,0.18288,0.17735294517856115,0.17204,0.1655,0.15977,0.15409,0.14898,0.14327,0.13781,0.13264,0.12761,0.12222960416809289,0.11697,0.11187643010291246
07-01-2026 10:45,26141.15,0.12448,0.11976437921078799,0.11456,0.114,0.10828,0.10332,0.10041,0.09745,0.09472986555808219,0.09195,0.09043,0.08885,0.0871295376533221,0.08575,0.18131,0.1766,0.17087039361744782,0.16533,0.15938,0.15392,0.14844,0.14292,0.13762,0.13204,0.12718,0.12241,0.11676,0.11190488171764504
07-01-2026 10:50,26146.85,0.15441,0.12166,0.12264,0.12576,0.11269674547364934,0.10062,0.10305796110531237,0.10421,0.10121,0.09751,0.09502,0.09229,0.09052,0.08866,0.18168,0.176488171525006,0.17128,0.1657,0.1598368746102732,0.15411,0.14865,0.14331,0.13772,0.13245,0.12747,0.12241,0.11671,0.11127
07-01-2026 10:55,26168.55,0.11618,0.09908,0.10582,0.10366446948305913,0.10027,0.09883,0.09819,0.09465,0.09529,0.09256,0.0906,0.08877,0.08737,0.08584,0.18331,0.17727,0.17315,0.16687,0.16117,0.1556376187021868,0.1501,0.14478,0.13937,0.13411,0.12903,0.12345085309731382,0.11815,0.11277
07-01-2026 11:00,26160.15,0.14217,0.10926,0.12493,0.12832,0.11709,0.11632,0.11182,0.10649,0.10367,0.0996,0.09689,0.09419,0.09188,0.08697564776595873,0.18281,0.17727,0.17264,0.16635,0.16074620960037422,0.155,0.14973,0.1444,0.13896,0.1334,0.12844,0.12318,0.11743,0.11204
07-01-2026 11:05,26182.1,0.0748329370260312,0.06317,0.10803,0.11224,0.11009,0.10412,0.09991,0.09817,0.09733980297305223,0.0919,0.09062895588722036,0.08838,0.08688,0.0856,0.18446,0.17867,0.17404,0.16776,0.16186,0.15647534583116743,0.15102,0.14572,0.14034365998580273,0.13508,0.12978609133512917,0.12479,0.11928,0.11373
07-01-2026 11:10,26166.7,0.11428409896224076,0.10165,0.12041,0.10993538670363981,0.10432,0.10137417999017923,0.09653,0.09533536701247583,0.09205,0.08991,0.08867,0.08651051946023079,0.08535,0.08431,0.18353,0.1772,0.17284,0.16679,0.16173,0.15382,0.14973506053121807,0.14469,0.13988,0.13401,0.12884346669967311,0.1239,0.11804,0.11274
07-01-2026 11:15,26148.15,0.15103,0.12068,0.12040010880269349,0.11697,0.10479,0.10114,0.10383,0.10015,0.09801,0.09473501043455163,0.09307,0.09119205294891793,0.08902,0.08724,0.18212,0.17646,0.17105427421467367,0.16562,0.1597,0.15445,0.14843,0.14362,0.13802,0.13232,0.12739851188874796,0.12244,0.11685,0.11124
07-01-2026 11:20,26148.9,0.13325,0.131262965097459,0.13221,0.10563,0.10438,0.10067483764579668,0.09484,0.09535,0.09261074191429595,0.0912,0.08892,0.08742,0.0862,0.08517,0.18243422000519943,0.17612,0.17222,0.16569,0.15993157419141008,0.15412,0.14849,0.14368,0.13808,0.13238,0.1278,0.12217436251601521,0.11682,0.11139
07-01-2026 11:25,26140.4,0.14019,0.13717196029025713,0.13724,0.11602,0.10911,0.10666244006353558,0.10244561941164229,0.09895057470121538,0.09597597633266172,0.09357,0.0908341021139992,0.08967,0.08807,0.08663,0.1816917330872393,0.17534,0.17146,0.16493,0.15901,0.15337,0.14821759061345469,0.14296,0.13721,0.13166,0.12658612448106718,0.12146,0.1159,0.11031
07-01-2026 11:30,26144.45,0.13223,0.1238,0.13491,0.12795,0.10692,0.10959,0.11051,0.10497,0.10338,0.09905,0.0955,0.0933,0.09089,0.08913,0.18165,0.17587,0.17124,0.16588,0.1595,0.15410967806674342,0.1486886809028711,0.14324,0.13734,0.13195,0.12677,0.12154,0.11602,0.11071
07-01-2026 11:35,26160.05,0.1379,0.10954,0.12705,0.11342,0.1144,0.09898,0.09861,0.0955,0.09382,0.09112,0.08876,0.08747603066937441,0.08612,0.08473,0.18262,0.17686,0.17249,0.16689,0.16051,0.15488,0.14989,0.1443,0.13873,0.13333,0.12776,0.12250100136132763,0.11739,0.11192
07-01-2026 11:40,26147.1,0.13304514086969388,0.12168,0.13513,0.11628,0.12094,0.10735,0.10434,0.10083611484346378,0.09677,0.09297,0.09119,0.08937,0.08741,0.08616,0.18184,0.17607,0.17098072069438913,0.16608,0.15948,0.15385,0.14842,0.14316310224698908,0.13755,0.13244,0.12735,0.12187,0.11653,0.11076
07-01-2026 11:45,26136.15,0.15533,0.13021,0.12347,0.11831771435561991,0.11273391786567688,0.10719,0.10479,0.09917,0.09782,0.09505,0.09244,0.09021,0.08891366405830237,0.08711,0.18118,0.17565,0.17034951948172822,0.16517,0.15878,0.15314,0.14771,0.14255,0.13711,0.13168,0.12657,0.12108,0.1157931465667079,0.11045
07-01-2026 11:50,26138.65,0.15371,0.12839,0.12183,0.10693,0.11294,0.10275702441947238,0.09573,0.09332,0.09232,0.08996,0.08826,0.08661,0.08600466662272506,0.08458,0.18163,0.17566,0.17031196762140882,0.16488,0.15896,0.15312,0.1477,0.14256,0.13715423545194172,0.13173,0.127,0.12127,0.11611,0.11082
07-01-2026 11:55,26126.7,0.1472541484658731,0.13681,0.12344150527529377,0.11165,0.11006,0.10405,0.10053,0.0968,0.09586,0.09250070067911823,0.09077,0.08897783144653185,0.08749,0.08637,0.18119,0.17566499630392435,0.17019,0.16413,0.1582,0.15235,0.14692,0.14193,0.13603,0.13077,0.12604,0.12062,0.11541,0.11042
07-01-2026 12:00,26121.55,0.16447,0.14018,0.12062,0.11686652592434177,0.11051211611514108,0.10525,0.10099,0.09795,0.09557,0.09277,0.09077,0.08877,0.08780899408036333,0.08587,0.18089,0.17468,0.17036,0.16382,0.15788,0.15230023788590957,0.14659,0.14131184090027885,0.13584,0.13042,0.12544,0.12036,0.11541,0.11002
07-01-2026 12:05,26110.95,0.17059,0.14642709086941255,0.12592,0.11854,0.11393,0.10904,0.10471,0.09943352831991893,0.09649362032970843,0.09505,0.09261,0.09078062525840117,0.08949134607179914,0.08731,0.18024,0.17388,0.16946,0.16361,0.15768061241297304,0.15199068730436677,0.14608,0.14106,0.13542,0.13009,0.12564,0.12023,0.1149,0.10954
07-01-2026 12:10,26110.45,0.15813199808630124,0.14699,0.12624,0.12268,0.11567653553768045,0.10926,0.10682,0.10029,0.10023,0.09643,0.09378,0.09151,0.08936,0.08702404989036717,0.18051,0.17387,0.16853958987720347,0.16336,0.15632,0.15152,0.14588,0.14087,0.13554,0.13007,0.12538,0.11999,0.11469,0.10926
07-01-2026 12:15,26107.4,0.1726,0.14908726188998433,0.1281,0.12406094995810962,0.1166608240286261,0.11083,0.10355,0.10125,0.09722,0.09467,0.09205,0.09009,0.08853,0.08725,0.18033,0.17372,0.16902,0.16318,0.15679,0.15132244543111872,0.14568,0.14051,0.1352,0.13013,0.1254,0.11967,0.1150176299033147,0.11015161729027023
07-01-2026 12:20,26103.3,0.14749,0.15113,0.12846,0.12228,0.11176,0.1131,0.10716,0.10184,0.09835,0.09552640994155209,0.09375,0.09145,0.08962,0.0882,0.18064,0.17369,0.16834611546381645,0.16293,0.15675,0.15088,0.1457390060767865,0.14057,0.13537,0.12972,0.12512,0.1199,0.115,0.11003143799086755
07-01-2026 12:25,26106.55,0.14529,0.13589315562479787,0.12654,0.11526,0.11023,0.10932,0.10306,0.09924,0.09688,0.09433,0.09216,0.09027004205897164,0.08851,0.08719,0.18086,0.17367,0.16924,0.16338,0.15697,0.15111,0.14605082514891715,0.1408,0.1357213754406539,0.130637310417883,0.12583,0.12057,0.11544,0.11046
07-01-2026 12:30,26108.85,0.14082919515461487,0.13189,0.12764,0.12135,0.11389,0.1097,0.1052,0.10143,0.09905,0.09602,0.09375,0.09143998875590179,0.08962,0.0881,0.1796596803315441,0.17382,0.16827266335907348,0.16271026906205113,0.15713,0.15127,0.14704,0.1413276149456828,0.13590857119937347,0.13053,0.12554,0.12044,0.11535,0.11008
07-01-2026 12:35,26106.25,0.13895,0.13042491318156227,0.12325669571938525,0.11553,0.11035,0.10842,0.10552,0.10146,0.09871,0.09611,0.09355,0.09146612750596964,0.08912,0.0874332307327795,0.17976,0.17473,0.169,0.16316,0.15719,0.15237,0.14602,0.14097,0.13531,0.13035,0.12571,0.12036,0.11516,0.11049638497969005
07-01-2026 12:40,26103.5,0.11991,0.11696,0.11289,0.10667,0.10291,0.09977673681267608,0.09545,0.09235,0.0917,0.08965,0.08826,0.08653,0.0853,0.08439,0.1796,0.17457,0.16884,0.16299,0.15724,0.15153,0.14638,0.14079,0.13557,0.13083,0.12552,0.12089,0.11587,0.11119650787319972
07-01-2026 12:45,26084.3,0.13611,0.13107,0.1253,0.11451,0.11253,0.10675,0.10215244039450178,0.0982,0.09613,0.09317,0.09116,0.08921,0.08758549672884472,0.08642,0.17778742154817617,0.17193,0.16652119768350965,0.16086,0.156,0.15028,0.14511,0.1395,0.13425,0.12896,0.12449,0.11941335716369623,0.11442720788114422,0.10937
07-01-2026 12:50,26084.8,0.13576,0.13076,0.12502,0.11425,0.11181,0.10873,0.10386,0.09994,0.09747,0.09457,0.09258,0.09049170839708515,0.08887,0.08759,0.17985,0.17281,0.16768,0.16159,0.15605,0.15118,0.14522767266766465,0.13954,0.13415,0.1292214266997587,0.1243,0.1192,0.11391,0.10913216265214178
07-01-2026 12:55,26089.25,0.13473519086438138,0.1293308883231803,0.12235,0.1206,0.11469,0.10908,0.10466,0.10084,0.0984,0.0947,0.09279,0.09043,0.08873,0.08741,0.1792007290010385,0.17333078391454224,0.16774,0.16189,0.15657,0.15117,0.14577,0.13937,0.13418,0.1288,0.12429,0.11934,0.11381,0.10933508344564487
07-01-2026 13:00,26099.15,0.13774,0.12940547982120376,0.12114,0.11955,0.11469,0.10982,0.10492776981610293,0.10038,0.09815,0.09453,0.09202,0.09013,0.0883,0.087,0.17939,0.17435,0.1684184833938161,0.16276,0.15729,0.1513,0.14581981921190812,0.14022,0.13487971796559317,0.12951,0.12442,0.11914,0.1141,0.10896
07-01-2026 13:05,26103.3,0.12368675580985682,0.11724,0.11754426827104564,0.11697,0.11188,0.10731,0.1025,0.09934,0.09665,0.09397387208151067,0.09115,0.08926,0.0873,0.08606,0.17966,0.17418456896552736,0.16866,0.16285,0.15729,0.15201,0.14642,0.14034,0.13517,0.1298977601043533,0.12461,0.11956,0.11452,0.10938
07-01-2026 13:10,26105.85,0.13259,0.11512,0.11779879870831655,0.11921,0.10758,0.10426,0.10056,0.09779019563287461,0.09497,0.09178,0.08993,0.08809,0.08674728564405128,0.08572,0.1789,0.17454,0.16883,0.16274,0.15661,0.15176,0.14612571911913314,0.14036,0.13536,0.13021773071687376,0.12528,0.11997,0.11473,0.10925
07-01-2026 13:15,26097.2,0.13545,0.12209,0.12028388515910392,0.11666854166479654,0.11389,0.10815671714462932,0.10392020041383425,0.10025,0.09667,0.09342,0.0919,0.08937,0.08786779011417037,0.08674,0.17932,0.17401,0.16878,0.16261,0.15718,0.1512,0.14514,0.14012,0.13499477691271083,0.1298,0.1249,0.11945,0.11408,0.10916
07-01-2026 13:20,26097.45,0.13528,0.12192,0.12229,0.11051,0.10726,0.10272,0.09787,0.09553,0.0935,0.09048,0.08899,0.08738302921219929,0.08593,0.08506,0.17786,0.17271,0.16749535743412391,0.16248,0.15609,0.15123,0.14535,0.14015418241212108,0.1348,0.12982,0.12461728517977622,0.11947833638440697,0.11437423290772286,0.10935
07-01-2026 13:25,26076.35,0.13635,0.13632,0.13447,0.11507,0.11124,0.10481,0.10174,0.09783,0.09578,0.09306,0.09102,0.09251828447938591,0.09457781993396289,0.09876698774299432,0.17677,0.17141,0.16651,0.16114,0.15545647097984472,0.14992,0.14396,0.13872,0.133518826677831,0.12823684228941415,0.12294,0.11771,0.11287,0.10823495870068563
07-01-2026 13:30,26070.0,0.14088,0.13886060345161522,0.13783,0.11987,0.11361,0.10973247718512491,0.10497851641040258,0.10029,0.09795,0.09434,0.09254,0.09022,0.08856,0.08855966705575642,0.17822,0.17166,0.1663266498411588,0.16075,0.15539,0.14993,0.14414264909188418,0.13846,0.13319498392487678,0.12764,0.12272,0.117578283247808,0.11258,0.1072
07-01-2026 13:35,26074.55,0.15259544087197097,0.14193956407483294,0.13547,0.12112,0.1144,0.11189,0.10505,0.10046,0.09766,0.09457,0.09234,0.09017,0.0882,0.08695,0.17852,0.17265887256211093,0.16691,0.16108,0.15551156507029945,0.14999800154522752,0.14467,0.13862,0.1328,0.1281,0.12259,0.11738,0.11229,0.10722405191910028
07-01-2026 13:40,26074.2,0.13798,0.13149,0.13567,0.12103,0.11374,0.10975991957982818,0.104,0.10033,0.09781,0.09451439402434077,0.09207,0.09026,0.08842,0.08693,0.17851,0.17132,0.16666,0.16104,0.15485,0.1496750255758189,0.14464,0.13877,0.13308,0.12729,0.12293,0.11799,0.1125702507059396,0.10731
07-01-2026 13:45,26072.8,0.1443130464897993,0.1375,0.13097335753770992,0.12452,0.11755,0.1126,0.10713,0.10257,0.10008,0.09637,0.09394,0.09167,0.08976,0.08827,0.17844,0.1724295167603674,0.16658,0.16074,0.1550711271825022,0.14982,0.14267,0.13852,0.1328400299987658,0.1272,0.12272,0.11748,0.11227,0.10712
07-01-2026 13:50,26083.4,0.1311,0.13079,0.13071,0.11458,0.1109,0.10573,0.09955,0.09775,0.09571,0.09249,0.09049,0.08864,0.08724,0.086,0.17914545404053372,0.17281618047937936,0.16703,0.16116703653426062,0.15547,0.15029,0.14357,0.13909,0.13359,0.12796,0.1235,0.11838,0.11309,0.10797
07-01-2026 13:55,26079.6,0.13406,0.1332845790933645,0.13283,0.12454,0.11271,0.11314,0.10751566904716106,0.10267,0.09951,0.09595,0.09371,0.09128,0.08912225890114475,0.0879,0.17644,0.17088,0.1663,0.16097,0.15524,0.14995,0.14427675318885336,0.13868,0.13319,0.1277,0.12323,0.11758,0.11262,0.10768717204319017
07-01-2026 14:00,26088.65,0.12683,0.12726,0.12086806115644197,0.11505946649319351,0.10839,0.10736,0.10616,0.10196032896523333,0.09891,0.09497,0.09281968148874988,0.09048,0.08855,0.08723,0.17818361792265172,0.17237584653049318,0.16664,0.16202,0.15453,0.15055,0.14487,0.13898,0.13368,0.12808,0.12366,0.11826,0.11304,0.10766
07-01-2026 14:05,26096.3,0.11994,0.12171,0.11491,0.11938,0.10453,0.10799,0.10284,0.09974064801607091,0.096442167741385,0.09296,0.09098,0.08899568809856502,0.0871,0.08586,0.17797,0.17139,0.1669273586881972,0.16253,0.15618998426569541,0.15048,0.14515181712696812,0.13967,0.13406,0.1293,0.1241,0.11873,0.11363,0.10818
07-01-2026 14:10,26100.95,0.11527,0.11807,0.11166,0.11718,0.11077,0.10686,0.10024,0.09667,0.09492,0.09249928352052324,0.08988348209057521,0.08774,0.08594859166233706,0.08509,0.17756264020491722,0.17169,0.1671885480154354,0.16284,0.15557,0.15079,0.1446,0.14033,0.13485,0.12959988828480073,0.12445,0.11951,0.11389,0.10872
07-01-2026 14:15,26097.3,0.1239313925483712,0.12055,0.11426,0.11114,0.10714413820431655,0.10373,0.09785,0.0959057971198449,0.09355,0.09092,0.08913360006362947,0.08749,0.08602,0.08474,0.17776,0.17148,0.16773,0.16193,0.15535,0.15096,0.14437,0.13993,0.13446,0.12926,0.12455,0.11925,0.11381,0.10886
07-01-2026 14:20,26090.7,0.12516,0.12549,0.11892924293204352,0.11458,0.10805,0.10499917696216476,0.10217,0.09626,0.09463,0.09177,0.08988,0.08780168473037968,0.08632,0.0852,0.17709440143009253,0.17108,0.16806,0.16129,0.15707,0.15093,0.14504,0.1395908709880816,0.13371,0.12826,0.12397,0.11856,0.11323,0.10826
07-01-2026 14:25,26090.45,0.1254,0.12569,0.11879947317232031,0.11309,0.11201,0.10668555316381871,0.10202,0.09945332341239863,0.09695,0.09333,0.09125,0.08910828393086644,0.08744,0.08588,0.17707,0.17256423889081343,0.16806,0.16128,0.15769,0.14994,0.14486,0.14014,0.134,0.12826,0.12384,0.11834,0.11312,0.10767
07-01-2026 14:30,26098.65,0.11775,0.1164413987430187,0.11338,0.11283,0.108,0.10375,0.0957,0.09374,0.09245,0.08931,0.08759,0.08598521902618256,0.08508,0.08388,0.17759,0.1716,0.16859,0.16182,0.15844,0.15109,0.14578,0.14087,0.13488,0.12884,0.12399335369759891,0.11906,0.11385,0.10857834353309839
07-01-2026 14:35,26088.15,0.12742,0.12736,0.12038,0.12188,0.1129,0.10654,0.10546,0.10076,0.09843,0.09465,0.09268,0.09026,0.08852767057192257,0.08810796602913944,0.17696,0.17096,0.16651218311949822,0.1616265341521929,0.15715,0.15041,0.14532685988941257,0.14,0.13416,0.12910284904282884,0.12393,0.11829,0.11309996933405841,0.10792
07-01-2026 14:40,26097.55,0.11889,0.12046,0.11983171072361487,0.12266,0.10834,0.11052,0.10398,0.10004,0.0976,0.09418,0.09205845539002304,0.09003,0.08824,0.0868,0.17817133457867645,0.17267,0.16855,0.16288171188391112,0.15778,0.15104,0.14536,0.14082,0.13497,0.12892,0.12414,0.11889,0.11311,0.10812112879738242
07-01-2026 14:45,26107.25,0.12396,0.11763,0.1223,0.1067,0.10319,0.10394,0.09526,0.09287,0.09155,0.08889,0.08749,0.08584,0.08476,0.0837,0.17864078511391432,0.17329,0.16864520974786062,0.16401,0.15767722887567925,0.15169,0.14639,0.14080827122069867,0.13506,0.12989,0.12485,0.11938684994140462,0.11414,0.10918
07-01-2026 14:50,26098.4,0.13162,0.13675,0.12915,0.12292,0.11722560277933504,0.11258,0.10664,0.1023,0.0996,0.09579,0.09332,0.09112,0.0898263032653371,0.09056593318081538,0.17642,0.17264530339890716,0.16839,0.16346,0.15807,0.15112,0.14581,0.14057,0.1343,0.12831,0.1241,0.11844845133459259,0.1132,0.108
07-01-2026 14:55,26113.35,0.13149,0.12732,0.11988,0.1167,0.10902,0.10408,0.10127,0.09835922263704214,0.09552,0.09223,0.09015,0.08827146039916364,0.0865,0.08529,0.17946,0.1737,0.16935,0.1638179363011177,0.15885,0.1524689478614886,0.14645,0.14127,0.13546830837539808,0.12937,0.12507,0.11986,0.11433,0.10908
07-01-2026 15:00,26123.1,0.12276,0.11978,0.11306,0.11132,0.10302,0.10126986467136834,0.09855,0.0946,0.09255875797239438,0.09028,0.08881,0.08709,0.08570027941236855,0.08446,0.17827,0.17400815646216455,0.16948,0.1653,0.15908,0.15355,0.1473,0.14211,0.13767,0.13048,0.12578,0.12037,0.11508,0.10969100809562908
07-01-2026 15:05,26133.7,0.11118,0.11022,0.11016434572627193,0.11163,0.10334,0.10225,0.09753,0.09433,0.09271401986519925,0.08993,0.08822,0.08652,0.08505259393930706,0.08421,0.17893,0.175,0.16966,0.16599,0.1587537891649588,0.15163,0.14746,0.1421757511059712,0.13677,0.13081,0.12618,0.12072,0.11529,0.10998
07-01-2026 15:10,26142.1,0.09884,0.11876,0.11059,0.11222,0.10533,0.10244,0.09801,0.09482,0.09307,0.0906,0.08896,0.08737,0.08575,0.08654490239431663,0.17944379020600096,0.17441,0.17009975637923908,0.16564,0.16034,0.15424,0.14874025346034947,0.14324389476334048,0.13766,0.13155,0.12641,0.12179,0.11633,0.11055
07-01-2026 15:15,26147.8,0.10654,0.11355,0.10582,0.09637,0.09560666928043023,0.09213,0.08989,0.086,0.08722,0.08611,0.08507,0.08366,0.08305,0.08238,0.17951,0.1759,0.17108,0.16531,0.1600211063281646,0.15482,0.14842,0.14365,0.13775,0.13182,0.12758,0.1219470693257913,0.11657,0.11141298696521673
07-01-2026 15:20,26138.3,0.11792,0.12203,0.1136,0.10598,0.0986,0.09832,0.09507,0.09226457809446363,0.09046,0.08884,0.08713,0.08565963237098512,0.08502,0.08402,0.18137,0.1742,0.17198,0.1654734932447887,0.1599,0.15239,0.14836,0.14335,0.13727,0.13102,0.12552,0.12142,0.11616,0.11054
07-01-2026 15:25,26139.7,0.11638,0.12088,0.11254,0.10590281620675791,0.09944,0.09616,0.09398,0.09147,0.09192,0.08858441656714572,0.08703,0.08549,0.08656546785104187,0.08761181875109837,0.17936,0.17731,0.17159,0.16754,0.16085,0.15228,0.14936,0.14228,0.13722,0.13169323241223846,0.12627,0.12052,0.11608,0.11012
08-01-2026 09:15,26101.75,0.11678,0.10539288295121488,0.09164,0.11444,0.09806,0.1029,0.09933,0.0938,0.09226,0.09026,0.08847,0.08770215775200309,0.08673,0.08567,0.18174,0.17806,0.17069,0.1652571931746374,0.15934,0.153577841395028,0.148,0.14234,0.13554,0.13056,0.12504,0.11964,0.11443,0.10940195456866576
08-01-2026 09:20,26109.7,0.10711,0.09499469702989596,0.0813,0.09165,0.09017,0.09083,0.08783,0.08707873554290013,0.08640002593980996,0.08478,0.08368,0.08269,0.07941146083775047,0.07439401556510433,0.18378072088378178,0.17724,0.17249,0.16578675369139578,0.15934,0.15404,0.14616,0.14272,0.13626,0.13099,0.12568421517044903,0.12050401665275648,0.11556,0.11016
08-01-2026 09:25,26087.55,0.10989,0.10763691881140898,0.10509,0.09447,0.09178,0.0908,0.08627,0.0861,0.08568,0.08435,0.08340842104005682,0.08332,0.08296463904773312,0.08234,0.18263,0.17695311386740503,0.17156,0.1648908346452111,0.15858738556570592,0.15257,0.14449,0.14138,0.13473,0.12985,0.12516,0.12037,0.11455,0.10927
08-01-2026 09:30,26063.1,0.13321,0.11121,0.10224,0.1061,0.09787,0.09834,0.09432,0.0918,0.091,0.08905,0.08781264343578768,0.08686850101565835,0.0856,0.0849,0.18109,0.17429,0.16925,0.16314132993825683,0.15695,0.15213,0.14305,0.14003,0.13411,0.12878307457867383,0.12359117808383749,0.11849195678085778,0.11346189488090153,0.10857
08-01-2026 09:35,26053.95,0.14005,0.13325429345843148,0.12663001318757294,0.1235,0.10269,0.11067,0.10566,0.10007,0.09883,0.09552729115883718,0.09313759697850019,0.0915,0.09,0.08827421961581493,0.17789,0.17336458357364185,0.16867,0.16260315472212342,0.15635,0.15153,0.14530888234895972,0.13941,0.13378,0.12774,0.12355,0.11742,0.11243,0.10685
08-01-2026 09:40,26092.65,0.08624489709914264,0.07222,0.10736,0.10182,0.09554,0.09604325042615658,0.09243,0.09023,0.08867,0.08688,0.08540825605130223,0.08526,0.08361592134708956,0.08339,0.181789801063599,0.17621,0.17119,0.16453,0.15915,0.15415,0.14546,0.14211,0.13591,0.13053,0.12514004135162288,0.11988827945707033,0.11476963468967458,0.10987
08-01-2026 09:45,26077.7,0.12038,0.09884,0.10401739667554606,0.1063,0.09633,0.09896,0.09438,0.09312663996511364,0.09236,0.09023,0.08831,0.08718,0.08581,0.08347705308705679,0.18062,0.17472,0.17048,0.16608,0.1589927169062073,0.15256,0.14601,0.14108,0.1355063206642836,0.12961,0.12496,0.11967,0.11477,0.10919
08-01-2026 09:50,26070.8,0.12674,0.12348,0.12264,0.11702628806578519,0.11265238747015885,0.1098,0.10385,0.09989,0.09784,0.09522,0.09286,0.09054,0.08856863624562364,0.08742,0.1802,0.17457,0.1698,0.16429,0.15795,0.15191,0.1463665804942081,0.14061,0.13485,0.12954,0.12542,0.11937,0.11424,0.10951983779098948
08-01-2026 09:55,26089.4,0.11893,0.1148122453586407,0.10995,0.10776,0.1017,0.09898,0.09518,0.09178,0.09048170611618736,0.0884,0.08722128021678122,0.08609,0.08468,0.08383,0.18197,0.17577,0.17225,0.16643,0.1599407795132245,0.15377,0.14812,0.14291,0.13700746905680208,0.1313,0.12645,0.12111,0.11589418882665833,0.11127141824213085
08-01-2026 10:00,26081.9,0.12612,0.11463,0.11541,0.09567,0.0905,0.09307,0.09216,0.08821479735113222,0.08683,0.08495674912859888,0.08434146412939866,0.08348,0.08295,0.08222,0.18152,0.17531,0.17055,0.16595,0.15977,0.15308,0.14762,0.1424,0.13645397595254963,0.13036,0.12591,0.12012,0.1156,0.1098
08-01-2026 10:05,26068.05,0.13746,0.12556,0.10291,0.10231969318946843,0.09975,0.09371,0.09051464597589433,0.08884,0.08693113600885034,0.08659,0.08564,0.08442,0.08374,0.08330000550305966,0.1829,0.17444,0.1704,0.16505,0.15844,0.15236,0.1465,0.14209,0.13589,0.13005,0.12498681350425697,0.11972,0.11452,0.10903
08-01-2026 10:10,26050.3,0.1409792676679521,0.13736,0.11243,0.11244,0.10780715668667074,0.10496,0.09920819612316589,0.09617,0.09397,0.09127,0.08964,0.08765,0.0864018118005699,0.08499,0.18178,0.1745,0.16974,0.16339414091626667,0.15727,0.15117,0.1453,0.1407,0.1342,0.1289,0.1237,0.11806,0.1130963268350445,0.10778175897956607
08-01-2026 10:15,26055.25,0.12383,0.13428,0.109,0.10141,0.0969,0.09455780980718076,0.09065433225915438,0.0878,0.08731,0.08648,0.08509,0.08406,0.08321,0.08532663120904165,0.18044,0.17472,0.17055,0.16423,0.15803,0.15249,0.14583,0.14138,0.135,0.12954,0.12443,0.11939,0.11427,0.10940366412285407
08-01-2026 10:20,26034.9,0.122258136967212,0.11514,0.11445,0.10932,0.10163,0.10165,0.09571,0.09396,0.09295,0.091,0.08918,0.08756,0.08618649244996532,0.08519,0.17801,0.17343,0.16923,0.16312,0.15709,0.15112,0.14533,0.14027,0.13414,0.12859,0.1235,0.11824,0.11347,0.10802
08-01-2026 10:25,26034.15,0.1255566321082418,0.12074,0.11495,0.11077702319763441,0.10658275028171674,0.10303148287524326,0.09973,0.09619,0.09422,0.09202123309010837,0.09026,0.08852,0.08737,0.08623445974383981,0.17913,0.1739466019029541,0.1686213718572172,0.1633,0.15706,0.15089,0.14555957107085513,0.14023,0.13396,0.1288,0.12343753599768724,0.11819,0.11287208671246844,0.10756266440246687
08-01-2026 10:30,26034.2,0.13043,0.12296,0.11721,0.11248,0.10654,0.10325,0.0989,0.09655,0.09431946145247759,0.09269,0.09096,0.08901,0.08858686957950969,0.08792769431289005,0.1793836877030287,0.17341,0.16909671974734264,0.16481,0.15625,0.15166,0.14593256627341314,0.1402323015819384,0.1344,0.12945,0.12358,0.11841,0.11343,0.10783
08-01-2026 10:35,26040.5,0.11556,0.1184,0.10955,0.10308,0.09929,0.09834,0.09507986565164492,0.0917,0.0908,0.08918,0.08801,0.08677185717630406,0.08555,0.08587150869622522,0.1804,0.17383,0.16938309295778786,0.16525,0.1580462597150384,0.15173,0.14627,0.14086,0.13472,0.12929,0.12429,0.119,0.11438,0.10882
08-01-2026 10:40,26027.15,0.12731,0.12778,0.11939,0.1128924209429704,0.10746,0.10523,0.09862,0.09627692190753728,0.09385,0.0915064637728593,0.09018,0.08827347723947246,0.08703098063980949,0.08618,0.17956,0.17298,0.16766151092129775,0.162,0.15683,0.1507420639016235,0.14466,0.13962,0.13434,0.12845,0.12352,0.11748,0.11279875070804246,0.10803
08-01-2026 10:45,26033.1,0.1291441227480214,0.1225756140638621,0.11577,0.10722,0.10445719527668218,0.10168,0.09616,0.09329,0.09228,0.0904,0.08908,0.08753,0.08672039706072943,0.08616307390870995,0.17855,0.17355545553003363,0.16848,0.1635,0.1571111706361675,0.15125,0.14402,0.1402,0.13407,0.12838,0.12398,0.11885,0.11398,0.10838
08-01-2026 10:50,26029.85,0.11819,0.12603,0.10632,0.10369485259373336,0.09795,0.09934,0.0957617498539354,0.09317,0.09208,0.09014233017644288,0.08927,0.08758,0.08634,0.08653715220112893,0.17836,0.17322346619010293,0.16804,0.16287,0.15642,0.15122,0.1454,0.14014,0.13441,0.1293,0.12408,0.11841,0.11399,0.10857
08-01-2026 10:55,26018.95,0.12741,0.13303,0.11794082880701412,0.10692,0.10483067184477975,0.10154,0.09625,0.09308,0.09332,0.09144,0.08964,0.08828,0.08684,0.08605,0.17825,0.1725,0.16727289334166762,0.16215,0.1557,0.15049,0.14465,0.13969,0.13433,0.12879582054853583,0.12338602228962632,0.11767,0.1138,0.10847990791343419
08-01-2026 11:00,26016.4,0.12889,0.11864,0.10849,0.11085,0.1006,0.10269,0.09771,0.0946,0.09377,0.09163,0.09011054519771652,0.08867,0.08761,0.08633888275900799,0.1791997178661766,0.17331129729140743,0.16781288168762748,0.16178,0.15696,0.15049634665424685,0.14414,0.13982,0.13427832529965628,0.12894,0.1245,0.11922,0.11436739764446015,0.10956092277577256
08-01-2026 11:05,26011.95,0.13223,0.12934,0.11941042624838975,0.11196,0.10841,0.1012,0.09888,0.09649,0.09382006658747746,0.09243,0.09022751113072094,0.08899049946479161,0.08817,0.08698,0.18166888148652544,0.1758,0.16808,0.16128,0.1558599131940309,0.15004,0.14472095041807656,0.13952,0.13506,0.12899,0.12405810373582235,0.11898,0.11392,0.1088
08-01-2026 11:10,26009.35,0.1364387791370119,0.13098,0.11365,0.10859,0.10481191481692051,0.10029,0.09856,0.09512295332711176,0.09279752570205659,0.09127,0.08993,0.08862,0.0876,0.08655,0.17986,0.17346,0.16729669856720703,0.16112,0.15563940697016804,0.14987,0.14501449328110325,0.14024,0.1350913416558327,0.1300875041487367,0.12544,0.11999,0.11509,0.10994
08-01-2026 11:15,26005.55,0.1283191030410711,0.12268,0.1073,0.10588,0.10003,0.09851,0.09432,0.09407,0.09316,0.09112,0.0899281687983767,0.08896,0.0882111160656857,0.08703,0.18067,0.17517,0.171,0.16427821505094223,0.1583732131829513,0.15248,0.14687,0.14114,0.13579,0.13133,0.12617,0.1208564354325107,0.11597,0.11087
08-01-2026 11:20,25984.4,0.14374,0.13566,0.11071,0.10416,0.09902,0.09679228437253598,0.09553,0.09345,0.09251,0.0916,0.09065,0.08947,0.08999665967581266,0.08856034021375027,0.17931,0.17519,0.17042,0.16514,0.1596,0.15419543424905424,0.14908,0.14263,0.13824,0.13264,0.12703,0.12199,0.11699,0.11194
08-01-2026 11:25,25968.0,0.13393,0.14451,0.12678070033658628,0.11621,0.10783,0.10532,0.10246,0.09972,0.09817,0.09555,0.09326197329848279,0.09258,0.0912,0.09028,0.17870808334884225,0.17343,0.16954,0.1644,0.15998,0.15361555741356517,0.14772293005970535,0.14131,0.13656,0.13111218152981852,0.12547,0.12017,0.11526,0.10994
08-01-2026 11:30,25968.05,0.1502306343056221,0.14451,0.1301328864737193,0.12008197562530074,0.10996,0.10584,0.1018877199926085,0.09904,0.09618593785508343,0.09440172693264183,0.09381,0.0924,0.09118,0.09058,0.18062990442599924,0.17458,0.17075,0.16453994799245417,0.15882780090552032,0.15315,0.14693,0.1421,0.13492,0.13068,0.12595,0.12068,0.11592,0.11084
08-01-2026 11:35,25971.65,0.13226768043386397,0.12949809700634565,0.12047,0.11888,0.11249,0.10861,0.10423,0.10083,0.09857,0.09641,0.09465,0.09281,0.09139,0.09111361706144078,0.18042459650293807,0.17483,0.17042,0.164098811488114,0.15823,0.15199,0.14644674015985742,0.14086691413856073,0.13508,0.13004311219491704,0.12493,0.11952187168171369,0.11426,0.10886
08-01-2026 11:40,25983.85,0.13538,0.11016,0.11307,0.10963,0.10525455086390094,0.10171,0.09860157060938346,0.09626,0.09523,0.09304,0.09174,0.0905,0.08937,0.08904,0.17934,0.17566,0.17105,0.16468422280764017,0.15884227372852291,0.15302,0.14724911414235875,0.1413,0.13551,0.13019,0.12571,0.12020926818876979,0.11521,0.10985
08-01-2026 11:45,25973.8,0.12243,0.12497,0.10904,0.10878893015804775,0.10746,0.10034,0.09668,0.09554990745256133,0.0941,0.09228084056410711,0.09124,0.09009,0.08932,0.08911,0.1787,0.17567,0.17019,0.16335,0.1580263506196693,0.15249,0.14695,0.14125,0.13574,0.1303,0.12569,0.12043,0.11571,0.11036
08-01-2026 11:50,25958.25,0.13347,0.12051,0.1206,0.11501,0.10958,0.10552309825401338,0.10215257104409194,0.09931,0.09775,0.09542,0.0938,0.09237,0.09104,0.09023829160212898,0.1807028365896792,0.17465,0.16935,0.16471,0.15803,0.1514,0.14585,0.14052,0.13471,0.12923,0.12457,0.11926,0.11463,0.1092
08-01-2026 11:55,25958.05,0.12189,0.11063,0.10854747540822386,0.10429,0.10105652508575245,0.09719,0.09516118269881456,0.09325,0.09271,0.09138,0.09045,0.08941,0.08854,0.08892,0.18039,0.17443,0.17054,0.16471,0.15860128608077673,0.15281,0.14684,0.14193,0.13633,0.13128714472805386,0.12657,0.12119,0.11693,0.11196806150704053
08-01-2026 12:00,25936.15,0.12217,0.11547,0.10832,0.10559742187870727,0.10256,0.10034,0.09708,0.09569,0.09503,0.09382,0.0926,0.0916194079858989,0.09081,0.09107,0.18079,0.17552,0.17076,0.16496,0.156,0.15065,0.14638,0.1417809801480155,0.13743,0.131945371081808,0.12748,0.12229,0.11753823795718427,0.1128
08-01-2026 12:05,25896.7,0.1448,0.13587091347838942,0.12976,0.1243,0.11772,0.11319,0.10964646346315804,0.10668254209213741,0.10487,0.10247,0.10057,0.09884,0.09752857214982219,0.09686,0.1799,0.17523,0.169337135450144,0.16499,0.15629082237390124,0.14801,0.14378,0.13892271040182952,0.13335,0.12858,0.12484,0.11940553392498734,0.11452,0.10966
08-01-2026 12:10,25920.3,0.1311,0.12721,0.12316,0.11872,0.11304,0.10923,0.10565,0.10319,0.10149,0.09916,0.09766,0.09594,0.0951,0.09445,0.18108,0.17569,0.1699436774448892,0.16472,0.1588,0.15031,0.14600147287612522,0.14123,0.13549,0.1291,0.12563,0.12046,0.11531,0.10996
08-01-2026 12:15,25935.5,0.12906545648796305,0.12281,0.11774841646837057,0.11300445571087082,0.10827,0.10495808932426258,0.10135,0.09952,0.09774,0.09636,0.09485,0.09395,0.09295,0.09262,0.18318,0.17791,0.17292,0.16640684503870956,0.16035,0.1549,0.14907207152815585,0.14401,0.13794,0.13165,0.12804,0.1227,0.11781,0.11288
08-01-2026 12:20,25923.15,0.13462,0.12982,0.1211,0.11657,0.11259,0.10757,0.10448728590201725,0.10183,0.09983,0.09796,0.09661,0.0952066425045096,0.09427,0.09404,0.18674,0.17896,0.17478,0.16847,0.16299,0.15402,0.15118,0.1452,0.13893,0.13283,0.12828353532962558,0.1236,0.11875,0.11375
08-01-2026 12:25,25934.95,0.12705,0.12349,0.11508,0.11706,0.11002,0.10698269120938655,0.10373,0.1013,0.09934804512479921,0.09751,0.09629,0.09469,0.09344,0.09341,0.18718,0.17979,0.17429,0.16848652944835052,0.16228,0.15913,0.15141612845804608,0.1449,0.13854,0.13267,0.12842,0.12311380263184035,0.11803,0.11335
08-01-2026 12:30,25935.9,0.12309,0.12295,0.11958,0.10904,0.10503,0.10263909682139391,0.09853,0.09758,0.09600168405027117,0.09479,0.09357,0.09246,0.09168,0.09175,0.1855,0.17987,0.17521,0.17092,0.16392697857014266,0.15762447031212437,0.15083,0.14631,0.14015,0.13405,0.13004,0.12477,0.11989,0.11525251635301402
08-01-2026 12:35,25914.7,0.13927,0.13463,0.12733641427268616,0.12120008622440304,0.11617,0.11019,0.10700250603765983,0.10462,0.10226,0.09955021976862757,0.09773911307046432,0.09653,0.09498,0.09504,0.18467,0.18126,0.17357,0.16729,0.16143,0.15625,0.1514,0.14427,0.1375,0.13174,0.12711675640224274,0.12192,0.11694672126590439,0.11202
08-01-2026 12:40,25920.75,0.13788589522474448,0.13148,0.12465,0.11739,0.11421,0.11052,0.10652,0.10369,0.10117889947954647,0.09919,0.09712,0.0957,0.09428,0.0943,0.18451,0.1783,0.17334,0.16745115525384807,0.1613,0.15799,0.1506155454919717,0.1443,0.13768,0.1313,0.1269896269773454,0.12209,0.11695363221454261,0.11197
08-01-2026 12:45,25921.8,0.13509,0.12540711369177737,0.11644,0.11302,0.10968,0.10613,0.10357373789359257,0.10173,0.09984,0.09802,0.09648593182905871,0.0953381394865115,0.09385,0.09401,0.18459,0.1782,0.17427,0.16751,0.16183,0.15808,0.15117463900474107,0.14505,0.13893584323585545,0.13223,0.12851,0.12311,0.11797285459461959,0.11301
08-01-2026 12:50,25913.2,0.1312,0.13546,0.11517,0.12057,0.11466702808977014,0.11085,0.1067,0.10438,0.10171,0.09974,0.09825,0.09687777401907964,0.09585878218679136,0.09513,0.18374015923892306,0.17763,0.17466,0.16692,0.16249,0.15695,0.15086,0.14408,0.13762,0.13137,0.12726,0.12191808639399809,0.11699,0.11152
08-01-2026 12:55,25910.65,0.1328,0.13677,0.11648,0.11758,0.11238,0.10766,0.10469,0.10295,0.1008,0.09862599311922327,0.09733,0.09612,0.09476,0.0946,0.18504,0.17875,0.17514,0.16873,0.16220596296445744,0.1561026266967735,0.14998033708452463,0.14379,0.13734,0.13127,0.12722,0.12162,0.11703,0.1113
08-01-2026 13:00,25905.65,0.13583,0.13928,0.12935857874550888,0.12451,0.11087,0.11208,0.10931175431198065,0.10712,0.10472,0.10241,0.10025,0.09844,0.09673,0.09617,0.1849,0.17824,0.17416,0.16839,0.16227453208108306,0.15642,0.14973,0.1439788273395971,0.1380609724591459,0.13226059727283973,0.1265,0.12156,0.11611592867520962,0.11066398506627914
08-01-2026 13:05,25924.95,0.12353,0.12931,0.12087,0.11706,0.10851,0.10762110317654679,0.1045957893335648,0.10217,0.10000155408565133,0.09793666350525795,0.09614260382225115,0.09468074723767184,0.09364,0.09321,0.18536795719153387,0.17959,0.17537,0.16857,0.16325,0.15786,0.15166,0.14501,0.13882440009738622,0.13215,0.12785,0.12213,0.11736,0.11212
08-01-2026 13:10,25922.25,0.13656,0.12639,0.12261625037335132,0.11962,0.10956,0.1083424579624521,0.10560817181540447,0.10381,0.10093,0.09893596780677644,0.0972550881604464,0.09566,0.09417,0.0937,0.18665,0.17942,0.17404,0.16814700824518264,0.1625,0.15598,0.14979,0.14416,0.13714,0.13092,0.12699,0.12133375873454966,0.11611,0.11058
08-01-2026 13:15,25921.8,0.13686,0.12666,0.12001,0.11462,0.10975,0.10641,0.10299,0.10056206394638413,0.09863,0.09725,0.09579,0.0943581506653656,0.09295,0.09277,0.18663,0.1794,0.17502,0.17019,0.16319,0.15746704933182148,0.15262,0.1448,0.13804,0.13155,0.12777,0.1221,0.11660016933198902,0.11163
08-01-2026 13:20,25914.55,0.14112,0.1316161224865701,0.12373631454366422,0.11617,0.10916,0.10646,0.10447,0.1013,0.09915,0.09761,0.09584269300264496,0.09483,0.09341,0.09347,0.1849755981947456,0.17892,0.1739678253409193,0.16863,0.16309,0.157,0.15075494389491786,0.14458,0.138,0.13155,0.12751,0.12179,0.11641472784659257,0.11148
08-01-2026 13:25,25911.75,0.14273,0.11662,0.11481642029671585,0.1094384680289589,0.10431,0.10172,0.09957,0.09720705956995723,0.09585112408246135,0.09479653299216168,0.09439,0.09305,0.09214,0.09239,0.18654,0.178,0.17609,0.17066,0.16372,0.15681,0.15234,0.14556,0.13946784646164676,0.13278,0.12901,0.12355198190144714,0.11871,0.1133
08-01-2026 13:30,25888.65,0.15494,0.12545,0.12737,0.12153,0.11520105634943717,0.11074238298084507,0.10803,0.1054,0.10268,0.10062188059639056,0.09919,0.09714,0.0957,0.09298141470277659,0.18496,0.17858,0.17384,0.1659,0.16123,0.1546772084428608,0.14856400047116994,0.1423,0.1359,0.12941,0.12539,0.11989,0.11478,0.10939
08-01-2026 13:35,25907.5,0.13114,0.11468,0.11856,0.11656,0.10942,0.10737,0.10467,0.10234,0.09968,0.09784,0.09675,0.09513,0.09392,0.09367,0.18702,0.17624,0.17407,0.16726,0.16178,0.15753,0.149,0.14287,0.13765887495935586,0.13203301150863703,0.12655050320348538,0.12103603927409731,0.11563,0.11024
08-01-2026 13:40,25901.95,0.132,0.12584097062333416,0.12127,0.1177,0.11295927651763384,0.1089925307955451,0.10502,0.10332,0.10084061789631962,0.09908,0.09711469860458874,0.0956905247984306,0.09445,0.0942,0.18665,0.17587,0.17385,0.1672400535041186,0.16153,0.1547,0.14847,0.14279,0.13615,0.13003,0.12519247370791547,0.12002218289470531,0.11509,0.10991
08-01-2026 13:45,25914.15,0.12419,0.11049,0.12285,0.11764,0.11257169763683511,0.10917898955825292,0.10554,0.1032,0.10095,0.09865,0.09752,0.09555,0.09387,0.09366,0.18446,0.17653,0.17324,0.16776,0.161,0.15561,0.14841,0.14238,0.13676037642861172,0.13093286595490944,0.12515,0.11953,0.11462,0.10929787250683774
08-01-2026 13:50,25911.55,0.12595,0.12756,0.12328,0.11719696058596654,0.11156,0.1097,0.10648,0.1038,0.10147,0.09906,0.09742,0.0955,0.09384,0.09357,0.1843,0.17656,0.17239,0.16713,0.16083,0.15543,0.1476,0.14185,0.13580358779636803,0.12901,0.12495,0.11895,0.11414,0.10917
08-01-2026 13:55,25926.6,0.13035914703169496,0.12702,0.11579,0.11513,0.11104,0.10677639051885895,0.10242,0.10115,0.09911,0.09696,0.09542,0.0937,0.09229,0.09191,0.18372,0.1776,0.17346,0.16678,0.16120607813784932,0.15655,0.14783,0.14195,0.13601715397166597,0.12932,0.12499,0.11922,0.1139924492787181,0.10919
08-01-2026 14:00,25936.35,0.107,0.10990612898938205,0.1098157023206971,0.11052,0.10497,0.10471,0.10075,0.09955906298621492,0.09754731304587796,0.09562349417265811,0.09389486811474304,0.09238942181441775,0.09121,0.09073,0.18553293913765798,0.17963868588232354,0.17364,0.16748,0.16161,0.15728,0.14829,0.14293,0.13609,0.13009,0.12561,0.12019,0.11524,0.11019
08-01-2026 14:05,25930.35,0.11223,0.1138194030215898,0.11388,0.10824,0.10288,0.10302,0.09939,0.09783,0.0961997607553933,0.0946,0.0929179435498556,0.09161199009557905,0.0905,0.09045098009213914,0.18401,0.17862398051350148,0.17306,0.16707,0.16149,0.15425,0.14839,0.14241493382288334,0.13619,0.12993,0.12574,0.11978,0.11547,0.11007
08-01-2026 14:10,25918.0,0.12627438978602323,0.12534279759179412,0.11963,0.11897,0.11452,0.10958440478161965,0.10544,0.10303,0.10038,0.09775,0.09634,0.09436,0.09285,0.09241,0.18193,0.17706,0.17256,0.16621,0.16062,0.15337,0.14749,0.14216,0.13536,0.12937,0.12438303947035845,0.11915,0.11398665059359045,0.10909
08-01-2026 14:15,25928.1,0.12224539476794627,0.12166,0.11446,0.12067,0.11357164126229666,0.10934,0.10438,0.10159,0.09926,0.09713994863551828,0.09504,0.09328,0.09205310254590743,0.09133,0.18372475190321927,0.17777,0.17223,0.16661,0.16012184993489048,0.15374435300374778,0.14746,0.14187,0.13505,0.12877,0.12401,0.11844,0.11311332785005905,0.10785
08-01-2026 14:20,25935.4,0.13496,0.11721,0.12441,0.11023,0.1087,0.10387552377750586,0.09895,0.09649,0.09506,0.0934,0.09194,0.09027,0.08975260586431906,0.08901,0.18095,0.17527,0.17148,0.16355,0.15991,0.15465,0.14708,0.14114793073022935,0.13472,0.12884,0.12416,0.11825,0.11328214295859881,0.10851
08-01-2026 14:25,25922.75,0.13738965514204238,0.12481,0.13045,0.10787,0.10617397218208596,0.10105,0.09948,0.09703896204262966,0.09498590042357682,0.094,0.09245,0.09096,0.08972,0.08928,0.18314,0.17546,0.17224,0.16527,0.1604,0.15514,0.14826,0.14255,0.1362677510115513,0.12967,0.12481184280791892,0.11942,0.11485,0.10948
08-01-2026 14:30,25906.05,0.13827,0.13385,0.1379,0.12758,0.12218,0.11544,0.11051,0.10707,0.10419,0.10081,0.097612439229317,0.09595,0.09444849793268852,0.09512981797217035,0.18033,0.17553,0.17091,0.16411,0.15937,0.15227,0.14627,0.14026312337433358,0.13373,0.12739,0.12271,0.11712,0.11207,0.10621
08-01-2026 14:35,25930.65,0.12256,0.12021,0.12677,0.11586,0.11047,0.10851,0.10262,0.09925,0.09721,0.09536246236887158,0.0933,0.09138,0.08976,0.08937,0.18112,0.17722,0.1712,0.16569,0.1598993848840792,0.15463,0.14743,0.14175,0.13484,0.12871,0.12363629388529417,0.11845,0.11364,0.10814867619884214
08-01-2026 14:40,25928.05,0.12441,0.12019162225174115,0.1166185240196801,0.11243041278641744,0.10867,0.10578,0.10106,0.09931,0.09753,0.09475,0.09298977327947627,0.09143838435140439,0.09002,0.08972,0.18119,0.17706,0.17122,0.16552,0.15935513087063422,0.15346,0.14686,0.14132,0.13502296183365559,0.12841,0.12388,0.11793,0.11283525750784051,0.10801
08-01-2026 14:45,25926.4,0.12557,0.12234986955107643,0.11923,0.11485,0.11037,0.1061334803788398,0.10178,0.09907,0.09678,0.09467,0.09333,0.09151,0.09017,0.0897,0.18282,0.17696,0.1703827014298413,0.16335,0.15887,0.15278,0.14648,0.14097,0.13398,0.12863930044992405,0.12295,0.11748,0.112291291324103,0.10713
08-01-2026 14:50,25932.65,0.12118,0.11905,0.11317185906509367,0.1082316478241577,0.10319,0.09904,0.09626,0.09518,0.09315550861008469,0.09175,0.09020680869054279,0.08918,0.08805,0.08799,0.18086,0.17476,0.17156,0.16517496131937864,0.15964,0.15328647706396564,0.14722,0.14169,0.13492,0.12848,0.12409,0.11849,0.11391,0.10853496859753155
08-01-2026 14:55,25918.9,0.13056,0.12709,0.11701,0.11014,0.1061,0.10315,0.09977,0.09765,0.09557,0.09352,0.09229,0.09068686721681622,0.08947,0.08904,0.18171,0.17384,0.17044,0.16591,0.15867,0.15269,0.14649,0.14055,0.13422,0.12784,0.12326,0.1172,0.11302,0.10728
08-01-2026 15:00,25894.05,0.1254885891032096,0.11947,0.10472,0.10119,0.09904412646818671,0.09616262988385904,0.09391,0.09234,0.09109,0.08992,0.0891,0.08885248721891491,0.08847978712686039,0.08774,0.18089,0.17469032415102959,0.1686868581355525,0.16234,0.15753,0.15062,0.14532,0.13894,0.1332,0.12671,0.12274,0.11771512367392918,0.11307,0.10818163492152288
08-01-2026 15:05,25867.85,0.13369,0.12731,0.12359,0.11508,0.10997,0.10648,0.10299,0.10031,0.09759647260265616,0.09572807706626259,0.09415250163574816,0.09338,0.09204,0.09182,0.177,0.17062,0.16675,0.16034,0.15396,0.14916,0.14279744813295114,0.13662,0.13044,0.12476,0.1200282314779482,0.11496860161481864,0.11008,0.10543
08-01-2026 15:10,25878.85,0.12899,0.12152,0.115,0.11272,0.10769,0.10415869239235231,0.1008,0.09855,0.09645,0.09449197529995462,0.09346,0.0922629790778141,0.09113,0.09096048078474858,0.17776,0.1722,0.16667629249982152,0.1613,0.15505598137762627,0.14926,0.14305,0.13722,0.13138989354570513,0.12524,0.12102,0.11568,0.11072,0.10596613919740468
08-01-2026 15:15,25875.3,0.13029,0.11994,0.11446,0.11064842081513299,0.1063,0.10282,0.10033,0.09768,0.0959,0.09376879670480166,0.09259,0.09148,0.09008,0.09017,0.17687,0.17032,0.16729,0.16056,0.15484,0.14784,0.14306,0.13708,0.13093,0.12467,0.1202204724092614,0.11562,0.11074,0.10607606128389512
08-01-2026 15:20,25877.45,0.13005,0.12392,0.1134,0.10786,0.10461325579887978,0.10106,0.09813,0.09608,0.09453,0.09251456457015506,0.09119,0.09032,0.08987290548473525,0.08914697027966029,0.17703,0.17111,0.16684420607857436,0.16272,0.15578,0.14932,0.14283,0.13710102747912387,0.13088,0.12505,0.12050644852312388,0.11589,0.11084839044838637,0.10639
08-01-2026 15:25,25872.2,0.12803,0.11592,0.11061,0.10494,0.10007,0.09872,0.09575520271919506,0.09347,0.0934,0.09133786844501958,0.09086,0.0897,0.0883,0.08906,0.18015152831208692,0.17433,0.16747,0.16046844000430732,0.15205,0.14903616749590243,0.14626,0.13817,0.1317696605042485,0.12504,0.12242,0.11678,0.11259,0.10727843925590042
09-01-2026 09:15,25899.85,0.14298,0.12727,0.12402639653884999,0.11930956252798118,0.11599,0.11149,0.10653858121311041,0.10327,0.10051,0.09754,0.09616,0.09414302967354482,0.09254,0.09258,0.17626,0.17371,0.1685,0.16185,0.15604,0.15102,0.14514334140282287,0.13935,0.13353,0.12681,0.12252,0.11718,0.11208780584647945,0.10734
09-01-2026 09:20,25916.2,0.13305,0.11272423507436291,0.09457,0.09091,0.08856,0.08824,0.08706,0.08685,0.08565,0.08505,0.08477,0.08448,0.084,0.08518,0.17816,0.17484,0.16986,0.1634825787246422,0.1576061099590397,0.15175,0.14643,0.14073,0.13492,0.12918,0.12444990600850829,0.11994,0.11526715522018037,0.11126
09-01-2026 09:25,25858.55,0.13567,0.12722,0.11850244621651645,0.11184,0.10806,0.10555,0.10028,0.0978,0.096,0.09347691150267293,0.09284,0.09082,0.08988,0.09067,0.1768,0.17023,0.16645,0.1603163347508165,0.1546,0.14865,0.14395,0.137,0.13104,0.12573,0.12155,0.1165,0.11173873934020116,0.10728
09-01-2026 09:30,25855.3,0.11631,0.11472993800030652,0.11067933513432701,0.10938,0.10492,0.10179,0.09982,0.09624,0.09472,0.09299600128058573,0.09208,0.09097,0.09037832851813188,0.09032,0.17635,0.17114,0.16663,0.15894,0.15504,0.14878222855724677,0.14304,0.13732307420141457,0.13173096618053065,0.12588,0.12172,0.1166,0.1125,0.10776
09-01-2026 09:35,25832.05,0.13099,0.1306,0.12762,0.1166,0.11021,0.10683,0.10345,0.10058,0.097659484172611,0.09572,0.09400280280964601,0.09351,0.09197,0.09299,0.17503,0.16911,0.1652,0.15805,0.15336,0.14717,0.14198,0.13561,0.12998,0.12431,0.11986722323035062,0.11504,0.1104,0.10589
09-01-2026 09:40,25822.35,0.14028,0.15544,0.14081,0.13519336542299448,0.13000627450891705,0.12485497830272357,0.11972,0.11466798448637232,0.10968,0.1066,0.10381,0.10112,0.09868,0.09897,0.17414,0.16845,0.16395,0.15682,0.15185,0.14647,0.14004,0.13288,0.12687,0.12082,0.11665,0.11089,0.10643,0.10141
09-01-2026 09:45,25853.6,0.12218,0.14562,0.14179,0.12956,0.12379340447428364,0.11759,0.11166,0.10882661931675591,0.10425,0.10106,0.09868,0.09701,0.09465,0.0947,0.1758,0.16972,0.16468881063314714,0.1598,0.15345,0.1471558872679093,0.1411319383932853,0.135,0.12908,0.12387159931382029,0.11879,0.11339116475624685,0.1084,0.10386
09-01-2026 09:50,25857.2,0.14752,0.1383846376331087,0.1292,0.12532,0.11917097606239327,0.11474,0.10985,0.10596,0.1029154972350405,0.10020804569708235,0.09786,0.09569,0.09480097414411305,0.0942,0.17726,0.16998,0.16583,0.15969768391269695,0.15389,0.14876,0.14210095579417997,0.13581,0.13043333716579786,0.12482213686492455,0.11946,0.11456774610988578,0.10996,0.10532
09-01-2026 09:55,25884.0,0.14015122096343896,0.13078,0.12877,0.1207,0.11479,0.11041,0.10683,0.10269,0.09982,0.09704,0.09541,0.09358,0.09172,0.09189,0.17796889124127754,0.17206,0.16751,0.16047,0.1539,0.15059,0.14326,0.13759,0.13157,0.12543,0.12062260903879303,0.11560090369719432,0.11119320091820063,0.10705
09-01-2026 10:00,25894.2,0.12583,0.11041,0.10847,0.1069543762877557,0.10376,0.10087,0.09838,0.09637,0.09421,0.09302966000955046,0.09171,0.0903,0.08883,0.08974,0.18005,0.17232,0.16905,0.16200843198583995,0.15589,0.14980649756199782,0.14373,0.13851,0.13249,0.12646,0.12252,0.11687,0.11256,0.10781647865253619
09-01-2026 10:05,25862.35,0.14485,0.12893,0.13607,0.12919,0.11958388596576633,0.11323,0.1088,0.10481,0.1016,0.09900407969248766,0.09707,0.0948,0.09299,0.09339,0.17742,0.17239,0.16723,0.15954,0.15396,0.14826,0.14211,0.13638842865219974,0.1305,0.12458,0.11969352639628064,0.11443,0.11017,0.10536
09-01-2026 10:10,25871.6,0.13977,0.1223,0.1204,0.10981,0.1064,0.10257,0.09915,0.09632,0.09445,0.0929,0.09191,0.09126019028809344,0.09077023233950204,0.08995,0.17901,0.17304,0.16769,0.1604,0.1555,0.14941,0.14328494285558818,0.1376,0.13158,0.12554,0.12159,0.11609,0.11181,0.10716
09-01-2026 10:15,25866.2,0.13361,0.12299,0.11845,0.1129,0.10831354401310027,0.10452,0.10083,0.09703,0.09536,0.09384,0.09224239157157921,0.09137241451801015,0.09015,0.09082,0.17772,0.17268,0.16713,0.16003,0.15512,0.14903,0.14257,0.13707,0.13106,0.12554,0.12071,0.11517,0.11127,0.10653690370643706
09-01-2026 10:20,25855.2,0.14526706637142775,0.13817,0.13246,0.12533,0.11987,0.11247229966727151,0.10634,0.10197,0.09926,0.09696,0.09535,0.09359,0.09239,0.09265,0.17907,0.17322539380501556,0.16710937509402615,0.16128,0.15434,0.14824,0.14161,0.13586,0.12998,0.12342,0.11918,0.11401,0.10936,0.10442
09-01-2026 10:25,25858.65,0.15299,0.14164,0.13545,0.128,0.12070956947839778,0.11408,0.10968,0.10496,0.10207,0.09932,0.09673233952946578,0.09509,0.09331,0.09312675372818575,0.17933,0.1743,0.1678,0.16154,0.15495595870210255,0.14896,0.1416,0.13626,0.13014,0.12433,0.11992,0.11431,0.10941885871927517,0.10487
09-01-2026 10:30,25876.25,0.14372,0.12319,0.12244,0.10581,0.10194,0.09806,0.09564,0.09339,0.09181,0.09045,0.08954,0.08862,0.0876,0.08862,0.18055,0.17554,0.16925,0.16352,0.15555,0.14996904620010984,0.14434,0.13813,0.13222,0.12616,0.12175,0.11688808983672397,0.11267,0.10792
09-01-2026 10:35,25856.25,0.13386,0.12186,0.11509,0.11409,0.11083,0.10442,0.10153,0.09794,0.09652,0.09387,0.0931,0.09150848783584448,0.09015,0.09111,0.17919,0.17291,0.16785,0.16049,0.15512,0.1489297190937702,0.14313,0.13699,0.13113,0.12489,0.12020387735149571,0.11514,0.11095,0.10594
09-01-2026 10:40,25848.5,0.13828,0.13072,0.12174,0.11653629604833458,0.11156,0.10677,0.10343,0.09947,0.09735503098682138,0.09545326218159428,0.09413,0.09245,0.09180855661620269,0.09170754197309933,0.177,0.17175,0.16610810556889288,0.1605,0.15457,0.14841,0.14173,0.13616,0.13031,0.1250049550147926,0.11965,0.11418,0.10948914123846788,0.10499
09-01-2026 10:45,25856.0,0.134749604184599,0.12691,0.12048197830875519,0.11448731241605942,0.10894,0.10426,0.10107,0.09729,0.09535,0.09318,0.09212,0.09084589677418714,0.08965,0.09047,0.17921,0.17163,0.16709,0.16105,0.15497,0.14836,0.14240167856287028,0.13662,0.13056,0.12437,0.11984,0.11436,0.10961252224932252,0.10507
09-01-2026 10:50,25857.85,0.12575,0.12071,0.10942,0.1029,0.10115,0.09755,0.0948781504308334,0.09273113593204349,0.0910894933094292,0.08997,0.08915,0.08859,0.08927098094266483,0.08965127867271089,0.17913,0.172,0.16724,0.16093604858634566,0.15511,0.14851,0.14315,0.13715,0.1306,0.12494,0.12071,0.11531,0.11159,0.10663
09-01-2026 10:55,25829.65,0.12173,0.13509,0.1134,0.11215,0.10597,0.10186,0.09907,0.0963,0.09507,0.09307,0.0924,0.09092575352043819,0.09028,0.09146,0.17726109913956473,0.17006,0.16565,0.15919,0.15275,0.14645,0.14105,0.13537,0.12942,0.12428818847445075,0.11907,0.11446305356190736,0.11001,0.10509
09-01-2026 11:00,25812.95,0.1464711750044917,0.14272,0.11773,0.11095,0.10633,0.10208616120253981,0.09845315774449717,0.09664,0.09499,0.09329,0.09252,0.09146,0.0908,0.09218,0.17375,0.16891,0.1641,0.15801,0.15038,0.14383,0.13952,0.13385,0.12801,0.12206,0.11785,0.11301345922588603,0.10830432636135967,0.10372
09-01-2026 11:05,25810.2,0.13273,0.1261042297998141,0.11842,0.11366010033685733,0.10914,0.10527333085091946,0.10222,0.0984,0.09696,0.09459,0.09354,0.09227,0.09127,0.09265,0.1731,0.16874,0.16316896884800733,0.15782,0.1536,0.14333,0.13891499442553729,0.1334,0.12724,0.12214,0.11763,0.11213,0.10826,0.10402349369479211
09-01-2026 11:10,25819.45,0.12302330998112411,0.11504,0.11078,0.10625623406062054,0.10212,0.09707,0.09536277667618329,0.09292,0.09129,0.09002,0.08973,0.08945,0.08886,0.09057,0.17655,0.17043547175509643,0.16439,0.1585,0.15188,0.14781,0.14072,0.13474,0.12887,0.12380191792867642,0.11867,0.11354,0.10999,0.10495911309973172
09-01-2026 11:15,25805.3,0.12636,0.11857,0.1129,0.11045,0.10525,0.10169603530796673,0.09905,0.09601,0.09436,0.0927,0.0923,0.09144,0.0915827953139911,0.09233,0.17514,0.16843,0.16398,0.1575,0.15190270404871484,0.14676,0.14006,0.1339,0.12838944446674644,0.12245,0.11782,0.11268,0.10864,0.10376
09-01-2026 11:20,25797.5,0.12946028697700004,0.12365,0.1158,0.11061689769061794,0.10532,0.10169,0.09969,0.0968,0.09541,0.09379,0.09248,0.09198,0.09139,0.09279,0.17105,0.17038,0.16344,0.15695,0.15129,0.1454,0.13908,0.13307,0.12716,0.12153,0.11701,0.11186,0.10775,0.10286
09-01-2026 11:25,25799.65,0.13192,0.12292,0.11743,0.11411,0.1092609002567651,0.10561,0.10227,0.09918,0.0971,0.09498,0.09443,0.09333,0.09254,0.0939,0.17363,0.17055,0.16436,0.15712,0.15146,0.14637,0.13926,0.13349,0.12769634108111028,0.12162,0.11711,0.11184,0.10764,0.10309616115522865
09-01-2026 11:30,25809.4,0.12855,0.12179027988868837,0.11577,0.10497,0.10617,0.09831,0.09527,0.09358,0.09225,0.09053,0.09008000447625925,0.08988,0.08972,0.09155,0.17384,0.16829,0.16292439347869803,0.15726362709332453,0.15186,0.14628,0.14001,0.13426496161653914,0.1286011804090963,0.12291,0.11795,0.11320770208097689,0.10856092439070081,0.10429
09-01-2026 11:35,25776.0,0.12332873109261444,0.11808232368824984,0.1124,0.10842,0.1043,0.10099119627925308,0.09816909883925413,0.09582,0.09455,0.09282,0.09248,0.09187,0.09137,0.09325,0.17295,0.16871,0.16379,0.15720531924955586,0.15116,0.14588,0.13918,0.13343,0.12800513998503468,0.12214,0.11801,0.11312,0.10927,0.10467
09-01-2026 11:40,25764.3,0.12402,0.11829315806128013,0.11266,0.10838,0.10458,0.10002,0.09804490341087227,0.09621654023199686,0.0949,0.09302,0.09277,0.09217,0.09178,0.09368,0.17327,0.1679,0.1635,0.15682,0.15015,0.14304,0.13917,0.13286,0.12771641766870281,0.122577550789156,0.11762,0.11281,0.10847216606275377,0.10434
09-01-2026 11:45,25759.6,0.1246,0.1174,0.11296,0.10788,0.10384,0.10107,0.09909,0.09673472245490003,0.09505344087546073,0.09381,0.09313597833525798,0.09289,0.0925,0.09313750258207246,0.17404,0.16779,0.16335,0.15714,0.15348,0.1448,0.13781,0.13273,0.1273,0.12195,0.11783,0.11298,0.10925,0.10483
09-01-2026 11:50,25748.85,0.12020162579815064,0.1156,0.11243893285522093,0.10918268517043149,0.10639,0.10327,0.10085,0.09828,0.09652756879840427,0.09501,0.09427,0.09372,0.09334,0.0936436857913617,0.17309,0.16704,0.16363,0.15588,0.15184,0.14262,0.13909,0.13266,0.12732,0.12158,0.11764,0.11272,0.10839493948299608,0.10442
09-01-2026 11:55,25747.75,0.12476,0.12003,0.11452318175327213,0.10947,0.10621336119468046,0.10313,0.10018618257951281,0.09761,0.09638,0.09487,0.09399,0.09370974672057031,0.09347,0.09537,0.17387,0.16928,0.1649,0.15866,0.1514038196194516,0.14465736743329566,0.13755,0.13298161003066025,0.12762,0.12219,0.11814,0.11329652135976523,0.10922,0.10487
09-01-2026 12:00,25743.15,0.13228,0.12221,0.11891,0.11635,0.11101313862261641,0.10741,0.10348391237213483,0.10049,0.09866,0.09675,0.09587,0.09521234235363883,0.09475,0.0964,0.1748436601257486,0.16802,0.16358,0.15848,0.15158,0.14386,0.1380697862514876,0.13202,0.12579,0.12008,0.11546615929300717,0.11067,0.10671,0.10182
09-01-2026 12:05,25753.7,0.12165,0.12006,0.1133,0.1090611144390234,0.10417,0.10205,0.09949,0.09693,0.09540538603247026,0.09403,0.09353,0.09325,0.09313,0.09461790637841397,0.17411,0.16841,0.1647,0.15928,0.15238,0.14468,0.14064,0.13363,0.1278610469408387,0.12176,0.11758,0.11235,0.10889,0.10423
09-01-2026 12:10,25746.8,0.11672,0.11435,0.10901,0.1063314335478894,0.10277,0.10029,0.09794,0.0962869782185066,0.09496,0.09365,0.09328,0.093323757601588,0.0935,0.09519,0.17406,0.1685,0.16421,0.15878,0.15184534759308013,0.14540653946555177,0.13886,0.13416,0.12796,0.12188,0.11816,0.11283,0.1091,0.10466
09-01-2026 12:15,25744.0,0.1284,0.11526,0.11112720396733361,0.1074398879146723,0.10388,0.10155,0.09925388691932341,0.09759093753384149,0.09568,0.09451,0.09367888221511668,0.09292087055591847,0.0920885607365372,0.0913646043484003,0.17616769127760726,0.16926,0.16352,0.15682445198459083,0.15032199795863016,0.14386855202156035,0.13744,0.13277,0.12678,0.12097,0.1169,0.11181,0.10814,0.1035
09-01-2026 12:20,25738.7,0.11805,0.11418,0.1091,0.10497,0.10187,0.09897,0.0973,0.09516,0.09412,0.09323,0.09295,0.0933,0.09377,0.09568,0.17311,0.16962,0.16248657171257685,0.15587,0.15058,0.14357,0.13789,0.13214,0.12587,0.12106224551232853,0.11623206017471291,0.1116,0.10741811646491661,0.10358
09-01-2026 12:25,25737.5,0.10941,0.10511,0.10629,0.09865,0.09742,0.09601,0.09433,0.09271,0.09196,0.0914,0.09129,0.09187,0.09267,0.0947,0.17366,0.16534,0.16391,0.1569,0.1501566506288199,0.14376,0.13833623094212288,0.13292,0.1271063651357142,0.12104,0.11744,0.11276,0.10853283664745442,0.10484
09-01-2026 12:30,25724.25,0.11536,0.11023,0.1069,0.10431,0.10061,0.09884,0.09649,0.09464,0.09402,0.09313,0.09304,0.09347,0.09465913555434688,0.09648,0.17192222080054512,0.16442,0.16377,0.15531,0.15051,0.14394,0.1380749219837633,0.13229,0.12577,0.12044,0.11671,0.11221019941398494,0.10843,0.10371
09-01-2026 12:35,25712.65,0.11323,0.10829,0.1045,0.10192,0.09951,0.0976598183786688,0.09626,0.09479,0.09436,0.09358,0.0939,0.09457,0.09591290870956778,0.0979,0.17528,0.16956,0.16529,0.15844262109552298,0.153,0.1460263198394177,0.13946,0.13458,0.12846,0.12401886704510032,0.11983,0.1153344223123784,0.11176,0.10717
09-01-2026 12:40,25689.45,0.11739,0.11336,0.10882,0.10546,0.10281,0.10124,0.09888951677009503,0.09745,0.0966,0.09599877668915277,0.09592,0.09656,0.0978,0.09994,0.1751,0.17006,0.16506,0.1581058602161324,0.15211,0.14599,0.13954,0.1342,0.12763,0.12249,0.11887,0.11394,0.11,0.10574
09-01-2026 12:45,25685.25,0.10932,0.10609761880128375,0.10217,0.1025,0.10058,0.09812,0.0967993241157385,0.09596554441438825,0.09539825251796852,0.09488,0.09577,0.09679,0.09827077870898973,0.10032,0.17535,0.17019590391389489,0.16505,0.15787318452441,0.15157787977105452,0.14521,0.13911,0.13377,0.12754,0.12272,0.11887,0.11426,0.11071,0.10730338712385781
09-01-2026 12:50,25678.5,0.12829,0.12121508174410042,0.11553,0.11088000215292315,0.1072,0.10395,0.10167,0.09964,0.09878,0.09762,0.09773951919794494,0.09849,0.09949,0.10145,0.17786511443364575,0.17056,0.16233,0.1557074583284777,0.14938,0.14329,0.13477,0.13075,0.1244,0.11944,0.11544,0.11085,0.10704,0.10251
09-01-2026 12:55,25695.15,0.12027,0.11243,0.11052,0.10742,0.10444562497220608,0.10187167849958817,0.09972,0.09771,0.09703,0.09608,0.09627,0.0968,0.09761,0.09973,0.17501,0.17181,0.16434,0.15755822444927248,0.15145,0.14496,0.13844,0.13273726897328386,0.12703,0.12174,0.11720411721905269,0.11301,0.10916,0.10509
09-01-2026 13:00,25694.0,0.11749097008808089,0.11285,0.10979,0.10675,0.10396807945682629,0.10131,0.099416097681862,0.09794,0.09704,0.09577,0.09623,0.09692,0.09810204871905714,0.09985,0.17567,0.17174,0.16532,0.15674,0.15097977047376426,0.14488,0.1389,0.1333,0.12729,0.12233,0.11798,0.11355823921142058,0.10973,0.10531
09-01-2026 13:05,25687.3,0.12321,0.11865,0.11451,0.10988,0.10627,0.10377,0.10167,0.09932,0.09791360587392249,0.09691,0.09726,0.09796,0.09874835857689489,0.10067243790998577,0.17521,0.17020034012414176,0.16483,0.1579267828715497,0.15176,0.1453633629655114,0.13919874566843113,0.13305,0.12682,0.12189555037298372,0.11705582681271046,0.1125408221640753,0.10845001527065673,0.10469
09-01-2026 13:10,25691.5,0.12323657999443896,0.11744,0.11545,0.10842,0.10596,0.10336,0.10088,0.09924541185933108,0.09821,0.09735761402336582,0.09704,0.09744,0.09866435075640802,0.10037,0.17552,0.16948,0.16357523331714835,0.1574754609385362,0.15197,0.14532063253883593,0.13936,0.13369,0.12693,0.12183,0.11751,0.11275,0.1095,0.1049
09-01-2026 13:15,25696.8,0.12103,0.11637239799688898,0.11193,0.10906,0.10638,0.10378151014136244,0.10169611756123925,0.09996146714074244,0.09865,0.09786169983617074,0.09762060546054416,0.09762,0.09831,0.10017,0.17556,0.16988,0.16483,0.15783249353572593,0.15176,0.14418,0.13895077305503026,0.13366,0.12696,0.12177,0.11768,0.11275,0.10847538033637363,0.10454
09-01-2026 13:20,25704.7,0.12035318731947292,0.11566,0.11049,0.10641,0.10395103712475168,0.10143,0.09899,0.09758,0.09689,0.09572,0.096,0.09672,0.09757,0.09942,0.17485,0.16771,0.16437,0.1577936840559287,0.15238,0.14601,0.13882,0.13355,0.1271,0.12201,0.11774,0.11275,0.10848081923104491,0.10466
09-01-2026 13:25,25701.95,0.12224,0.1171180050178533,0.11251,0.10795,0.10579,0.10305,0.10117,0.09904,0.09799,0.09694,0.09697300262626664,0.09733,0.09843,0.10009,0.17541,0.16753,0.16479,0.15654,0.15179,0.14545,0.13938,0.13343478102004805,0.12732,0.12201,0.11797,0.11302,0.10946,0.10519110663270106
09-01-2026 13:30,25705.5,0.11593,0.10972,0.10335,0.10307,0.10018,0.09862,0.09718,0.09604855337686644,0.09555,0.09465,0.09496,0.09588,0.09740828402932174,0.09903,0.17569,0.17073,0.16537,0.15682,0.15272,0.14626024969953733,0.14043,0.13508,0.12859,0.12355,0.11929,0.11495078130111518,0.11129,0.10651
09-01-2026 13:35,25704.05,0.12743,0.12118404895710035,0.11595614078762548,0.11167,0.10775,0.10526,0.10226,0.10046040045087914,0.09945,0.09817163849270663,0.09781,0.09816,0.09904,0.10073,0.17428,0.16920388542172468,0.16374,0.15727022729615195,0.15106,0.14576,0.13918161667355367,0.13284,0.127071269203749,0.12096,0.1165,0.11202,0.1086,0.10480096942716233
09-01-2026 13:40,25707.75,0.10972,0.1066948398012134,0.1037,0.10126306290282083,0.09823,0.09644,0.09503,0.0943,0.09393,0.09321,0.09384,0.095,0.09637,0.09861999155350074,0.17513,0.16888,0.16496,0.15582,0.15254,0.14654,0.1401,0.13412531554924734,0.12819,0.12362,0.11904589054232284,0.11463,0.11134,0.10725206640977616
09-01-2026 13:45,25683.75,0.11513839067114855,0.11147,0.11084,0.10705,0.10388,0.10133,0.09953,0.09777,0.09657223866095262,0.0957,0.09627,0.09717,0.09848,0.10032,0.17398,0.16870834685824243,0.16334,0.15661511091505106,0.1507,0.1445568262872443,0.13862451974034032,0.13275,0.12644,0.12138,0.11727,0.11252,0.10907,0.10425
09-01-2026 13:50,25682.0,0.11444,0.11369,0.10913398167256042,0.1056,0.10242,0.10013,0.0985248168710264,0.09695,0.09655,0.09615755114298291,0.09612,0.09718,0.0986,0.10046,0.17269390638104262,0.1658,0.16322,0.15392,0.15058,0.14454,0.13837,0.13319,0.12796854250519696,0.12286792414473562,0.11776,0.11325,0.10975,0.1051
09-01-2026 13:55,25665.25,0.13117,0.11883,0.1163988024140541,0.11261056136473226,0.10983,0.10688,0.10407,0.10189,0.10099,0.09943,0.09955,0.10003,0.10107805814853058,0.10274,0.1725,0.1646,0.16023096054446728,0.15528,0.14904,0.14288,0.13651,0.13106,0.12472,0.11955,0.11552,0.11076,0.10706,0.10236
09-01-2026 14:00,25689.05,0.11498,0.1132,0.10849,0.10541987797188389,0.10267,0.10027,0.09869049112794129,0.09693,0.09626210824440745,0.09531,0.0958,0.09696,0.09858,0.10034,0.17441,0.16895,0.16408,0.1571,0.15098168946852897,0.14515074040630238,0.1393718153040779,0.13398,0.12735,0.12225,0.11836,0.1135,0.11011,0.10547
09-01-2026 14:05,25678.55,0.12405705069700772,0.12009,0.11443242061513989,0.10995,0.1064,0.10305,0.10082,0.09954,0.09859,0.09715,0.09738,0.09828,0.09941,0.10108,0.17367,0.16886,0.16361,0.15677755683620004,0.15061,0.14440440469971966,0.13848684747292767,0.13275,0.12639,0.12141,0.11734,0.11256,0.10876,0.10422
09-01-2026 14:10,25674.05,0.11993,0.11319864458249165,0.10659,0.10482,0.10293,0.1001,0.09781,0.09679,0.09658,0.0955,0.09608,0.09655551499442633,0.09700523652135563,0.09755344785498263,0.17391,0.16854,0.16343,0.155,0.15065,0.14429261793515108,0.13852,0.13304,0.12686,0.12262669410247273,0.11832,0.11367,0.11005,0.10553
09-01-2026 14:15,25669.0,0.11382,0.11203,0.10784,0.10508258903266562,0.10262,0.10114,0.09873,0.09726,0.09676,0.09572,0.09619,0.09744,0.09886,0.10039,0.17392,0.17027,0.16336,0.157,0.1504,0.14252,0.13853,0.13282,0.12685,0.12213,0.11774,0.11297,0.10935,0.10483
09-01-2026 14:20,25668.65,0.11550782641346219,0.11177,0.1088092607596346,0.10614,0.10316,0.10092,0.09864,0.09754506264358265,0.09688,0.09562,0.09597,0.09731,0.09845,0.10029,0.17337,0.16979,0.16261,0.1563310026679845,0.15026,0.14427225768405783,0.13858997125091066,0.13298,0.12675,0.12182,0.11772,0.113,0.1088499976544721,0.10508
09-01-2026 14:25,25671.35,0.11449,0.11046610971464117,0.10674,0.1025,0.10049264410182217,0.0984,0.09697,0.09582,0.09539,0.09442,0.09527,0.09626,0.09792,0.09983,0.17321,0.17,0.16342,0.15701857044506853,0.15086706908263292,0.14471819062059166,0.13865,0.13368,0.12757,0.12228,0.11872,0.11392,0.11039,0.10693100914292554
09-01-2026 14:30,25652.65,0.1269,0.12078,0.11398,0.11234,0.10794,0.10499,0.10242,0.10039834849715193,0.09938,0.09808,0.0983,0.0990574086559644,0.10044,0.102,0.17453,0.16863,0.16164107320132912,0.15484,0.1486980347096065,0.14255,0.13683,0.13149,0.12523,0.12042,0.11625,0.11135,0.10737,0.10319
09-01-2026 14:35,25659.1,0.12071,0.11683,0.1133,0.1082,0.10504,0.10241,0.1003745005035313,0.09844,0.09796,0.09651,0.09719,0.09831,0.09967,0.10142,0.17291,0.16652,0.16282,0.15575,0.1495337489788922,0.1434941182535221,0.13757,0.13231,0.12689331950515306,0.12136,0.11741,0.11274,0.10915,0.10462
09-01-2026 14:40,25650.4,0.1234512902496544,0.11901,0.11374,0.1103,0.10680114561392806,0.10393,0.10153,0.09978905654709508,0.09863,0.0980482453579846,0.098,0.09876,0.10011786611398288,0.10194,0.1756535739878983,0.1685,0.16305,0.15801,0.15037,0.14286,0.13719,0.13241,0.12612,0.12102,0.11697,0.11206,0.10843,0.10422
09-01-2026 14:45,25668.25,0.11893,0.11471363148317443,0.11041,0.10761,0.1046069455152831,0.1021,0.09986,0.09815,0.0978,0.09646,0.09693,0.09755,0.09897,0.10073,0.17396,0.16722,0.16383,0.1562,0.1508,0.14406,0.13782,0.13251767877711196,0.1270765288027744,0.12162,0.11754,0.11257,0.109,0.10484
09-01-2026 14:50,25663.45,0.11923,0.1159,0.11115,0.10822,0.10457,0.10245,0.10011,0.09834,0.09742306504329143,0.09664,0.09701,0.0978996242672002,0.09928,0.10092,0.17416,0.16887516574953867,0.16363,0.15667,0.15093,0.14334,0.13817,0.13298,0.12678,0.1217,0.11772,0.11271,0.10912,0.10492
09-01-2026 14:55,25674.9,0.11822,0.1133,0.10902,0.1054,0.10304181281766353,0.10099,0.09814,0.09730086352364983,0.09696,0.09556,0.0958,0.09655,0.09819,0.10004,0.17375,0.16814076796137123,0.16238871747623743,0.15674,0.15109,0.14426,0.13849,0.13284,0.12678,0.12179,0.11737801309987882,0.11291,0.10919,0.10506
09-01-2026 15:00,25668.55,0.12334,0.11686,0.11265615691694017,0.10907,0.10568411003343996,0.10280670083318491,0.10036107966421007,0.09847,0.09805,0.09666,0.09714,0.09787,0.09934,0.10094915132796764,0.17385,0.16679,0.16181666201291192,0.15668,0.15036,0.14383002240787376,0.13746,0.1327,0.12641,0.12116,0.11678,0.11209,0.10836,0.10429
09-01-2026 15:05,25679.0,0.12261,0.11496,0.11263,0.10917,0.10542387144656855,0.10242,0.1002,0.0985,0.09781,0.09643,0.09701,0.09746,0.09913,0.10059063705794483,0.17315,0.16824,0.16306,0.15652,0.1501594226499897,0.14397717845200483,0.13757,0.13236,0.12621,0.1212,0.1166,0.11165,0.10762656598096627,0.10397424609964712
09-01-2026 15:10,25688.85,0.12089683155502234,0.11582,0.11321,0.10988,0.10583,0.10386,0.10089,0.09887,0.098,0.09658,0.09679772860196091,0.09724,0.09912,0.10076,0.1734219363783122,0.16743,0.1620022963270863,0.15642,0.15002,0.14398,0.1376,0.1327,0.12690875203723084,0.12124,0.11718,0.11255,0.10845508129230617,0.10489789754182152
09-01-2026 15:15,25690.6,0.11614294697302731,0.1108,0.10787,0.10435,0.10131,0.10057,0.09761,0.09659824604648978,0.09580414546979088,0.09521,0.09612,0.09663,0.09878,0.10097,0.17363,0.16809,0.16381,0.15799,0.15125252324870295,0.1451285393864935,0.13885,0.13352016152549107,0.12782,0.12320433340874806,0.11865,0.11437961021073967,0.11073,0.10651
09-01-2026 15:20,25695.2,0.12236314145501241,0.11612949075971932,0.11336,0.10723,0.10488268157190116,0.10272,0.1002525318216814,0.09868,0.09815,0.09721513314491181,0.09688,0.09766,0.09924,0.10136,0.17466320753701547,0.16844,0.16508,0.15679,0.15261,0.14593,0.14029,0.13487,0.12864,0.12375390427031356,0.11896,0.1143,0.11059,0.10659960644514774
09-01-2026 15:25,25688.2,0.13292,0.12614,0.12044,0.1159082243352884,0.11233,0.10939,0.10641,0.10353,0.10161740138920856,0.10038113653108655,0.09965,0.09992,0.10147,0.10334,0.17462,0.16795,0.16501,0.1582143854130584,0.15227066393813216,0.14643,0.14044381611964693,0.13467,0.12881,0.12288,0.11896,0.11234,0.10955,0.10414
12-01-2026 09:15,25657.45,0.11945638941659914,0.11324,0.11181,0.10923,0.10651,0.10512,0.10354,0.1025,0.10212328783666982,0.10209353600372437,0.10287,0.10466,0.10656,0.10945,0.1905,0.18496,0.1759734565099309,0.16792,0.16397,0.15764,0.15087,0.14559,0.13863,0.13422,0.12931,0.1242962142868417,0.1207,0.11627
12-01-2026 09:20,25594.15,0.1262161245077695,0.12206,0.1163,0.1162,0.11305230486952621,0.1116,0.10943499886243238,0.10867,0.10825,0.10783,0.10912,0.11053,0.11293,0.11619,0.18837,0.18215,0.17641,0.17045,0.16303848577443167,0.15582,0.14937,0.14418,0.13850635201004635,0.13308,0.12821161163859282,0.12372,0.11992067423216357,0.11653575099973379
12-01-2026 09:25,25548.3,0.13463,0.13255,0.12451,0.12229,0.1187,0.11659,0.11384273582209192,0.11275,0.11187,0.11185,0.11291514193940821,0.11469,0.11707,0.12066,0.18706,0.18142,0.17544,0.16842,0.16152,0.15484,0.14868,0.1434,0.13738,0.13249485189194787,0.12763,0.12272,0.11844,0.1144
12-01-2026 09:30,25559.65,0.1397094536467998,0.13513,0.13053,0.12762,0.12308752744829003,0.11992,0.11667978300040419,0.11528,0.11418259148428153,0.11364,0.11442,0.11596,0.11845,0.12193,0.18674,0.18086951933141548,0.17461918617599764,0.16872,0.16123,0.1546,0.14871848599503087,0.14294,0.13629,0.1307,0.12579,0.12049,0.11614,0.11154
12-01-2026 09:35,25575.3,0.14006,0.13464,0.12761,0.1248,0.12047,0.11774515071134807,0.11486972515428814,0.1137619192832896,0.1125,0.11211,0.11310400761884601,0.11439,0.11676,0.12001613926391791,0.18503,0.179498658554807,0.17376,0.16686,0.16,0.15408,0.14815,0.14258671228550857,0.13702425998589873,0.13164740822569237,0.12645,0.12142,0.11690168511944153,0.11271
12-01-2026 09:40,25569.55,0.13435350114359323,0.12814,0.1242891237131094,0.12038,0.11743,0.11497,0.11236,0.11087,0.11045,0.11015,0.11133,0.11332,0.11595,0.1195,0.18611,0.18043266767062588,0.17467,0.1679,0.16147,0.15594,0.14974,0.1448,0.13898268095975833,0.13355935989809337,0.12831,0.12336,0.11915,0.11505
12-01-2026 09:45,25560.8,0.14288,0.13986,0.13543,0.13261,0.12714,0.12351,0.11999,0.11711,0.11605,0.11475,0.11528,0.11638,0.11780735614802544,0.12127032925814002,0.18657,0.1808841580179382,0.17502,0.16911,0.16194,0.15526,0.14912,0.14334,0.13702,0.13124,0.12593735310272797,0.12046,0.11558910413551163,0.1107
12-01-2026 09:50,25588.7,0.13697,0.13079,0.12708440316102493,0.12282,0.11879,0.11587,0.1133,0.11187125053817827,0.11077855281188961,0.10979,0.11073,0.11209,0.11424,0.11756,0.18788,0.18272,0.17674,0.17095,0.16343,0.1574,0.1512,0.14596,0.13945,0.13402,0.12872,0.12356,0.11913269005923836,0.11512
12-01-2026 09:55,25588.5,0.12519,0.11951,0.11745033041048727,0.11372,0.11107,0.10931761255442352,0.10768,0.10729435108918563,0.10652,0.10686,0.10841946793598188,0.11001,0.11303923284448131,0.11653,0.18883813781978653,0.18242,0.17742,0.17095,0.1641,0.15841,0.15246,0.147,0.14067,0.13527,0.13053,0.12529,0.12037545829424745,0.11607937524380296
12-01-2026 10:00,25564.15,0.1407326601485112,0.13787,0.13159,0.12824,0.12398,0.12007199749904604,0.11732,0.11475,0.11375,0.11324885297384837,0.11371207988008658,0.11464,0.11676,0.12025,0.18474,0.18026,0.17374,0.16725,0.1605,0.15419,0.14812,0.14258,0.13552,0.1301,0.12512833297439954,0.11957,0.11465,0.11054
12-01-2026 10:05,25588.7,0.13313,0.12825,0.12214,0.11971,0.11604,0.11335,0.11096,0.10916,0.10861,0.10851,0.10967,0.1111,0.11368,0.11713,0.18794,0.1825415554661296,0.17721,0.17052,0.16393,0.15743005908600022,0.15106,0.14561,0.13957342557341215,0.1338789170452553,0.12860846534377596,0.12301,0.11852,0.11275181655776811
12-01-2026 10:10,25566.95,0.1341,0.127,0.12233,0.11971,0.11624166970265642,0.11383,0.11152,0.10984,0.10919,0.10922,0.11084,0.1127675651553591,0.11526066660675367,0.11835,0.18718,0.18098,0.17498017722845455,0.16881312254501918,0.16279,0.1563,0.15058,0.14488,0.13799,0.13263,0.12756,0.12270336519621765,0.11787,0.11383
12-01-2026 10:15,25557.55,0.14588,0.13846,0.13169,0.12799,0.12354,0.11972,0.11606,0.11398,0.11253,0.11213,0.11262972879359517,0.11392,0.1154059881919801,0.11856422835972755,0.18691883825106934,0.18007,0.17472,0.1676,0.16109,0.15445,0.14828,0.14203776624145686,0.13556,0.12978,0.12455823088630923,0.11929,0.1148502456645703,0.11051212539142297
12-01-2026 10:20,25583.3,0.13479981422727563,0.12801,0.12396,0.12163,0.11793,0.11486,0.11166,0.11001,0.10913,0.10842,0.10982,0.11101,0.11345,0.1169709032826329,0.18773,0.18178,0.17694,0.17023,0.16336448934943493,0.15691,0.1507,0.14521,0.13843,0.13265,0.12755403062640397,0.1222687503348639,0.11752,0.11314
12-01-2026 10:25,25574.15,0.14396383805207202,0.13623,0.12967,0.12376,0.11887,0.11599,0.11324430481372375,0.1112806948950199,0.10998851036604237,0.1095,0.11075,0.11194,0.11423,0.11789,0.18819013045749503,0.18134,0.17618,0.16883,0.1626,0.15631160131567476,0.15010571199826603,0.14418,0.13768,0.13146,0.12617,0.12122166815426827,0.11655,0.11219
12-01-2026 10:30,25584.2,0.13263623566553256,0.12478,0.1213,0.11695,0.11385,0.11154,0.10924122405058187,0.10727,0.10654,0.10672,0.1079814281393346,0.10943,0.11229,0.11575,0.1885,0.18265,0.17719,0.17009,0.16362,0.15743,0.15109,0.14499652415908867,0.13905,0.13309,0.12789,0.12261,0.1185,0.11429
12-01-2026 10:35,25564.75,0.13492,0.1278,0.12383509920289879,0.12019,0.11652,0.11319531115128,0.11093,0.1091,0.10819,0.108,0.10963,0.11056,0.11347409913794831,0.1173,0.18742,0.18134,0.17634,0.16927,0.16235,0.15578,0.14955,0.14395,0.1377759410769125,0.13153,0.12646,0.12132,0.11691,0.11272
12-01-2026 10:40,25572.4,0.13601,0.1295727425112755,0.12377095239079329,0.11888246056474107,0.11433,0.11195,0.1096,0.1079,0.10715,0.10698,0.10851,0.10977,0.1127765004569207,0.11652,0.18839,0.1817,0.17701,0.1702,0.16316,0.15689,0.15047,0.14502,0.13819,0.13259,0.12758,0.12226,0.11719446925721604,0.1127613828206893
12-01-2026 10:45,25556.8,0.1375,0.13167,0.12703,0.12366,0.119,0.11582,0.11307,0.11089,0.1100187320822486,0.10963,0.11075459844632754,0.11238282123576301,0.11478,0.11859,0.18665,0.1813,0.17556,0.16825,0.16157,0.15509,0.14904040336501462,0.14305,0.13636,0.13061,0.12534,0.11996,0.11543084443293741,0.11122
12-01-2026 10:50,25579.85,0.1222,0.11899,0.11375,0.11241693386011985,0.11023911324860498,0.10858,0.10623,0.1048,0.10456,0.10457,0.10622393774535438,0.10778,0.11086,0.11483,0.18856,0.18315128708865036,0.17769,0.17077,0.16419,0.15771,0.1512,0.14545,0.13918,0.13364,0.12852,0.12337848372054815,0.1187,0.11488
12-01-2026 10:55,25554.9,0.12813,0.12435,0.12022,0.1170290150742724,0.11395,0.1115,0.109,0.10761,0.10696,0.10694,0.10836349142642036,0.1101,0.11299601602095648,0.11692,0.18701,0.18147,0.17520097048956032,0.16896,0.16253,0.15615539261976313,0.14993818650583995,0.14384,0.13698,0.13174,0.1269,0.12181339535961862,0.11732,0.11319361383355453
12-01-2026 11:00,25550.75,0.13071114544536247,0.1261,0.12242463277295454,0.11932,0.11567486144409744,0.11307,0.11061,0.10912,0.1084831862045521,0.10824,0.10971,0.11158005171819933,0.11413,0.11807,0.1876761462433706,0.1807,0.17455844205041962,0.16802,0.16163,0.15508,0.14859,0.1425044868561986,0.13622,0.13101,0.1261278775485296,0.12122127024756665,0.11675067711443013,0.11248
12-01-2026 11:05,25538.1,0.13227672953022596,0.12782,0.1236,0.1199053686970173,0.11658855512809845,0.113851166553976,0.11172,0.10985,0.10916,0.10888,0.1104,0.11198,0.11491,0.11861,0.18486,0.17966,0.1739,0.16705271595131396,0.16062,0.15433,0.14776,0.14223,0.13525,0.13033681819173476,0.12502,0.11987,0.11562,0.11145
12-01-2026 11:10,25544.8,0.12790549742898777,0.12331,0.11886,0.11651,0.11347,0.11101,0.10898981943745474,0.10721,0.10702467692310498,0.10691,0.10852,0.11041,0.1133,0.11741,0.18527,0.18024,0.17423,0.16813,0.16113,0.15506,0.1488245495746464,0.14278802540411434,0.13663,0.13121,0.1263,0.1209,0.11679,0.11303
12-01-2026 11:15,25528.8,0.12595,0.1217,0.11864840868328883,0.11598,0.11333,0.11094914364099687,0.1094429743355452,0.10818,0.10776,0.10781,0.10975,0.11188,0.11487,0.11907,0.18365,0.17819,0.17235,0.16591,0.15971,0.15341,0.14744,0.14174,0.1353,0.1302,0.12548,0.12065,0.11628,0.11298
12-01-2026 11:20,25512.25,0.13111,0.12465,0.11983,0.11831,0.11531,0.11282,0.11091,0.10965,0.10944,0.10972,0.11151,0.1133,0.11641513979858131,0.12045,0.18148,0.17667,0.17081,0.16375,0.15824,0.1518,0.14588,0.14013,0.13384,0.12869,0.12396024260044106,0.11902,0.11468,0.11114
12-01-2026 11:25,25509.25,0.12887,0.1246,0.1206384181238056,0.11729,0.11454,0.1123,0.11069,0.10934,0.10911,0.10999,0.11181,0.11361,0.11695,0.12117,0.18279866403038936,0.17614,0.1707,0.16363,0.15752261784108731,0.15140610109040792,0.14553,0.13962,0.13348,0.1285321667765652,0.12353,0.11867,0.11474,0.11088
12-01-2026 11:30,25496.15,0.12283,0.11979,0.11693,0.11543,0.11285,0.11124,0.11003,0.10937,0.10944,0.11028,0.11224,0.11446,0.11778,0.12226,0.18198,0.17627485788062158,0.17037526851019918,0.16462,0.15892,0.15261,0.14665,0.14131,0.13519,0.13044,0.12596,0.12101,0.11711,0.1142
12-01-2026 11:35,25487.1,0.12896,0.12404561579627608,0.11988,0.11806,0.11500656750632095,0.11321,0.11133727418796857,0.11034,0.1103,0.11119,0.1131,0.11494,0.11853,0.12292,0.18093,0.17561,0.17024,0.16314,0.15708687175411687,0.15104,0.14518295593665811,0.1394,0.13317,0.12848065482485455,0.12347,0.1192805621080419,0.11508,0.11171
12-01-2026 11:40,25485.45,0.1282537132678642,0.12359539245192802,0.12019,0.11832,0.11599,0.11366,0.11195,0.11111,0.11123,0.11201,0.1137,0.11586,0.11937,0.12385,0.18081,0.17563,0.17025,0.16382,0.15778,0.15161280595226195,0.14580987897216768,0.14013,0.13359,0.12863,0.12393,0.11956,0.11558221548520974,0.11221
12-01-2026 11:45,25476.55,0.13517,0.12957,0.12533,0.12351,0.11952,0.11682,0.11481,0.11361,0.11317,0.11357,0.11488,0.11688,0.11992,0.12409,0.18025,0.17461,0.16924,0.16224,0.15605,0.14943,0.14365,0.13787,0.13125,0.12603,0.12139,0.11699,0.1129,0.10915
12-01-2026 11:50,25491.7,0.1293,0.12492,0.12093,0.11849,0.11570334864770045,0.11342,0.11192328071605141,0.11107942006277687,0.11052,0.111,0.11288,0.11482,0.11826,0.1227,0.18185,0.17591,0.17019,0.16313,0.15692,0.15086,0.14495,0.13939,0.13296,0.12815580795603534,0.12333,0.11901,0.11499,0.11149
12-01-2026 11:55,25495.85,0.13106,0.12537,0.12187,0.11957,0.11614,0.1137653047532476,0.11205,0.11089,0.11078889097124386,0.11102,0.11273,0.11467,0.11789,0.12155533179885769,0.18173,0.17556,0.16953176443412768,0.16363,0.15731,0.15068,0.14477,0.13922,0.13293,0.12779,0.12291,0.1186176533621514,0.11471,0.11075077025774309
12-01-2026 12:00,25499.2,0.12806,0.12433,0.11977,0.11788,0.11466,0.11248,0.11083,0.11008328711304016,0.10963,0.11033,0.11191,0.11395,0.11737,0.1217,0.18155,0.17572,0.1701,0.16322635396739227,0.15677,0.15024,0.14459,0.13903,0.13296,0.12752,0.12279,0.11871129978826592,0.115,0.11119332543725274
12-01-2026 12:05,25507.65,0.13197,0.12643,0.12244,0.11895115318339194,0.11613,0.11407,0.11192981999568077,0.11057,0.110319418090565,0.11061,0.11212,0.11396,0.11724,0.12139,0.18194,0.1763,0.16956876811700186,0.16326,0.15656,0.14995,0.14383,0.1381,0.13178,0.12652,0.12189,0.11752473304911003,0.11337,0.10923
12-01-2026 12:10,25526.3,0.14473,0.1426,0.13664,0.13244,0.12752,0.12306,0.1196080591508202,0.11725,0.11547,0.11434,0.11538,0.11631,0.11832,0.12241,0.18353673427055248,0.17639,0.17031,0.1638,0.1563637566324537,0.1492,0.14285,0.13669,0.13021,0.12453545601928712,0.11898868792400732,0.1134,0.10896273072381535,0.10445
12-01-2026 12:15,25577.45,0.14302,0.13618,0.13037,0.12711,0.12239,0.11946,0.11592,0.11424120639071829,0.1127,0.11224,0.11286906762627724,0.11361,0.11532,0.11883,0.18443,0.17862,0.17238,0.16537,0.15893,0.15208,0.14584,0.13976,0.13325,0.12715,0.12234,0.11758,0.11315,0.10805129180235766
12-01-2026 12:20,25614.85,0.15144,0.14416327783940203,0.1381,0.13263708346786734,0.12816,0.12403,0.12111,0.11765,0.11628,0.11484,0.11474,0.11538,0.11711359811304657,0.11973,0.186,0.17815,0.17464,0.16816,0.16208,0.15542,0.1488749058023635,0.14266,0.136,0.13045295195757317,0.12488,0.11939,0.11495,0.10887161588021944
12-01-2026 12:25,25653.4,0.13537975768947585,0.12728,0.12805,0.12478,0.12093,0.11774,0.11503,0.11288,0.11166,0.11104,0.11111,0.11204585487131659,0.11325,0.11604,0.18872,0.18389,0.17771,0.17116,0.16556,0.15827,0.15227,0.14636,0.14013,0.1342,0.12917498214873954,0.12448,0.12027,0.11551
12-01-2026 12:30,25668.1,0.154,0.14368,0.13897,0.13329937253681684,0.12916,0.12448293031484964,0.1213,0.11878,0.11738,0.11624,0.11566,0.1161,0.11709,0.11820719387390996,0.1889309502776072,0.18248,0.17816,0.17214,0.16583,0.15888,0.1533,0.14792,0.1408,0.13493,0.12982766148415137,0.12499974205059913,0.12038,0.11487
12-01-2026 12:35,25690.5,0.13488,0.12381,0.12445,0.12024,0.11698,0.11468,0.11213,0.11118,0.11058653830682706,0.10965,0.11016,0.11136603623583316,0.11232,0.11471,0.19113,0.18537,0.18081,0.17518,0.16841,0.1621842703355162,0.15617,0.15057,0.14457741608930194,0.13864,0.13428,0.1288575912652707,0.12421,0.1188459637766199
12-01-2026 12:40,25684.35,0.15507,0.14794087986328536,0.14347,0.13694075670834605,0.13275,0.12895,0.12453,0.12115,0.11949139727629196,0.11829,0.11712079437798473,0.11716,0.11832,0.11999,0.18826,0.1849,0.17793,0.17149,0.1654,0.15899670285314443,0.15287866273499856,0.1466626415336347,0.13995,0.13419,0.12962,0.12398,0.11903739334127521,0.114
12-01-2026 12:45,25727.5,0.13318,0.12842721624418837,0.12466,0.11945,0.11652,0.11474975272828997,0.11240000097931925,0.10981,0.10965619278522054,0.10914,0.10924511419492729,0.10977,0.11171674436060781,0.11342,0.1931,0.18998,0.18359,0.17732,0.1711,0.16440307769482826,0.15835,0.15215276563333563,0.14586,0.1398,0.13487238121594303,0.13039,0.12537547931830223,0.12103
12-01-2026 12:50,25724.55,0.14204,0.1367293409152915,0.13291,0.1285,0.12508,0.12156,0.11916848322431747,0.11654,0.11567,0.11427,0.11384,0.11403,0.11481,0.11638,0.19309,0.18835,0.18208,0.17651,0.16953,0.16277,0.15723,0.15099944837394944,0.14472,0.13859,0.13453,0.12962,0.1253,0.12029
12-01-2026 12:55,25715.5,0.14309,0.13735,0.13029230161254127,0.12356,0.12039,0.11681,0.11462,0.11291229112144643,0.11168,0.11139,0.11121230304879612,0.11148,0.11248,0.11441,0.19219,0.18729,0.18184,0.17548,0.16905,0.16237,0.15666,0.15100789038153623,0.1452886612549816,0.1396284108431576,0.1341,0.12879,0.12399196137218955,0.11933
12-01-2026 13:00,25692.65,0.13268,0.13424,0.13095,0.12736718051878837,0.12484,0.12196,0.11816,0.11592,0.11467401637096339,0.11352405087545489,0.11292,0.11295893477437768,0.11399,0.11564338124447654,0.19101,0.18652,0.18014,0.17417,0.1676302837600821,0.16101,0.15571,0.14962921115920624,0.14363932235932567,0.13751,0.1327,0.1277,0.12285,0.11824
12-01-2026 13:05,25702.65,0.14577,0.14027251314700762,0.13579,0.130264080040666,0.12591,0.12264,0.11964,0.11692,0.11573,0.11455,0.11356,0.11369,0.11487256419663076,0.11663,0.19162,0.1861814051267195,0.1805,0.17474,0.16810994238164223,0.16178,0.15598,0.14960496718761285,0.14297,0.13744,0.13288,0.12777568038022133,0.12314,0.11809
12-01-2026 13:10,25710.85,0.14323,0.13453,0.12998,0.128,0.12374,0.1201,0.117,0.11471,0.11291,0.11137,0.11141,0.1113,0.11278757301137401,0.11484,0.19088,0.18534,0.18005,0.17456,0.1683,0.16214,0.15586,0.15028,0.14341,0.13838803200036787,0.13313500059115402,0.12799,0.12361,0.11846
12-01-2026 13:15,25725.15,0.12758,0.12543,0.1204,0.11717515457814143,0.1132,0.11159,0.10998549877076041,0.10805,0.10708,0.10709265518490196,0.10713,0.1081309058988145,0.10950549927913603,0.111,0.19049099437761424,0.18479,0.18073,0.17517,0.16885,0.16266,0.15748,0.1513449038344033,0.1453,0.14002872767525942,0.13492478161225271,0.12999,0.12639,0.12166560631088891
12-01-2026 13:20,25697.4,0.13867421208412015,0.13529,0.13031,0.12620943511404253,0.1224,0.11874,0.11536,0.11443,0.11229,0.11137,0.11092765950209779,0.11101,0.11313,0.11401927678546082,0.18904,0.18412,0.17899,0.17303,0.1671647363744264,0.16131568916460964,0.15545,0.15004,0.1433,0.13781,0.13305,0.12716,0.12248320382717658,0.11772
12-01-2026 13:25,25704.15,0.12732,0.12404,0.11901,0.1170734011869843,0.11413,0.11166,0.1099917494017881,0.10819,0.10774984307286879,0.10714,0.10751,0.10825,0.11005181022035435,0.11125581004491965,0.18916,0.18468,0.17939,0.17361,0.16806,0.1622584693985576,0.1565,0.15085886856707348,0.14521725434242533,0.13946,0.13469121741832688,0.12991,0.1254,0.12063
12-01-2026 13:30,25707.95,0.16035,0.15079091830894809,0.14463,0.13787604101550544,0.13185355755365324,0.12685490968555707,0.12301,0.11901,0.11727,0.11597,0.11518,0.1148,0.11578,0.11723,0.18884,0.18378221272320325,0.17838,0.17289,0.16635,0.16048,0.15448286395996438,0.1485,0.14168,0.13599,0.13098651082580415,0.12586184922345012,0.12086,0.11656740958893784
12-01-2026 13:35,25747.0,0.12697,0.13005,0.12265,0.12053999687733831,0.11745151558923778,0.11525,0.11212,0.11118449836951737,0.10947,0.10874,0.10825,0.10898,0.11004,0.11183,0.19147,0.18757,0.18138,0.17551,0.16951,0.16335,0.15791,0.15185,0.14597,0.140177438386886,0.13462,0.12975173584137484,0.12485,0.12001
12-01-2026 13:40,25745.1,0.1393264646730246,0.1348,0.12593651153548532,0.11842,0.1158,0.11363,0.11035,0.10893,0.10798,0.10742186773012495,0.10749777572078074,0.10789,0.10922,0.1109,0.19178,0.18644244887621175,0.1808127964729751,0.1751228875157073,0.16951,0.16359,0.15776,0.1521,0.14563,0.13943,0.13483833395302428,0.12998254554094665,0.12541,0.12045
12-01-2026 13:45,25739.05,0.14182,0.13243,0.1274,0.12355,0.11938,0.11529,0.11248,0.11011,0.1089,0.10768,0.10761,0.10793,0.10927,0.11099,0.19293923858945297,0.187372818916675,0.18113,0.17536,0.16902,0.16257,0.15702,0.15116,0.14471876039946785,0.13813,0.13379,0.1287,0.12433,0.1200013692007213
12-01-2026 13:50,25735.6,0.14308945196897205,0.13614878330856822,0.13045679540361046,0.12561,0.12169,0.11822,0.11384,0.1118,0.1105,0.10937,0.10888832199626376,0.10914,0.11039,0.11193,0.19298,0.18672,0.18206,0.17617,0.1694825757939381,0.16319,0.15763,0.15127,0.14468,0.13839,0.13388,0.12816,0.12364,0.11821
12-01-2026 13:55,25743.25,0.13752,0.12317,0.1274,0.12181,0.11763,0.11525,0.11133,0.10985,0.10855,0.10784002872763473,0.10716,0.1077,0.10913956244788886,0.11096,0.19475171832486357,0.18885,0.18285764342758162,0.17676811905304754,0.17081,0.16449,0.15855,0.15269,0.14559,0.14026263691109983,0.13473,0.1297460569074667,0.12508,0.11957
12-01-2026 14:00,25734.9,0.13141,0.12459,0.12264893061839649,0.12034,0.11642814940562264,0.11339217294248966,0.11059,0.10946,0.10815,0.10718,0.10723,0.10801731734423009,0.10920340734765227,0.11075,0.19338,0.18746,0.1820011032996911,0.1766,0.17053,0.16404,0.15795426614250802,0.15189782700161908,0.14586781649705147,0.13956,0.13488,0.12952,0.12430781034276736,0.11936
12-01-2026 14:05,25732.75,0.13756,0.13142,0.12339,0.12785,0.12267,0.11871,0.11521810649390181,0.11212,0.11094019711826054,0.10958,0.10908588053066931,0.10908,0.1088842378476495,0.1093659653282651,0.19324,0.18731,0.18188,0.17644,0.16982,0.16312,0.15721153583962572,0.15116,0.14495470073851197,0.1384,0.13333329472110672,0.12785,0.12289,0.11768
12-01-2026 14:10,25739.35,0.1356153652638334,0.13049,0.12053,0.11776606103641589,0.11324,0.11198,0.10906,0.10643,0.10608,0.10546,0.10522,0.10593,0.10777061153491391,0.10964,0.19315,0.18786,0.18327,0.17668665297163233,0.17067,0.16446,0.15848,0.15258,0.14639094043172032,0.13985,0.13490604338378026,0.12965,0.12533,0.11911
12-01-2026 14:15,25729.15,0.13958,0.13351,0.12656,0.1222,0.11842,0.11527,0.11204398217266565,0.10986,0.10878,0.10763,0.10776,0.1082,0.10965,0.11154,0.19299,0.1865,0.18163,0.17527823741856458,0.16914445845826134,0.16309,0.15715,0.15097,0.14479,0.13865,0.13344,0.12849850912283414,0.12363,0.11826
12-01-2026 14:20,25736.35,0.15013026479396485,0.14464,0.13888,0.13311,0.1279,0.12276650409395427,0.11872,0.11572,0.11399,0.11222,0.11121661959357546,0.11128,0.11182,0.11318466024698509,0.19212,0.1869,0.18105,0.17619,0.1699,0.16246,0.15637151326680948,0.15008222030033,0.14389483617994114,0.13731,0.1324,0.12651,0.12116035006811017,0.11595
12-01-2026 14:25,25762.75,0.13676,0.13189,0.12698,0.12283,0.11747,0.11438,0.11065,0.10897,0.1075,0.1065,0.10599,0.10665519277478831,0.10746,0.10965179885866738,0.19377,0.188177475067141,0.1825,0.17716,0.17075871464823209,0.16475,0.15889,0.1526337502248098,0.14656217705911329,0.14034,0.13525,0.12988,0.12539,0.1197
12-01-2026 14:30,25753.1,0.12562301215560398,0.11977,0.11613,0.11389,0.11126,0.10908906811319086,0.10683,0.10553,0.10493,0.10422,0.10468604877569143,0.10536,0.10669,0.10846,0.19326,0.1880871643558616,0.18279,0.17731,0.17076601148186088,0.16471,0.15875,0.15268,0.14634,0.14043,0.13567,0.13022,0.1255,0.12037
12-01-2026 14:35,25716.7,0.15174,0.14512,0.13909,0.13307,0.12727,0.12346,0.11932,0.11599411825656945,0.11380174572585773,0.11213092557411977,0.11126,0.11126,0.11113716744571281,0.11278707769246431,0.19086,0.18502,0.17934,0.17431,0.16802,0.16121,0.15532,0.14919289503451558,0.1426,0.13638,0.13169,0.12575,0.12104,0.11648982533245994
12-01-2026 14:40,25749.0,0.14146,0.13443601312643524,0.12715,0.12317,0.11950952355914879,0.11552,0.11292,0.11058,0.10931,0.10795,0.10775,0.10821,0.10905375696087213,0.11043,0.19276,0.18761,0.18249,0.17609802873579566,0.1702,0.16382986479597605,0.15785,0.15178308451629605,0.14553,0.13957,0.13458,0.12875,0.12421,0.11930528088556835
12-01-2026 14:45,25763.85,0.13183,0.1277731495804243,0.12209,0.11873705160350773,0.11506,0.11314,0.11013,0.10793,0.10709343406189989,0.10636422446374127,0.10606914250554184,0.10592,0.10718,0.10882119126338059,0.19416,0.18743,0.18259195961620672,0.17764,0.17176,0.16465,0.15882,0.15287,0.14678043698837379,0.14051,0.13534,0.12992,0.12461704255874947,0.11968
12-01-2026 14:50,25774.05,0.14353,0.13758,0.13082,0.12617,0.12157082601693994,0.11819,0.11434,0.11136,0.10947806019551048,0.10794,0.10689,0.10713039678329729,0.10785085269549222,0.10916,0.19388,0.18866,0.18283656519940156,0.17722,0.1706,0.16408,0.1581246607825694,0.15221,0.14529,0.13945,0.13409180031906953,0.12857,0.12345,0.11846976932878811
12-01-2026 14:55,25796.15,0.14247,0.13767,0.13126,0.1254,0.12008,0.11677,0.11369,0.11074,0.10988,0.10782,0.10710634534451581,0.10694,0.10774,0.10875,0.19471,0.189,0.18312,0.17722,0.17063,0.16442717858024092,0.15838,0.15204406425006958,0.14561,0.13996791556474913,0.13418,0.1290329092833083,0.12416,0.1191193175719048
12-01-2026 15:00,25785.15,0.13593,0.13388,0.12688,0.1223,0.11803,0.11433,0.11181,0.10984,0.10808432851372579,0.10672493999743715,0.10578,0.10594,0.10639,0.10766,0.19580926472371601,0.1895452942491555,0.183,0.17702,0.17066,0.16428931591564122,0.1582,0.15202,0.14524,0.1398237502677105,0.1343334300388464,0.12898,0.12431,0.11883
12-01-2026 15:05,25789.75,0.1304,0.12499,0.12171,0.11729,0.11382,0.1119,0.1089,0.10752853551637659,0.10626,0.10491,0.10472032124622997,0.10472,0.10536,0.10686,0.1946879147910514,0.18854,0.18376,0.17824,0.1715744933915837,0.16523046622144877,0.15899,0.15311,0.14667,0.14017,0.13508,0.1298380787290845,0.12499,0.11971
12-01-2026 15:10,25785.05,0.13307134709807206,0.12841,0.11964,0.1167,0.11339048001992862,0.11045,0.10802,0.10630408510428652,0.10497,0.10326,0.10355142478816384,0.10392533299714093,0.10481339579783744,0.10601,0.19482,0.18819,0.18331141513564764,0.17836,0.17144,0.16481,0.15909,0.15272478323127947,0.14644329466510936,0.13992,0.13472,0.1292,0.12462,0.11945
12-01-2026 15:15,25782.95,0.1398640408900123,0.13489,0.12806958064827909,0.12251447109670362,0.11744,0.11417,0.11137,0.10853,0.10738,0.1052,0.10474,0.10481,0.10563,0.10705,0.19663,0.19092804765751953,0.18506476700464747,0.17933,0.17261,0.16587,0.16024,0.1535144217721799,0.14687,0.14062,0.13514,0.12968497451698768,0.12452,0.11877
12-01-2026 15:20,25786.05,0.1390530473849039,0.1341765985814582,0.12843,0.1228,0.11761,0.11465,0.1115,0.10893,0.10713,0.10521,0.10481029225366001,0.1048547356107975,0.10526,0.1067,0.19815,0.19091,0.18787,0.1806558818388843,0.17417778459522051,0.16785,0.16134109998469537,0.15490983317292967,0.14852,0.14213,0.13614,0.13,0.1242471130749663,0.11872
12-01-2026 15:25,25801.35,0.13043,0.12173,0.11892613965777135,0.11503884853085394,0.11127,0.1087025452804587,0.10605,0.10462,0.10349,0.10165,0.10145,0.10137,0.10221,0.10465,0.19547,0.19534,0.18691,0.18088,0.17411360639160517,0.16707,0.16224,0.15508,0.14881686305582228,0.14221,0.13697,0.13075,0.1252,0.11944
13-01-2026 09:15,25853.0,0.10138,0.10057,0.10156,0.10135213347607945,0.10006646883134768,0.09894,0.09860565958191314,0.09808786346793247,0.09738,0.09754538070635672,0.09726,0.09771,0.0992,0.10094,0.19934,0.19786,0.18932475104933336,0.1824,0.17542,0.16959,0.16328,0.15746,0.15049,0.14487876447810163,0.13946,0.13333,0.12841,0.12266
13-01-2026 09:20,25825.4,0.1301,0.12038,0.11652,0.11379,0.11063,0.10853,0.10573,0.105,0.10365,0.10229,0.10185,0.10238,0.10336,0.10516,0.2008576510721767,0.19459,0.18813,0.17948,0.17454,0.16867,0.16259,0.15581900370922125,0.14934921170289506,0.14263,0.1372908317710163,0.13143,0.12647,0.12052
13-01-2026 09:25,25818.35,0.07494,0.07899464479554519,0.07843,0.08485907839045359,0.08732,0.09071,0.09192,0.09345,0.09489,0.09538,0.09659,0.09772,0.09926,0.10186,0.201861132292818,0.19492,0.19107,0.18192,0.17623960959574764,0.17018,0.1649325138461668,0.16014,0.15375317329518368,0.14795,0.14294365108135915,0.13807,0.13444,0.1289
13-01-2026 09:30,25766.85,0.09386,0.09688951176609285,0.09733,0.09846242561909598,0.0985,0.09842294506880372,0.09936,0.09957,0.09974108756669191,0.10013,0.10112664092576884,0.1022,0.10407,0.10676,0.19758,0.18681,0.1874,0.18077,0.17444,0.16772,0.1615,0.15559869042199712,0.14881,0.14315,0.13844,0.133,0.12898,0.12387
13-01-2026 09:35,25737.7,0.11826,0.1143027475662898,0.1101,0.11011,0.109,0.10676558688540183,0.10626758450908769,0.10605,0.10628,0.10556,0.10597,0.1067,0.10811,0.11024,0.19641,0.19402,0.1856454274702556,0.17834,0.17151,0.16504,0.15939,0.15322,0.14657,0.14058,0.13586,0.13051,0.12567383553142863,0.12088
13-01-2026 09:40,25732.1,0.11886411402053447,0.11635,0.11404495786748321,0.11226,0.11053209283093189,0.1094,0.10754,0.10682,0.10672,0.10605,0.10663,0.10736,0.10873,0.11101,0.19531,0.1897,0.1851,0.17854,0.17119,0.16484,0.15903,0.15272,0.14566,0.13996,0.1353,0.12993,0.12517,0.12017
13-01-2026 09:45,25766.4,0.10985,0.10211,0.10091410012160974,0.09765,0.09883,0.09904,0.09884281002525955,0.09903357533094406,0.09968,0.09971,0.10075,0.10208,0.10395,0.10665,0.19685660688798662,0.18954,0.18651,0.17875,0.17198,0.16605,0.15962,0.1534168347437227,0.14721,0.14102,0.13691,0.1316,0.12743,0.12286
13-01-2026 09:50,25750.85,0.11754,0.11262,0.11364,0.10823,0.10611,0.10542,0.10416,0.10457,0.10446,0.10352,0.10426,0.10544498532345642,0.10695,0.10944,0.19685,0.19126476534654654,0.1858,0.17799,0.17208,0.165,0.15952,0.15311812828337362,0.14691652468929803,0.14069,0.13566,0.13018,0.12548278210667974,0.12088373529169268
13-01-2026 09:55,25731.0,0.10362,0.10571,0.10317,0.10456,0.10425415896644903,0.10433,0.10374,0.10378,0.10438,0.10435,0.10535,0.10636,0.10817,0.11081,0.19596,0.19028,0.18489,0.17803636232730558,0.17154373743097134,0.16500970986710367,0.1585,0.15331,0.14657,0.1413579364958989,0.13604,0.13094,0.1269,0.12208
13-01-2026 10:00,25714.65,0.14097,0.13349,0.13009,0.12686,0.12114,0.11849,0.11568,0.11373,0.11286,0.11147,0.1113,0.11158556515825699,0.11276,0.11374421553307955,0.1931,0.18816,0.18229,0.17698,0.1692827266609223,0.16188,0.15581,0.14965,0.14249,0.13684,0.13118,0.12617,0.12153,0.11621
13-01-2026 10:05,25746.85,0.12843,0.12569,0.11961,0.1167,0.11418,0.11206,0.11025,0.10891,0.10827,0.10803,0.10751,0.10817,0.10989496993773742,0.11162,0.19569,0.18741,0.18196937723329767,0.1758,0.17055,0.16428,0.15821,0.15229,0.14503,0.13955,0.13424978350294758,0.12879,0.12451,0.11968
13-01-2026 10:10,25759.95,0.10494,0.10371,0.10288,0.10202,0.10091,0.10211,0.10155004141719884,0.10084,0.10126,0.10178,0.10247,0.1034,0.10505,0.10788,0.19744,0.1923,0.18608,0.17911442904297958,0.1726091263629679,0.16615,0.16016,0.15375750820855802,0.1475,0.14206473178181428,0.13695,0.1312,0.12764,0.1225771922609615
13-01-2026 10:15,25754.7,0.10612,0.10838,0.10433,0.10362,0.10244,0.10284,0.10247283886799192,0.10176,0.10236,0.10237,0.10308,0.10428,0.10568,0.10871,0.19659,0.19045,0.18549,0.18043,0.17189,0.16543,0.15933,0.15297725500816878,0.14641,0.14114,0.13609247780044034,0.1310756004548517,0.12656,0.12181995816003527
13-01-2026 10:20,25761.35,0.12196,0.11731588125664523,0.11421,0.10883,0.10757,0.10598123329640237,0.10509,0.1039,0.10396,0.10338,0.10386,0.10477,0.10632,0.10801807913271053,0.19667,0.19092661918686876,0.18512,0.17835404204635835,0.17169,0.16546,0.15956,0.15344,0.14623,0.14073,0.1351,0.12988,0.12551,0.12025
13-01-2026 10:25,25770.15,0.14012,0.13305,0.12665,0.12195,0.11838,0.11442393004595261,0.11211,0.10968,0.10903,0.10803,0.10721,0.10737,0.10855,0.11041,0.19716,0.19141610690079014,0.18548,0.17993,0.17231244195384138,0.16508,0.15866,0.1520443247880439,0.14506,0.13940497681511574,0.13348,0.12756,0.12274,0.11806838716031337
13-01-2026 10:30,25804.6,0.13282,0.11904371109217202,0.10534,0.10765,0.10653,0.10582,0.10306,0.10155777481807948,0.10117408975318494,0.1011487526643747,0.10103,0.10169,0.1039508113402911,0.10556,0.20038049617211548,0.19389,0.18871,0.18195,0.17508,0.16807,0.16175674888163094,0.15564,0.14922038568664475,0.14317230321377822,0.13714,0.1316373532923577,0.12664,0.12147
13-01-2026 10:35,25783.95,0.12325,0.1098,0.10718,0.10779,0.10526,0.10288,0.10219,0.10221,0.10193609400791223,0.10207087701619481,0.10214,0.10265,0.10405,0.10676,0.20038295107799822,0.1941156168581211,0.18761,0.18025,0.17383,0.16758977440058823,0.16149,0.1552,0.14858725995169986,0.14241,0.13709,0.13144,0.12643586604163085,0.12165
13-01-2026 10:40,25772.4,0.11286,0.10172,0.09986,0.10643,0.10474,0.10468,0.10303,0.10234,0.10255,0.10191,0.10239,0.10391263588075163,0.10494,0.10768,0.19788,0.19233528748171433,0.18628545175757938,0.18052,0.17303,0.16664,0.1605234142038583,0.1543500108782161,0.14816,0.14168,0.1364423017984047,0.13102,0.12613,0.12107
13-01-2026 10:45,25763.45,0.11676275019473525,0.11857,0.10489,0.11266,0.10912868179790208,0.1078,0.10651,0.10655,0.10529,0.10428,0.10453,0.10574,0.10617,0.10849,0.19601,0.19063136838309938,0.18463,0.17979,0.17084,0.16428,0.15841,0.15174,0.14493,0.13907,0.1341,0.12863173140867867,0.12323,0.1189
13-01-2026 10:50,25794.3,0.11933,0.11414,0.11134,0.10746217627504004,0.10386772060506952,0.10121866068298717,0.098,0.09857299683944223,0.09832,0.09864,0.09876,0.09983,0.10165,0.10429,0.197,0.19049,0.18559,0.17919,0.17247,0.1662,0.15938,0.15394,0.14715,0.14127,0.13627,0.13109470684101285,0.12594821030005507,0.12139
13-01-2026 10:55,25765.7,0.12993887947715652,0.1277,0.11839,0.11653,0.11209,0.10991785567437896,0.1084,0.10623,0.10569,0.10431,0.10434,0.10496,0.10634690338027698,0.10846,0.19378,0.18824,0.18328,0.17684,0.16974,0.1635476433157403,0.1572824892687543,0.15101,0.1442,0.13808,0.13279,0.12762,0.12277,0.11766
13-01-2026 11:00,25784.9,0.11114,0.11637,0.1004,0.10533,0.10417,0.10283441307916778,0.10197072166516673,0.10121,0.10136,0.10075,0.10117,0.10206,0.10355858548568053,0.10537,0.19581,0.19000908072666017,0.18426,0.17715,0.17099307148337411,0.16513,0.15832,0.15288,0.14577,0.13983,0.13496,0.12932,0.12416319290219899,0.11948
13-01-2026 11:05,25771.65,0.13216,0.11938,0.12029,0.11747,0.11378,0.11176,0.10907615221425906,0.10724,0.10636,0.10527,0.10501,0.10534,0.10616,0.10809,0.19504,0.18875,0.183,0.176186555808787,0.16977,0.16355,0.15506,0.15072,0.14357,0.1381,0.13278559454454714,0.12739,0.12263,0.1182258625990513
13-01-2026 11:10,25787.85,0.11856,0.10777,0.11044,0.11006,0.10668,0.10586,0.10409,0.10326777949508695,0.10252,0.10135,0.1017,0.10224,0.10371719599954327,0.10541,0.19507,0.18943519788669755,0.18371,0.178,0.17081,0.1648,0.15819,0.15219,0.14495,0.13945,0.13331101534503675,0.12711111845646572,0.12157557997513926,0.11655944871396379
13-01-2026 11:15,25787.55,0.11749081441323019,0.11339839027193999,0.11131,0.10958,0.10777,0.10559,0.10327,0.10223,0.10211,0.10092,0.10121,0.10247,0.1027,0.10501,0.19481,0.18867,0.1835,0.17724,0.17046,0.16354,0.15748,0.15109857763878703,0.14437,0.13874,0.13399,0.12815,0.12386,0.11914876170235361
13-01-2026 11:20,25784.1,0.12704,0.11694,0.11314,0.10838,0.10646,0.10523,0.10245,0.10227,0.10176,0.1009752294732675,0.10077,0.10144,0.10261,0.10482,0.19456,0.18866,0.18282,0.1764,0.16948,0.16327,0.15648,0.15139,0.14396,0.13843,0.13358,0.12827802442016079,0.12338,0.11825
13-01-2026 11:25,25786.2,0.12557,0.12715,0.11235,0.11523,0.11116003723171841,0.10887,0.10572,0.10391,0.10281499856147536,0.10212,0.10196058717544057,0.10209,0.10348929432327064,0.1054,0.19449,0.18884,0.18235362086673346,0.17621,0.16914,0.1625,0.15639,0.1500056273782508,0.14336,0.13753,0.13247364441228648,0.12729,0.12252,0.11716
13-01-2026 11:30,25793.55,0.12837,0.12356,0.11864,0.11516620372854927,0.11179,0.11038,0.10760842221809812,0.10563118210367231,0.1041,0.1031,0.10283,0.10315,0.10381,0.10564,0.19482,0.18945,0.18277,0.17604,0.16887,0.16281,0.15675,0.15086,0.14333,0.13761,0.13242,0.12697,0.12213,0.11706799496772038
13-01-2026 11:35,25814.5,0.11175,0.11079135283783968,0.10854,0.10642,0.10504,0.10288,0.10123,0.09991,0.0997217691826562,0.09904,0.0994,0.10012206546215685,0.10101,0.10290311849313563,0.19785447599874276,0.191065829847601,0.18425,0.1775206353760393,0.17099,0.1641,0.15813,0.15207,0.145,0.13937,0.13446,0.12915080817411864,0.12442,0.11932
13-01-2026 11:40,25811.5,0.09832,0.09934162405350516,0.0983838037383791,0.0976,0.09793,0.09766,0.09684,0.0965,0.09714,0.09663,0.09748,0.09813,0.09936,0.10197,0.19533550187514553,0.18823,0.18403,0.17714,0.17076,0.16403,0.15819,0.1516438270284141,0.14487,0.13994,0.13509,0.12977655583268885,0.12525,0.12026
13-01-2026 11:45,25782.05,0.12434,0.11605,0.11281052084206382,0.10915,0.10828,0.10657,0.10373577394816455,0.10265,0.10178,0.10097,0.10147409744224162,0.10234887604754946,0.10362626586721596,0.10543,0.19360000195440513,0.18644,0.18126,0.17477,0.16779,0.16189,0.15566,0.14976,0.14269,0.1372,0.13206,0.12708,0.12213207918909544,0.11725
13-01-2026 11:50,25785.0,0.0963,0.09354,0.09555,0.09782,0.09939,0.09804,0.09687,0.09688,0.09736,0.09746,0.09849195895255206,0.09941843810977885,0.10052,0.103,0.19372,0.18669,0.18087060856115353,0.17483,0.1686,0.16235153080780151,0.15652,0.15081,0.14368,0.13831,0.13315,0.12814,0.124,0.11875596016124097
13-01-2026 11:55,25762.65,0.13302,0.1138,0.11154568786194263,0.10792075718243882,0.10494,0.10345,0.10155,0.1008,0.10116,0.10053,0.10112,0.10179,0.10305,0.10553,0.19174,0.18471,0.17974,0.17282,0.1664,0.16062555484920815,0.15503,0.14909,0.142,0.13661,0.13176172597049007,0.12661,0.12197584807122298,0.11746
13-01-2026 12:00,25747.9,0.11514,0.11089,0.10672,0.10734,0.10493,0.10426,0.10283,0.10206282954262112,0.10193,0.10157,0.10203,0.10267,0.10395,0.10659,0.19166,0.18595,0.179,0.17203,0.16573,0.15969,0.15404,0.1476222412948306,0.14122,0.13581,0.13089,0.12575,0.12111629912870733,0.11652
13-01-2026 12:05,25735.35,0.11577,0.11249400520024065,0.10927,0.10984,0.1081,0.10654,0.10476787506633221,0.10347,0.10359,0.10292,0.10355,0.10403,0.10514,0.10793,0.191944742734247,0.18497,0.17843,0.17102,0.1647,0.1588,0.15296,0.14659106951588663,0.14019,0.13487778849779802,0.12941,0.12453,0.11984483487297809,0.11497
13-01-2026 12:10,25733.45,0.10922508287637792,0.10744,0.10023,0.10119203546219209,0.10047203992394566,0.09977,0.09999,0.09968,0.10002,0.1002,0.10123,0.10217,0.10362,0.10667,0.19005,0.18343,0.17914,0.17089,0.16596,0.15959,0.15405,0.14803171822281186,0.1421,0.13608,0.13199,0.12692,0.12252419859040006,0.11837
13-01-2026 12:15,25722.55,0.11631,0.11530931883390666,0.11484,0.11267,0.11004,0.10822,0.10634943208766955,0.10475,0.10468,0.10391,0.10394,0.10484,0.10608,0.10749435606134611,0.18896,0.18259,0.17786,0.17174,0.16513416975832845,0.15884813443173282,0.1527,0.14666,0.14003,0.13392,0.12907,0.12386,0.11959,0.11474
13-01-2026 12:20,25724.7,0.10816,0.10535,0.10462,0.10356,0.10227,0.10197649413355928,0.1016,0.10069,0.10113,0.10095,0.10163,0.10244,0.10438,0.10734,0.18941,0.1823,0.17826,0.17131223200180487,0.16474,0.15918,0.15358,0.14819,0.14142,0.1363339205445819,0.13122,0.12589,0.12206,0.11675198630839939
13-01-2026 12:25,25714.0,0.11595,0.12216,0.11939,0.11684,0.11278,0.11090859257378316,0.10864,0.10709,0.10658,0.10555,0.10563,0.1062,0.10724,0.10997,0.18813867835029507,0.18147,0.17615,0.17069,0.16398937299180022,0.15767531128149415,0.15143,0.14512351821428185,0.1385,0.13274,0.12767,0.12243,0.11784,0.11295
13-01-2026 12:30,25723.0,0.11512,0.11016,0.10486,0.10314,0.10241,0.10152,0.10044,0.1004,0.10045245160466412,0.10069,0.1015,0.10234,0.10494863773865373,0.10756,0.18932,0.18302679595364746,0.1768647361176064,0.17074181995151205,0.16464,0.15876,0.15296063599459925,0.14783,0.14097,0.13571084073939382,0.13052,0.12581011779432608,0.12144,0.11704
13-01-2026 12:35,25717.45,0.11999,0.11351,0.11092,0.10715,0.10522,0.10404,0.10306,0.10241862439535601,0.10301,0.10252171508487275,0.10282,0.10392,0.10615873102998814,0.10843,0.18786,0.18227,0.17647,0.16908,0.1635773906293046,0.1577568319485818,0.15204,0.14686,0.14058248577577503,0.13433,0.1295215618567773,0.12435,0.12008,0.11538843968015947
13-01-2026 12:40,25710.25,0.11488,0.10683,0.10567,0.1048,0.10327,0.10239,0.10145,0.10102,0.10138,0.10109,0.1021,0.10339,0.10503,0.10667240728987103,0.18732,0.18124,0.17612,0.1695566486795715,0.16325,0.157555569658631,0.1517,0.14634,0.1406452784616718,0.13509276572817125,0.12958,0.12462,0.12072,0.11613222183704294
13-01-2026 12:45,25702.9,0.09992,0.09957301744386508,0.09852,0.09849,0.09819,0.09857,0.09847,0.09857,0.09981,0.10014,0.10169103515932176,0.10301,0.10528,0.109,0.18883,0.18068,0.1776,0.17041,0.16469,0.15844,0.15306,0.148,0.14121,0.13628,0.13152,0.12642,0.12269,0.11824
13-01-2026 12:50,25667.1,0.10716,0.10802,0.10597492964360886,0.10483315815178518,0.10432,0.10344,0.10262,0.102,0.10292,0.10288,0.10416,0.10557,0.10796,0.11179,0.18652,0.18116860460967682,0.17586,0.16919725424409887,0.16278,0.1572,0.15163,0.14603,0.14033023435378814,0.13461,0.12979,0.12499,0.12093,0.11684
13-01-2026 12:55,25659.75,0.11791,0.11225393802629716,0.10762,0.10619199632119836,0.10512,0.10415,0.1032,0.10271,0.10309,0.10316,0.10454852417280852,0.10613,0.10769514857770923,0.10976019269723872,0.18717,0.18133,0.1743183026515472,0.16686,0.16311,0.1568724645336064,0.15135,0.14546111353603694,0.13966,0.1348083367611029,0.12995,0.12522,0.12060220979745694,0.11615500396999218
13-01-2026 13:00,25645.05,0.10976,0.10878,0.1072,0.10506,0.10368,0.10279,0.10217,0.1016,0.10199,0.10237,0.10408,0.10585,0.10900934419037299,0.11306,0.18672,0.18015,0.1743714697109952,0.16881,0.16108,0.15626,0.15003,0.14537,0.13950654989758177,0.13405109617928967,0.12849,0.12396,0.12001,0.11595
13-01-2026 13:05,25639.05,0.11775718406535278,0.11676,0.11177,0.11205,0.10962,0.10755198335950761,0.10667,0.10521,0.10519,0.10545,0.10703,0.10849,0.11118,0.11390931471620773,0.18741,0.18135,0.17486918774259622,0.16832,0.16258,0.15642,0.1501,0.14493,0.13880252097151843,0.13266,0.12808,0.12301,0.11891,0.11472
13-01-2026 13:10,25669.25,0.10935,0.10859,0.10366,0.10559,0.10406160207018922,0.10302,0.1022,0.10165,0.10215896349660046,0.10236,0.10422,0.10579,0.10817716065944769,0.1105884135761205,0.18893,0.1833529627537019,0.17783,0.17107,0.16414,0.1583,0.15211408672480936,0.14617138092743154,0.14024,0.13511376810888573,0.13015,0.12503,0.12082085601804476,0.11724
13-01-2026 13:15,25650.75,0.12082,0.11121,0.11372,0.11219,0.10964,0.10786,0.10641753013203334,0.10575,0.10531,0.10615466885785972,0.10735929763734373,0.10898649734942122,0.11088,0.11512,0.18857910220937496,0.18215,0.1762443300095527,0.17008966131327252,0.16408,0.15777,0.15168,0.14627,0.1395,0.13446242690353713,0.12934,0.12428,0.11992888896195711,0.11605
13-01-2026 13:20,25659.9,0.1205,0.11694079415152622,0.11406722560223842,0.11136,0.10866,0.10703,0.10566,0.10497124721121603,0.10456,0.10459,0.10609,0.10748,0.10997,0.11309075454084241,0.18846,0.18292,0.17728,0.17132,0.16353,0.15773304314213976,0.15184756674969166,0.1462,0.13927,0.13374,0.1288711451086861,0.12385,0.1194207680368011,0.11548
13-01-2026 13:25,25660.75,0.12224,0.11729,0.11027,0.10601,0.10488756615284414,0.10322,0.10242,0.10167,0.10215,0.10236,0.10404,0.1057,0.10910534374667674,0.11278,0.18901,0.18301,0.17702774675841554,0.17141,0.16450487017084578,0.15805681834924848,0.15166,0.1463,0.14016858442204616,0.13425,0.12888,0.1242,0.12064,0.11627
13-01-2026 13:30,25661.85,0.11661,0.11306,0.11056,0.10951207283769199,0.10907,0.10743,0.10578,0.10449,0.10434,0.10429,0.10545,0.10696,0.10926,0.11328,0.1892386855215903,0.18271,0.17642426428253094,0.17003914001018144,0.16358,0.15744,0.15203,0.14567,0.13872,0.13321,0.12836,0.12335,0.11943,0.11493
13-01-2026 13:35,25679.45,0.11288,0.10962,0.10556,0.1049,0.10328,0.1020585851122084,0.10105,0.1006,0.1008,0.10102,0.10265,0.10423,0.10655,0.11074,0.19079,0.18416,0.17879,0.17237,0.1648,0.1587868636638045,0.1529,0.14733,0.14052,0.13489,0.12990065259308797,0.12491,0.12084,0.11675
13-01-2026 13:40,25665.55,0.11343,0.11269,0.1141,0.11083629196016245,0.1096,0.10759154463753899,0.10591,0.10500563763454233,0.10439,0.10466978566552224,0.10518,0.10639,0.10871,0.11278,0.19068956367613976,0.18305,0.17574,0.17036,0.16171,0.15582,0.14976110199443254,0.14373389956426796,0.13763,0.13215,0.12716,0.12221,0.11834,0.11372
13-01-2026 13:45,25671.3,0.11584,0.1109883440201499,0.10635,0.10582,0.10347,0.10247,0.1015154592559864,0.10104,0.10097496740826822,0.10129,0.10279,0.10425,0.10681,0.11089,0.18758,0.18354,0.1761505052739818,0.16935742039830193,0.16238,0.15706,0.15095,0.1455,0.13879,0.13343,0.12873,0.12374,0.12019,0.11558120218761998
13-01-2026 13:50,25672.15,0.11731,0.11294,0.10877,0.10733,0.10546,0.10394,0.10265,0.10185,0.10203473074061908,0.10238,0.10338,0.10528,0.10765,0.11184,0.18693,0.18363,0.17494,0.16847,0.16229535914219534,0.15629,0.14999776189406305,0.1439676091808882,0.13779,0.1324,0.12742,0.12257,0.11886,0.11428
13-01-2026 13:55,25662.15,0.11435,0.11479,0.1103,0.10871980461253636,0.10766,0.10529,0.10379,0.10312,0.10328342503339685,0.10345,0.10442,0.10618,0.10874,0.11265,0.18616,0.18284,0.17494,0.16855,0.1621340052395429,0.15583812587957702,0.14926,0.14458,0.13805,0.13272,0.12796,0.12314,0.11868846279533202,0.11462
13-01-2026 14:00,25659.5,0.10596,0.10468404021363051,0.10224,0.1033,0.10247,0.10152168635187929,0.1011,0.10064,0.10092,0.10146,0.1032,0.10512,0.10781,0.11198,0.18695,0.1807092819130361,0.17429895576835697,0.16804766984452973,0.16191,0.15622,0.15019,0.14468,0.13900101627740158,0.1334,0.12892,0.12422,0.12043,0.11642
13-01-2026 14:05,25647.55,0.11484,0.1111,0.1089,0.10697,0.1057,0.10424217549832554,0.1034,0.10231,0.10272,0.10298,0.10447,0.10639618337908133,0.10889,0.11162575731607013,0.18578,0.18032299624167303,0.17455,0.16736,0.16127304331944334,0.15533,0.14912,0.1434029924532486,0.13755,0.13214,0.12782,0.12261,0.1193,0.11494
13-01-2026 14:10,25642.55,0.10617105675961444,0.10297,0.10350235519941285,0.10333,0.10191,0.10139,0.1002,0.09978,0.10039,0.10147676646641068,0.10243,0.10455,0.10748,0.11189,0.1854,0.1796,0.17396,0.16696,0.16049,0.15473152864475034,0.14894,0.14389,0.13718,0.13236474554823963,0.12731,0.12244,0.11873,0.11476
13-01-2026 14:15,25631.25,0.11749,0.11278,0.10971,0.10795,0.10585,0.10392,0.10293,0.10226,0.10228,0.10231,0.10395937798501287,0.10586,0.10873,0.113,0.18493005130410783,0.17761,0.17227,0.16603,0.15857,0.1525,0.14705,0.14187,0.13524,0.12995,0.12538716015316018,0.12054,0.11695,0.1122
13-01-2026 14:20,25627.6,0.10951663480809637,0.10613,0.10161,0.10124,0.10023,0.09971,0.09920900735759307,0.09911,0.09991,0.10055,0.10272,0.10495,0.10815,0.11248,0.18352,0.17733,0.17146897736097522,0.16591,0.15892,0.15306,0.14774302853125543,0.14283,0.13634,0.13116,0.12690369968630694,0.12238863256753499,0.11835,0.11427
13-01-2026 14:25,25619.65,0.10956,0.11014,0.1057,0.10475,0.10307112531012702,0.10202,0.10187,0.10119,0.1015191203281707,0.1022,0.10406327066805468,0.10613,0.10918,0.11368,0.18315,0.17736,0.1710047533859141,0.1647158961539227,0.15846803596426282,0.15237,0.14715,0.1413020884728678,0.13566636538662127,0.13005,0.12556,0.12083,0.11741,0.11306
13-01-2026 14:30,25622.55,0.12078,0.12092,0.11681,0.11413,0.11072465192302805,0.10886,0.10725,0.10601,0.10568,0.10572,0.10693,0.10864,0.11153,0.11541,0.18116,0.17762,0.17082,0.16392,0.15739,0.15062,0.14568,0.1398610113607174,0.13404312984503558,0.12828,0.1237,0.11914393438705596,0.11478,0.11123604844694594
13-01-2026 14:35,25644.0,0.12605,0.12063,0.11690015900746395,0.11338,0.11022,0.10835,0.10637,0.10478,0.10446,0.10439,0.10572,0.10762304894004321,0.10998,0.11332287895320342,0.18276802943467285,0.17643,0.17097,0.165,0.1581910189814939,0.15176,0.14553,0.14018,0.13362,0.12835,0.12352,0.11842,0.11481,0.11108117980904014
13-01-2026 14:40,25667.6,0.12795,0.12160555502550893,0.11577,0.11455,0.11093549966265137,0.10854,0.10631365530818618,0.1051,0.10422,0.1038,0.10482,0.10636,0.1087,0.11237,0.18178,0.17905,0.17186,0.16506,0.15835,0.15321,0.14765,0.1415041994637007,0.1356135162096077,0.12977,0.124537122813706,0.11926,0.1152,0.1102
13-01-2026 14:45,25695.95,0.1173,0.1098,0.10739,0.10562,0.10358,0.10225,0.1008,0.10039,0.10053421957324904,0.10091019719039541,0.10123,0.103,0.10582,0.1084266436233534,0.18457,0.18134,0.17374,0.16742,0.16129,0.15552,0.1492,0.14389,0.13759,0.13227,0.12738,0.12243,0.1183,0.11333662466481789
13-01-2026 14:50,25698.45,0.12994,0.121,0.11481,0.11213,0.10844,0.10629,0.1044,0.10284,0.10209,0.10146,0.10196,0.10374,0.10593,0.10922,0.18423,0.18012,0.17396,0.16765,0.16024,0.15479,0.14843838095708306,0.1422229042564634,0.13573,0.13023,0.12503,0.11963,0.11547,0.10993
13-01-2026 14:55,25717.05,0.10227,0.10131,0.10561,0.103,0.10178,0.10055708765515138,0.09903,0.0988051534571561,0.09788,0.09778,0.09901,0.10052,0.10320682164453793,0.10675,0.18874567338182224,0.18243753708640156,0.17615,0.16939741908431813,0.16292,0.15689,0.15041796110262395,0.14432082635974355,0.13826,0.13281,0.1276378293630352,0.12274094773483016,0.11832,0.11284100796026322
13-01-2026 15:00,25754.0,0.06496,0.08771,0.08152,0.08567,0.08764,0.08931810863914941,0.0891,0.08982,0.09066,0.09105,0.0936794868372203,0.09549,0.09849,0.10247,0.18914,0.18407447616462802,0.17916,0.17245,0.16566,0.15874,0.15333,0.14726288103282345,0.14138450829985277,0.13566,0.13092,0.12594,0.12166,0.11629930611545883
13-01-2026 15:05,25708.75,0.12503,0.11954,0.11362103142484578,0.11152,0.10881,0.10605041668827297,0.103074626139198,0.10203,0.10067408329977529,0.1004883045698806,0.10117,0.10258,0.1048,0.1058713672354427,0.18537,0.18125,0.1744487922795628,0.16795,0.16079,0.15474,0.14881,0.1425414798219594,0.13604,0.13057,0.12534,0.1203847400309552,0.1153,0.1098
13-01-2026 15:10,25746.05,0.09601,0.0963607885001729,0.09434,0.09443,0.09456004714770713,0.09393,0.09376,0.09323,0.09365,0.09362,0.09566890921334209,0.09684,0.09966,0.1035,0.18712,0.18273,0.17659319958692024,0.17082,0.16392181658797234,0.15776,0.1515904793773019,0.14567,0.13924,0.13403,0.12887,0.12385299682813566,0.11912,0.11362
13-01-2026 15:15,25745.9,0.09885,0.09442,0.09401,0.0927,0.09307,0.0922452053066808,0.09227,0.09186,0.09225848794914629,0.09258,0.09434,0.09664222832930702,0.09921,0.10175396824052456,0.18778962286043496,0.18117,0.17744,0.17144,0.16469015656645666,0.15878,0.15193,0.1466,0.14093189696860572,0.13531165202956483,0.12982,0.12433,0.11988,0.11427
13-01-2026 15:20,25730.9,0.10596,0.10333893911591682,0.1016,0.09989,0.09812562818563673,0.09735,0.09655,0.09557,0.0959,0.09549,0.09686373049759202,0.09835,0.10097,0.1047,0.18772,0.18262729393119842,0.17737,0.17104,0.16471,0.15815391334247964,0.15139,0.14642,0.13928,0.13342,0.1282599120822782,0.1228,0.11826,0.11245
13-01-2026 15:25,25730.8,0.10125,0.09819,0.09998,0.09608,0.09512,0.09402,0.09398,0.09364,0.09357850056172821,0.09339,0.09456,0.097,0.09919,0.10305,0.19098,0.18082,0.1789,0.17223,0.16751,0.15719,0.15183,0.14633554120750647,0.14019,0.13499597447005593,0.12995,0.12433049269327781,0.11937,0.11379
14-01-2026 09:15,25671.9,0.14959,0.1278508042731763,0.11174,0.10873,0.10765,0.10444,0.10288,0.10173,0.10139,0.10122317160666591,0.10239,0.10433,0.10685,0.10708027544881296,0.19276,0.18752,0.18191,0.17457,0.16868,0.16190820255541624,0.15557885699604368,0.14939,0.1427,0.13707,0.13117,0.12558,0.12053,0.11497
14-01-2026 09:20,25705.8,0.12363,0.12422,0.11267,0.10689,0.10436,0.10267,0.10126,0.10015,0.09998,0.09974,0.10063,0.10243,0.10524,0.10877,0.19452,0.18877,0.1834,0.17630139766127692,0.17003,0.16326,0.15622,0.15001,0.14306,0.13778,0.13156,0.12589,0.12102,0.11552
14-01-2026 09:25,25717.85,0.13317,0.12666907980065426,0.12118,0.11356,0.11106,0.10716,0.10495,0.10343,0.10229,0.10186,0.10202,0.1036,0.10598,0.10868002526589075,0.19526,0.18932,0.18281867263228313,0.17644,0.1696420461909975,0.16311,0.1565,0.14991,0.14267,0.1369756444215566,0.13089,0.1248,0.11955,0.11384
14-01-2026 09:30,25746.8,0.11272,0.10267,0.10078,0.10024,0.09959,0.09806,0.09683,0.09616,0.09616,0.09601,0.09788820562408926,0.09916,0.1019,0.10430995075033904,0.19779135454604577,0.19149,0.18542611452856705,0.17952,0.1719,0.1657,0.15915,0.15275,0.1462453017522269,0.14006312244911417,0.13387,0.1279,0.12301,0.11723
14-01-2026 09:35,25737.05,0.1012,0.11807,0.10043,0.10149464000245821,0.10049,0.09946,0.09825,0.09723,0.0971,0.0968,0.09815,0.09997,0.10249050506163523,0.10598,0.19606,0.19023,0.18416252116887966,0.17832,0.17179,0.16502,0.15814,0.15237,0.14522,0.1392,0.13298,0.12733,0.12206,0.11653
14-01-2026 09:40,25712.25,0.12103,0.10667,0.10128,0.10084819011598327,0.09942,0.09791,0.09639645662367867,0.09656,0.09661,0.09664,0.09797,0.09991,0.10275,0.10669,0.19514244860962734,0.18821,0.18239752194895115,0.17641,0.16968362418987962,0.16299,0.15661,0.15045,0.14342,0.13773059526592396,0.13182058556366638,0.126,0.12059577623443721,0.11525
14-01-2026 09:45,25691.85,0.10661,0.10863,0.10507442088830722,0.10313,0.10168,0.10053,0.09893,0.09828,0.09847,0.09854,0.09988,0.10168,0.10453,0.10839,0.19245,0.18703,0.18192,0.17525,0.16891,0.162326531676667,0.15581697920653237,0.14933167914781878,0.14288641846169514,0.13627,0.13052,0.12473,0.11991,0.11441
14-01-2026 09:50,25701.2,0.13812920161516754,0.1321595038484733,0.1298,0.12353,0.119,0.1145,0.11092,0.10787,0.10619,0.10517,0.10541,0.10623,0.10824715195854309,0.1114,0.19400349861022748,0.18752832717304274,0.18082,0.17434,0.16731,0.16093,0.15422,0.14807,0.1413237345220002,0.13451,0.12822,0.1222,0.11692,0.11055
14-01-2026 09:55,25759.55,0.09956,0.08438,0.08875,0.09669,0.09529,0.09431,0.09485,0.094,0.0947420446463183,0.09393,0.09574,0.0974,0.1,0.10384,0.19687,0.19168,0.1855,0.17851833091440134,0.17221,0.16596,0.15952,0.15273,0.14534,0.13975,0.13392,0.1281,0.12319,0.11744
14-01-2026 10:00,25727.85,0.12568,0.11977,0.10681,0.10393664045955282,0.10037,0.09973,0.09769,0.09675,0.09648,0.09671588360435852,0.09783,0.09918,0.10196,0.10419281978902008,0.19351,0.1891,0.18206392021269652,0.17525,0.16857,0.16202,0.1558025356002321,0.14942,0.14235,0.13666,0.13071,0.12522,0.12026,0.11539213966340248
14-01-2026 10:05,25713.6,0.11955,0.11429723974938902,0.10911067781894151,0.10489,0.1025,0.09999,0.09863,0.09749,0.09764,0.0975,0.09895592270983827,0.10093174162686842,0.10349181675554747,0.10655,0.19239,0.18795,0.1817,0.17426,0.16809,0.16112,0.1554,0.14851,0.14223870562702945,0.13578,0.13014300537667203,0.12439,0.11892129331213167,0.1136
14-01-2026 10:10,25697.45,0.12007,0.11399,0.11006277477653298,0.10673,0.10364109404581494,0.10127,0.09953,0.09863,0.0985,0.09833,0.09982,0.10177,0.1044008411400461,0.10784,0.19167,0.18665,0.18014656754767377,0.17391,0.1671816438507051,0.16068,0.15396,0.14766586340804236,0.14135862928369936,0.1349,0.12901,0.12333,0.11843,0.11254
14-01-2026 10:15,25696.35,0.10410320942977866,0.0986,0.10025,0.09845,0.09729271441764659,0.09617,0.09559,0.0957583274902353,0.09583,0.0962,0.09798,0.10004,0.10297,0.10684,0.1927,0.1873,0.18138,0.1744893340435359,0.16823,0.16044,0.15501,0.14858,0.14157,0.13597,0.13009,0.12453,0.1192848843966517,0.11447
14-01-2026 10:20,25678.3,0.10372,0.10513,0.10303,0.10104045535090224,0.09990758855016178,0.0984683960362168,0.09755642630765599,0.09691,0.09739,0.09767,0.09961,0.10116,0.1043,0.10822,0.19099,0.18559,0.17988,0.17309,0.16643137264540667,0.15996,0.15296,0.14653,0.13984,0.1342224511545535,0.12823,0.12243,0.11736378721558037,0.11263
14-01-2026 10:25,25683.35,0.11226,0.1016,0.10787,0.10482,0.10177,0.10035,0.09895,0.09843,0.0983,0.09920190609781009,0.10042644977437752,0.10186,0.10479408610889342,0.10844,0.1924991196928692,0.18579,0.1799,0.17316,0.16608,0.1597016705140576,0.15358,0.14678,0.13968,0.13383,0.12811,0.12257,0.11735750818167115,0.11239
14-01-2026 10:30,25678.05,0.11950189707620021,0.11626,0.10899,0.10656,0.10338,0.10162,0.09964,0.0987,0.09904,0.09899,0.10027,0.10246,0.10523,0.10834372152671932,0.19074,0.1851160081431813,0.17910729951442195,0.17312,0.16651,0.15966,0.15311,0.14679,0.1393,0.1336914339291404,0.1278489934713544,0.12215,0.1173,0.11211577395428625
14-01-2026 10:35,25689.95,0.10832,0.09949,0.10136,0.10068,0.09863330111925234,0.09734932579222542,0.09648,0.09581,0.09623,0.09635,0.09811,0.10058539275571532,0.10299,0.10671,0.19281,0.18702669680214903,0.18115,0.17454,0.16705,0.16122,0.15424559236407775,0.14768,0.1408,0.13481,0.12932,0.12382,0.11923,0.11379
14-01-2026 10:40,25691.8,0.11136,0.10538970001425697,0.10051,0.10065,0.09849555677720379,0.09689,0.09613,0.0955,0.09586,0.09625,0.09803,0.10059947718709736,0.1033,0.1062954074735873,0.19114458934374534,0.18382,0.18047,0.17348950280541275,0.16723,0.15981,0.15412,0.14775,0.14032,0.13492,0.12911,0.12368,0.11915,0.11372
14-01-2026 10:45,25665.9,0.12,0.12893,0.11886837448217646,0.11447,0.11121,0.10756,0.10468,0.10287,0.10243,0.10173,0.10276,0.10481,0.10705,0.11056,0.18956,0.18173,0.1769147160492488,0.17155,0.16428,0.15752,0.15107,0.14471,0.13831675170842384,0.13147,0.12584224920038078,0.11951,0.11485,0.10912
14-01-2026 10:50,25695.5,0.11713659787295977,0.11226,0.10916823548789525,0.10709,0.10433,0.10152,0.10013473132273037,0.09879,0.09854,0.0981,0.09968,0.1015,0.10402,0.10765,0.19225,0.18417,0.1797288950202063,0.17509,0.16724,0.16042987283845006,0.15422,0.14724,0.14014,0.13414,0.1285675016515611,0.12272,0.11782,0.11208
14-01-2026 10:55,25706.35,0.1258159187614282,0.12225,0.1192,0.11476,0.11089,0.10792,0.10453,0.10279,0.10175,0.10116,0.10130445378362751,0.1029479317681392,0.10572436258115428,0.10979561765214896,0.19233,0.18808,0.18066,0.17386,0.16693,0.16001,0.15406,0.14736,0.14067182819408428,0.13401,0.1278,0.12218,0.11665605004728949,0.11133
14-01-2026 11:00,25720.95,0.12452,0.11411,0.11064,0.11044,0.10585,0.10416,0.102,0.10027,0.09959,0.09970360231046413,0.09964,0.10152175416760217,0.1034,0.10674,0.19353,0.1893,0.1819,0.17499077716337436,0.1684,0.16132,0.15525,0.14887,0.14143,0.13526,0.12984,0.12359,0.11881,0.1133
14-01-2026 11:05,25733.0,0.10822,0.1061636203840533,0.10324,0.10313,0.10013,0.09901,0.09724,0.09648,0.09670883842433525,0.09703586823537236,0.0972,0.09934116240590321,0.10148,0.10476,0.19424,0.18756,0.18196749541291232,0.17638,0.16928,0.1629,0.15666,0.14987,0.14271,0.13656,0.1310395322486849,0.12527,0.1207,0.11524
14-01-2026 11:10,25729.2,0.11592542600071234,0.11287,0.1085,0.10339,0.10069,0.10064,0.09866,0.09713,0.09661,0.09677,0.09802,0.09974,0.10185,0.10552,0.19367,0.18728,0.18148676273571102,0.17587,0.1686,0.16199506773719416,0.15559,0.1489138305072173,0.14213,0.13557,0.13036,0.1245,0.11983,0.11424
14-01-2026 11:15,25736.25,0.1227,0.11967,0.11314,0.10929511837435618,0.10627,0.104,0.10119265942490215,0.09912,0.09829179110945463,0.09792,0.09883,0.10029,0.10227,0.10531,0.19426,0.18787,0.18279,0.17572646607414744,0.16923,0.16244874497812067,0.15580562018337316,0.14927393101007067,0.1427235220363864,0.13617,0.13027,0.12416,0.11944,0.11401
14-01-2026 11:20,25743.15,0.11527,0.11055165898629757,0.10532,0.10387,0.10130866017762866,0.09925,0.09729829832286635,0.09618,0.09572,0.09558,0.0966,0.09831,0.10072,0.10436,0.1970111708260524,0.19036600916030696,0.18407,0.17689,0.17059,0.16352,0.15673,0.1506,0.14375814002415277,0.13718,0.13141659405074915,0.12569,0.12109,0.11561202291058416
14-01-2026 11:25,25735.0,0.14145,0.13595,0.12687761209599688,0.12083,0.11546,0.11145,0.10785,0.10508,0.10308,0.1017,0.101783526740548,0.1029,0.10451,0.10766,0.19335,0.1882145749118582,0.18274,0.17581,0.16879,0.16249,0.15525,0.14864,0.14139,0.13541673985168928,0.12887,0.12339157506147266,0.11791,0.11163
14-01-2026 11:30,25773.9,0.10956,0.10874991032909448,0.10518,0.10342,0.10105,0.0986,0.0976379503110483,0.09597,0.09582851233464214,0.09497,0.09599,0.09744,0.09956,0.10308,0.19735,0.19179,0.18553,0.17783,0.17141108587945492,0.16500321132746135,0.15857017319524264,0.15251,0.14556,0.13901,0.13326,0.12717,0.12149818066953577,0.11643
14-01-2026 11:35,25764.1,0.11427,0.11474,0.10436,0.10374295234415495,0.1021,0.0997144902882679,0.09823,0.09693,0.09634,0.0963687496090972,0.09686,0.09809,0.10014,0.1038,0.19601,0.19032227067244734,0.18427,0.17768,0.17075,0.16422,0.1573138533416287,0.15075550735406795,0.14378,0.1379219720738774,0.13173,0.12584,0.12078,0.11543666832856118
14-01-2026 11:40,25766.75,0.11206,0.11197,0.10283,0.10151419803811443,0.0993186795856637,0.09738,0.09612,0.0951,0.09438,0.0944,0.09522,0.09699,0.09938,0.10222599072389536,0.19566,0.1903040324965295,0.18452,0.17749,0.1708,0.16376,0.15815,0.15119,0.14392,0.13791,0.13182,0.12638,0.12158,0.11576
14-01-2026 11:45,25761.25,0.11673,0.1271,0.12184,0.11623,0.11043,0.10852,0.10507,0.10246,0.10073,0.0992,0.09968,0.10056,0.1020818020561786,0.10536,0.19642,0.19028444949177065,0.18385,0.17684,0.16996,0.163279337196855,0.15673,0.14993730462552524,0.14317,0.1364,0.13012,0.12415,0.11887,0.11271
14-01-2026 11:50,25775.3,0.11506,0.114,0.10875,0.10564,0.10242,0.10052972718726222,0.09858100047980128,0.09677,0.09612,0.09608408643920445,0.09608,0.09743,0.09925,0.1031,0.19669,0.19148,0.18503,0.17804,0.17138,0.16455,0.15768,0.15144,0.14437,0.13776,0.13182,0.12587,0.12084,0.11470451012409061
14-01-2026 11:55,25774.6,0.11416830258936772,0.11031,0.10639,0.10405,0.10135866911986349,0.09915,0.09762,0.09612,0.09519,0.09483,0.09565,0.09697,0.099,0.10248,0.19695,0.19145,0.18547,0.17822,0.17136253693394427,0.16469,0.1578959134151372,0.15125,0.14432,0.1376,0.1318750652889157,0.12598,0.12121,0.11488
14-01-2026 12:00,25786.0,0.11914,0.11363,0.10792,0.1031,0.10041,0.09901,0.09688,0.09496,0.09519,0.09431,0.09502,0.09632,0.09834,0.10177,0.2001491314230756,0.19369,0.1862,0.1792,0.17253,0.1657,0.15901003179081247,0.15274,0.14553,0.13882,0.13311,0.12642329102917338,0.12038030283548563,0.1141373687352451
14-01-2026 12:05,25782.1,0.09027,0.09366,0.0915,0.09297,0.09146,0.09081,0.09084,0.09005,0.09074,0.09041,0.09152,0.09303,0.09522,0.09786086647429075,0.19731,0.1934,0.1859,0.1789,0.17183,0.16591,0.15901549721994301,0.15254,0.14574522752054042,0.1388,0.13323,0.12721,0.12212,0.1165
14-01-2026 12:10,25757.05,0.10055,0.10634,0.09609,0.09666,0.09423,0.09342,0.09262,0.09199466274229903,0.09217,0.09183,0.093,0.0949121983826199,0.09712,0.10096,0.19533,0.18983,0.18385,0.17681,0.1701,0.16392,0.15708001502053162,0.15027,0.1439399735206412,0.13719,0.131670218846315,0.1260229223542436,0.12074,0.11555529207778972
14-01-2026 12:15,25735.55,0.13328,0.12758,0.1184,0.11589,0.11096,0.1068,0.10404,0.1013,0.10004,0.09863,0.09886,0.09992,0.10181,0.10350994251317522,0.19479,0.1881,0.18209,0.17545,0.1684862941735297,0.16153,0.15534,0.14846,0.14112,0.13424,0.12862567862136515,0.12224,0.11707,0.11081
14-01-2026 12:20,25771.55,0.1023,0.10265400875524318,0.1001,0.101,0.09756,0.09538,0.09424,0.09268,0.09315,0.09221,0.09321,0.09496,0.09752125171364974,0.10063,0.1980411977489268,0.19127802001135585,0.18486,0.17808,0.17138,0.1647,0.15779,0.15149,0.14413,0.1375,0.13194,0.12591,0.12073,0.1149
14-01-2026 12:25,25768.3,0.1056,0.09486,0.09630305512228343,0.0955530239380521,0.09506,0.09382,0.09249,0.09173879502403492,0.09157,0.09139,0.09257,0.0943,0.09665,0.1007,0.19718,0.19055,0.18462,0.17826,0.17113,0.16479,0.15784,0.1510201763476123,0.14397,0.13743,0.13211,0.12609,0.12103,0.11485
14-01-2026 12:30,25761.1,0.11558,0.11165,0.10489,0.103,0.10078,0.09835,0.09601217187899147,0.095,0.09442,0.09373,0.09423,0.09629912506855338,0.09863363595235927,0.10178,0.19663,0.19052929752388637,0.18428,0.17767,0.17053,0.16387642421280346,0.15721,0.15086,0.14382,0.13687,0.13141,0.12554839100537452,0.11991,0.11385
14-01-2026 12:35,25772.4,0.10931,0.10556506750807992,0.10127,0.10023159199633147,0.09876,0.09708,0.09512,0.09412102141531792,0.09361,0.09275,0.09373,0.09505,0.09732,0.10095,0.19727,0.1911012530494717,0.18476,0.17821,0.17132,0.16501,0.1584,0.15149,0.14413,0.13741,0.13187,0.12605,0.12072,0.11455
14-01-2026 12:40,25773.6,0.10821,0.10386,0.09096,0.09282,0.09216,0.09167,0.09025,0.09012,0.09045,0.09024,0.09158,0.09359,0.09584,0.09976,0.1968,0.19185,0.18489,0.17812,0.17105,0.16496,0.15756,0.15147,0.14452,0.13765,0.1325,0.12644,0.12137,0.11562
14-01-2026 12:45,25759.5,0.11368,0.11393,0.09807,0.09706,0.09548043087514249,0.09363413980258553,0.09285,0.09254,0.09219,0.09209,0.09296,0.09488,0.09709,0.10092,0.1954,0.18913,0.18278,0.17652,0.16967,0.16304,0.15649,0.15006,0.14284,0.13609,0.13091,0.1249,0.11999,0.11407
14-01-2026 12:50,25748.9,0.10486,0.10811,0.10082,0.09988,0.097,0.09505,0.09366,0.09266,0.09275,0.09235,0.09354,0.09530219918453466,0.09774,0.10073860109901847,0.19487,0.1883,0.18241,0.17587,0.16858,0.16249,0.15557,0.14939,0.14237,0.13565,0.12996,0.12458282217246064,0.11933,0.11358
14-01-2026 12:55,25745.55,0.11091,0.10232,0.10093,0.1015,0.09815,0.09708,0.09539,0.09436,0.09441,0.09361,0.09441,0.09609,0.09843,0.10213,0.19463,0.1884755935611912,0.18215,0.17539,0.16871,0.1620017592717492,0.15545,0.14925,0.14182,0.13512,0.12983,0.12381,0.118210523602721,0.11285
14-01-2026 13:00,25748.1,0.09798,0.10045,0.09834235915917816,0.09678,0.09641,0.09473635724007677,0.0933714074175118,0.09184,0.09217,0.09207,0.0934111178967751,0.09503730604080338,0.09743,0.09961271742062817,0.19456,0.18828,0.18215,0.17563,0.16856,0.1621,0.15553,0.1495,0.14233,0.13647823676577586,0.13058,0.12426,0.1192,0.11346
14-01-2026 13:05,25745.45,0.11027,0.10808,0.10248,0.10342,0.10022,0.09776,0.09584767065897794,0.09438,0.09415,0.0935,0.09473673048922523,0.09624733080283208,0.09809,0.1023,0.19438,0.18967,0.1823288122465831,0.17543,0.16875,0.16242,0.1557642534720378,0.14955,0.1421,0.13525,0.12981259159974884,0.12406826561296189,0.11864,0.11245
14-01-2026 13:10,25759.75,0.10591,0.09930978392581995,0.09268,0.09214,0.09087,0.09034,0.0893908879366005,0.08915843154053091,0.08954,0.08952,0.09095,0.09299,0.0962381059460371,0.09952,0.19555,0.18954,0.18286283382437277,0.17643,0.16959,0.16298,0.15629,0.14989,0.1434106571463376,0.13702369086004496,0.13063,0.12488771015716053,0.11923,0.11368
14-01-2026 13:15,25750.25,0.10629288809180798,0.10412,0.09486,0.09505,0.09304084541360068,0.09183,0.09094,0.09045,0.09071,0.09132783524713675,0.09256565769840445,0.09384,0.09639,0.1006,0.19451,0.18906,0.18195531073194698,0.17521,0.168,0.16181,0.15514,0.14846,0.1419821475113496,0.1353,0.1296299735326742,0.1237,0.11871,0.11297
14-01-2026 13:20,25735.95,0.09467310182094929,0.09088,0.09116,0.08927,0.08931,0.08892,0.08832,0.0886629293400659,0.08918,0.08953,0.091,0.09341,0.09618,0.10013,0.19369,0.18739,0.18099,0.17447,0.168,0.16147,0.15478140988846184,0.14818,0.14151,0.13572821115847694,0.1298,0.12438549761716441,0.11922,0.1135
14-01-2026 13:25,25715.5,0.10646336374787183,0.10317,0.09996,0.09726,0.09524895676946246,0.09414,0.0929,0.09245,0.09268,0.09269,0.09386,0.09613,0.09781955566296723,0.10084803202293414,0.19148,0.18548,0.17932,0.17271586102961656,0.16606,0.16005,0.15318,0.14687,0.13997,0.13417071692999621,0.12802,0.12254820966015201,0.11702,0.11145
14-01-2026 13:30,25717.15,0.09753363708979745,0.09475,0.09061,0.09135,0.09055,0.0899108883319919,0.08954,0.08944,0.09027,0.09078,0.09261,0.09503,0.09794,0.10074616278438671,0.19223,0.18563,0.17948,0.17315,0.16620608210214477,0.15956909425281685,0.15304,0.14662,0.14002,0.13347,0.12811,0.12246,0.11762,0.11212
14-01-2026 13:35,25708.2,0.05948,0.07823,0.08042,0.08138411114311167,0.08287,0.08485487377447716,0.08537,0.08643,0.08774,0.08909,0.09137,0.09426,0.09755,0.1022,0.19065,0.18439,0.1780995313711401,0.17167171269835357,0.16508,0.15979,0.15256,0.14732,0.13992,0.13409,0.12937,0.12376,0.11973,0.11432189837048132
14-01-2026 13:40,25665.9,0.10071,0.09837,0.09493,0.09387,0.09312,0.09264,0.09251,0.09227,0.09331,0.09393,0.09605,0.09887,0.10199,0.10476429463545339,0.18757,0.18096,0.17549,0.16884,0.16204,0.1559,0.14907,0.14353,0.13648,0.13084,0.12553,0.12008,0.11569,0.1107
14-01-2026 13:45,25656.25,0.10367,0.10529,0.10160374858587148,0.0999,0.0979,0.09681,0.09591,0.0953,0.09579,0.09621,0.09822363990707832,0.10077017584068784,0.1039281103935715,0.10792,0.18711,0.18019,0.17471,0.16805691085380758,0.1615782544949125,0.15523,0.14877147825615417,0.14238,0.13633637924056588,0.13036890873417684,0.12456194110418643,0.1186,0.11398,0.10875
14-01-2026 13:50,25665.25,0.08603,0.08404,0.0862531826131154,0.08744,0.08773780007036573,0.08812,0.08863,0.08953,0.09086,0.0925,0.095,0.09836374807490425,0.10184,0.10613,0.18786,0.18174,0.17618,0.16967,0.16278,0.15688,0.14995,0.14441,0.13772,0.13229,0.12693,0.12203,0.11809,0.11319
14-01-2026 13:55,25642.0,0.10067268801840686,0.10086,0.09857,0.09824,0.0967,0.09515,0.09469,0.09448,0.09544,0.09621,0.09832393925038845,0.10106,0.10456,0.10902,0.1874408348691581,0.18037,0.17471,0.16832,0.16115,0.15548,0.14814,0.14237,0.13614851597559052,0.12968,0.12442,0.11962074375452071,0.11485,0.10964
14-01-2026 14:00,25653.3,0.09106,0.09305,0.09194,0.09174,0.09191,0.0917,0.09176,0.09207,0.09317,0.09423,0.09663,0.0998,0.10317,0.10783,0.19061042058106878,0.18312027887406596,0.17613,0.16951,0.16215,0.15569,0.14923743759306252,0.14304542633056513,0.13705,0.13132,0.12603,0.12032,0.11666,0.11162
14-01-2026 14:05,25642.2,0.10690523195410154,0.10608,0.10346,0.1008,0.09905,0.09723760176299827,0.09658,0.09616965180116963,0.09667,0.09731,0.09943,0.10212,0.10515,0.10957,0.18748,0.18169,0.17503489352190454,0.16858,0.16157,0.1551457304311217,0.14877,0.14293,0.13565,0.13023364758008468,0.1246319417288125,0.11904,0.11449,0.10944
14-01-2026 14:10,25650.55,0.11123,0.10818,0.10361,0.10363,0.10124,0.09871647786425441,0.09766,0.09692,0.09754,0.09775,0.09953,0.1022,0.10529,0.10937,0.18791,0.18165,0.17572,0.16891,0.16199369277477352,0.15548,0.14853,0.14219,0.13568,0.129,0.12361586666673881,0.11783,0.1132,0.108
14-01-2026 14:15,25666.25,0.09477,0.09327935125651629,0.09021,0.09398,0.09103,0.09079,0.09055,0.09152391194886754,0.09249245657377998,0.09333,0.09585,0.09888,0.10243,0.10665020806274039,0.1892,0.18297,0.17661,0.17028,0.16316,0.15707,0.15028,0.14447,0.13784829378912203,0.13139,0.1261,0.12108,0.11656,0.11181
14-01-2026 14:20,25637.25,0.09594,0.09529,0.09429,0.09333,0.0932,0.09245,0.09228,0.09263,0.09413,0.09507,0.09762,0.10069,0.10407,0.10859,0.18715,0.1816,0.17531,0.16882,0.16174,0.15595,0.1494436165576542,0.14326,0.13611,0.13071,0.12553,0.12063378926691061,0.11614,0.11151948405522907
14-01-2026 14:25,25618.75,0.11219,0.10809,0.10566,0.1036,0.10101448391898682,0.09998,0.09881,0.09824,0.09913,0.10014930636032332,0.102,0.10473,0.10795,0.11216,0.18735839720908012,0.18008,0.17398,0.16744,0.15996,0.15398,0.14712,0.14151,0.13442,0.12884,0.12349,0.11826,0.11355,0.10886
14-01-2026 14:30,25626.9,0.10999,0.11111,0.10666982513956921,0.10374,0.10118,0.09924,0.09838,0.09794,0.0985624019751301,0.09947807864649952,0.10151,0.10444,0.10856115479654388,0.11388222361843721,0.18745,0.18125392714627114,0.17513,0.16836,0.16088,0.15438614644714804,0.14774,0.14150826922693743,0.13513,0.12921,0.12382,0.11804,0.11302229506641434,0.10828926796010759
14-01-2026 14:35,25635.8,0.12229,0.11516,0.11152,0.10748004627261995,0.10454,0.10167,0.10004,0.0994158790339611,0.09944,0.09981,0.1019,0.10451,0.10777638092456791,0.11165,0.1871,0.1813,0.17471309136880997,0.16836,0.1615,0.15477544613526756,0.1483,0.14255,0.13502,0.12908,0.12364,0.11828,0.11329,0.10781
14-01-2026 14:40,25660.55,0.11727,0.10852,0.10624808553804066,0.10285,0.10016,0.09882,0.09738475821318532,0.09656,0.09711,0.09738,0.09949,0.10216,0.10515,0.10935,0.1897,0.18509,0.17715,0.17051,0.16369,0.15675237882908755,0.1501226182947738,0.1435600170303239,0.13687,0.13090021147869813,0.1250654829765928,0.11945,0.11414870045845778,0.10926
14-01-2026 14:45,25696.2,0.10274,0.09888,0.09891300493436267,0.09740190300158333,0.09661,0.09562,0.09479040298130179,0.09361,0.09452,0.09631740910158951,0.09819572870035816,0.10048175222360663,0.10308,0.10702,0.19234,0.18584,0.17971,0.17297,0.16607,0.16036,0.15297,0.14616160819559904,0.13961,0.13304,0.1273135979712035,0.12184,0.11678,0.11095956171413346
14-01-2026 14:50,25697.1,0.10753642875548663,0.10479,0.10023,0.09933,0.09631,0.09495573182885783,0.09426928380310362,0.0936,0.09423,0.09482,0.09688,0.09954041038972694,0.10241,0.10623,0.19216,0.18568,0.17935,0.17286,0.1656,0.15962,0.15284382244250438,0.14629,0.1398026462542526,0.13314,0.12776,0.12217774901189338,0.11689,0.11105
14-01-2026 14:55,25696.05,0.09894,0.09674196502057245,0.09438475039744633,0.09216,0.09141952581648029,0.09065,0.09068,0.09041,0.09135,0.09226,0.09483,0.09741,0.10087435586929275,0.10479,0.19065,0.18713,0.17834,0.17206206026795065,0.1654685755700856,0.15886,0.15208,0.14621,0.13945550500574014,0.13274,0.12727596892688156,0.1217,0.11692,0.11176354648862614
14-01-2026 15:00,25666.15,0.10545,0.10721,0.10359,0.10214,0.09894,0.09703,0.09599241828939087,0.09541,0.09563,0.09602,0.09841,0.10077,0.10414,0.10821,0.18941,0.18161,0.17703,0.17046,0.16314,0.15673443880331442,0.15014,0.14397,0.13713,0.13142475963964123,0.12537,0.11968,0.1144,0.10874
14-01-2026 15:05,25690.25,0.07851,0.09021,0.08915,0.09128,0.09116,0.09067,0.09081,0.09139,0.09267,0.09359,0.09631,0.09919294229549921,0.10261,0.10675,0.19082,0.1848736976012287,0.17908,0.17234,0.16507,0.15907,0.15245382828796566,0.14637,0.13923,0.13364,0.12816898863579362,0.12283,0.11837,0.11334
14-01-2026 15:10,25672.65,0.09847,0.09817,0.09722,0.09567222368510804,0.09517,0.0947,0.09444,0.09436,0.09494,0.09609,0.0983648747609713,0.10099,0.10445,0.10834,0.18913,0.18298,0.17669,0.16992117624907352,0.16318,0.15736,0.15017,0.1442865918832708,0.13802,0.13231,0.12719,0.12214362111482703,0.11733,0.11239
14-01-2026 15:15,25654.0,0.11178,0.10719,0.10592,0.10228679609691546,0.10052,0.09908,0.09815,0.09761788810477348,0.09775,0.09888922152301433,0.10062,0.10284,0.10571,0.11003,0.1885,0.18147,0.17584,0.16886,0.16139,0.15588,0.14927467309637532,0.14301,0.13577,0.13066461681260155,0.12509,0.11969,0.11511,0.11055129671484742
14-01-2026 15:20,25659.6,0.11563,0.1131,0.10901,0.10678,0.10388,0.10162,0.10026,0.09934,0.09887,0.09987399603022351,0.10162,0.10391120025341682,0.10682926380495136,0.11045,0.18926,0.18298,0.17657,0.16936,0.16209,0.15706,0.14917,0.1430390450710552,0.13668,0.13113,0.12553063025952244,0.11996,0.1153,0.11002
14-01-2026 15:25,25670.6,0.10831874100719578,0.10381,0.10346,0.10035,0.09914,0.0972,0.09624,0.09617,0.09556,0.09666,0.09979,0.10179,0.10556789037077463,0.11041534916500673,0.19156,0.1846924626430732,0.17797,0.16772,0.1662,0.15985,0.15004,0.145,0.1391311648692136,0.13353,0.12719,0.12262,0.1184,0.112754939927674
16-01-2026 09:15,25709.45,0.14811,0.13601,0.13172,0.12472,0.11844,0.11432,0.11076,0.10759,0.10556043640380246,0.10490160805099048,0.10516,0.10618,0.10852,0.11261,0.19829,0.19189,0.18628,0.1783062457885287,0.17140771722382536,0.16426221548868436,0.15732,0.15113,0.14345,0.13686,0.1307207408038195,0.12493,0.11897201830942054,0.11341
16-01-2026 09:20,25731.8,0.12577319797795322,0.11626,0.11218667769237894,0.10672,0.10463,0.10220056830238988,0.09945,0.09803,0.09734978526947899,0.09736,0.09879,0.1004,0.10317,0.10711,0.2002,0.19314,0.18643,0.17801420519735567,0.17063,0.16466,0.15785202149361766,0.15158,0.14449118678670636,0.1377,0.13216,0.126,0.12057551370865373,0.11561
16-01-2026 09:25,25713.95,0.13856,0.1294245734351711,0.12231,0.11478,0.11052824517452353,0.10721,0.10394,0.10164,0.09945,0.09887,0.09971,0.10115280296538437,0.1032,0.1062455485568581,0.19718,0.19095,0.183,0.17458,0.16717,0.16118,0.15412,0.14773,0.14124610087794273,0.13493721356095,0.12856,0.1223,0.11729,0.1114
16-01-2026 09:30,25717.25,0.12074,0.11467,0.10708,0.10597571107369175,0.10414,0.10064336154336015,0.09836,0.09654481901736392,0.09547993830954041,0.09457,0.09555,0.09727,0.09987,0.10408,0.19637087549686955,0.18833,0.1813,0.17333,0.16636,0.15955638943639372,0.1528096938203935,0.14636,0.13917,0.13305,0.12774,0.12221866451432392,0.11695,0.11190507672488119
16-01-2026 09:35,25703.5,0.12154,0.12388,0.11176,0.10671,0.10359,0.10087,0.09855,0.0969,0.09574,0.09533,0.09651,0.09864683939186453,0.10139310780709104,0.10491,0.19475,0.1872,0.1815,0.1739623325769259,0.16685219645894328,0.16004,0.15277,0.14565,0.13886,0.13325,0.12742385492954117,0.12168,0.11707,0.1120708434369377
16-01-2026 09:40,25700.0,0.14571,0.13989,0.1281,0.12149,0.11634,0.11163,0.10743,0.10348689897431264,0.10102,0.09973,0.09978,0.10071,0.10264,0.10528714108287322,0.1957,0.18768,0.18089,0.17314,0.16618578929861544,0.159332067346842,0.15311,0.14438,0.13719,0.13049,0.1244,0.11798,0.11307,0.10711
16-01-2026 09:45,25718.5,0.13848,0.13252,0.12610736254344035,0.12012,0.11514,0.11078,0.1061,0.1033,0.10148863328108554,0.1001653632298527,0.09937,0.10053,0.1021,0.10583,0.19647,0.1898284359364427,0.18317,0.17508,0.16795,0.16145,0.15485,0.14655320539704456,0.13866,0.1313,0.12556194283128244,0.11939845711062548,0.11363,0.1077
16-01-2026 09:50,25745.0,0.13175,0.12499,0.11837,0.11361135657995328,0.10908803627091568,0.10519025392053478,0.10179848358590186,0.09899,0.09716650911580467,0.09574,0.09639666072720332,0.09708,0.09913,0.10256,0.19912,0.19259513295865802,0.18614,0.17893,0.17153266788822874,0.16483,0.15817,0.14905,0.14158,0.13425,0.1278,0.12151885858546463,0.11573,0.10952
16-01-2026 09:55,25750.1,0.12116,0.11638481564439193,0.11139984926394834,0.10724038050746344,0.10247,0.09998561908360337,0.09694,0.09519285357904417,0.09401557351881165,0.09265,0.09316,0.0946,0.09668978426164435,0.09912552313756685,0.2005907615349448,0.19348,0.18657834682110752,0.1794,0.1721617657216225,0.16556,0.15846,0.15031172500515214,0.14261,0.13492,0.1286,0.12220177937942717,0.11625838107448583,0.11059
16-01-2026 10:00,25740.5,0.14949,0.14199,0.1313782576415269,0.12292,0.11662,0.11173,0.10763,0.10372899226634197,0.10133502610271465,0.09937,0.0992,0.10044,0.1017465291577001,0.10490746779143928,0.2,0.19269,0.18610017762834727,0.17918,0.17187,0.16518,0.15801,0.14887,0.14153,0.13353,0.12685,0.12,0.11433,0.10793
16-01-2026 10:05,25754.15,0.14244,0.1307,0.12569,0.11996,0.11346,0.10917810871905863,0.10556,0.10204,0.09952,0.09822,0.09824,0.09963,0.10048091320530442,0.10313227013767653,0.19997,0.19314,0.1867379750236938,0.17995674516916615,0.17338,0.16645,0.1581398435602716,0.15018,0.14269,0.1349,0.12799,0.12135,0.11577,0.10879761372808855
16-01-2026 10:10,25768.1,0.15031,0.14044530376015704,0.13218,0.12358,0.1176658481125562,0.11277,0.10856,0.10474,0.10237,0.10071318714286415,0.0998,0.10087,0.1030948998780536,0.10645,0.20237,0.19601572140350448,0.18954,0.18223,0.17517,0.16822,0.16104,0.1521,0.14493,0.13691,0.13016466805017018,0.12319,0.11695,0.11015
16-01-2026 10:15,25809.45,0.17053,0.15791506103018618,0.14845,0.13976,0.13346,0.12639,0.12041,0.11533,0.11258,0.10915,0.10741,0.10778,0.10879,0.11139,0.20641361493809426,0.20007,0.19377,0.18647,0.17941,0.17247,0.16429764063108115,0.15652367917605683,0.14892,0.14084,0.13404,0.1272,0.12082,0.11367
16-01-2026 10:20,25841.8,0.15819,0.14716,0.13899,0.13187,0.12373,0.118993887406526,0.11434,0.11061109462928197,0.10763,0.10463,0.10322,0.10351,0.10499772609016547,0.10678,0.20933332275900549,0.2039,0.19723,0.18991,0.1831,0.17584230701922499,0.16939,0.1609376346727996,0.15362,0.14545,0.13859402255104158,0.13178,0.12547,0.11796
16-01-2026 10:25,25852.75,0.16242,0.14949,0.13938042585921107,0.12939,0.12252,0.11715,0.11283,0.1087,0.10514140453062877,0.1027,0.10127,0.10126,0.10209,0.10456,0.2119,0.20486,0.198015552200959,0.19119,0.1839933336360337,0.1767196794513379,0.17022,0.16149,0.15434460103116726,0.14685,0.14009,0.13271,0.12637,0.11887
16-01-2026 10:30,25857.6,0.15034,0.13945,0.13079,0.12497355415625715,0.11883,0.11293,0.10892,0.1052,0.10288,0.10016,0.0989,0.09916,0.09982,0.10275,0.21194,0.20495,0.19833,0.19135,0.1840160640051788,0.17715,0.1694490967476153,0.16177,0.15466,0.14751,0.14052762047741402,0.13347,0.12712,0.11996
16-01-2026 10:35,25863.75,0.14877407131640724,0.14056,0.13121,0.12583,0.11952380626728808,0.114,0.10955,0.10609,0.10326,0.10069,0.09935,0.09995083174653985,0.10098976485484865,0.10294,0.21288,0.2055,0.1988260197912988,0.19191,0.18485333159025089,0.1782,0.17108,0.16276,0.15562,0.14813,0.14179,0.1347797726380143,0.12811,0.12099812096024055
16-01-2026 10:40,25871.4,0.11897,0.11633,0.10899,0.10727,0.10349,0.10199,0.0993,0.09705,0.09528,0.094,0.09449648236580344,0.09435,0.09576,0.09883,0.21302947900303762,0.20618,0.1999,0.1929,0.1856852433522721,0.17892,0.17202,0.1635,0.15638,0.14953672740841412,0.14258,0.13568202228390533,0.12916,0.12225
16-01-2026 10:45,25855.55,0.13707028694152557,0.13244,0.12971,0.12357,0.11755,0.11201,0.1082,0.1044,0.10165,0.09939,0.09839,0.09844,0.09942,0.10234,0.21231534371771665,0.20522,0.19839525289651283,0.19125,0.18446,0.17775,0.1700464659002226,0.16223,0.1552012556498355,0.14768,0.14126,0.13429259917912434,0.12765,0.12038
16-01-2026 10:50,25847.05,0.14577,0.13897,0.12990200320537984,0.12192,0.11503,0.11031,0.10605,0.10261,0.10005,0.09817,0.09713,0.09800857065986092,0.09944728294483747,0.10168,0.2108,0.20382,0.19754,0.19054,0.1830984576222676,0.17584518086647988,0.16863130428688367,0.16107,0.15413138073313568,0.14671,0.14015,0.13314,0.12674,0.11969
16-01-2026 10:55,25842.9,0.14318,0.1324,0.12406239516900341,0.11551,0.11107,0.10684,0.10308044594547626,0.10020482646684675,0.09825,0.0965843724247201,0.09575,0.09636,0.09761,0.09968380284426466,0.2110386943794811,0.20415833025358654,0.19721,0.18991,0.18287,0.17618,0.16946,0.1609,0.15371,0.14662,0.14015,0.13318888005664217,0.1265,0.1194
16-01-2026 11:00,25831.1,0.14914,0.13721212779630632,0.12683,0.1186,0.11283,0.10897,0.10495,0.10159,0.09879302605148503,0.09734670149170668,0.09635,0.09695,0.09832,0.10148,0.20992,0.20217,0.19686,0.1892,0.1821,0.1756,0.1678815391038293,0.1602,0.15294,0.14593,0.13922,0.13237329948939103,0.12557159271135537,0.1189
16-01-2026 11:05,25828.0,0.15898,0.14145,0.13754,0.1275,0.11895,0.11351,0.10883,0.10513,0.10239,0.1000275094588706,0.09879,0.09902,0.09998,0.10281,0.2093,0.2023,0.1963,0.18895,0.18185,0.17454022596145616,0.16732411557409851,0.15993,0.15249,0.14534,0.13853,0.13165,0.12519,0.11849233121130708
16-01-2026 11:10,25825.7,0.13287,0.12163,0.11516,0.11241,0.10781,0.10493,0.10162749192827114,0.09914,0.09725769623408452,0.09583,0.09518,0.09622,0.09783,0.1011,0.20835,0.20105,0.19458823297037361,0.18761,0.18088,0.1747,0.16794,0.15954,0.15263,0.14559,0.13948,0.13255,0.12667,0.12009
16-01-2026 11:15,25823.0,0.1348,0.11791,0.11802,0.11308,0.10815,0.10492,0.10151531016533788,0.09876,0.09692,0.09503,0.09543917049278561,0.09583,0.09765,0.1011,0.20775,0.20072825126575755,0.19365,0.18588,0.17904,0.17256,0.16557,0.15775,0.1512258528656162,0.14429,0.13832,0.13183,0.12611,0.11987
16-01-2026 11:20,25813.0,0.1374,0.12177,0.12075,0.11476,0.10972,0.10533,0.1025,0.09957311485353597,0.09758562492566383,0.0959,0.09616274550239562,0.09673,0.0982,0.1015,0.2059468297507907,0.19854,0.19180516104983722,0.1848199907377142,0.1779,0.17119,0.16423,0.15643,0.14972,0.14286,0.13693,0.13060166559949327,0.12445,0.11825
16-01-2026 11:25,25811.55,0.14089,0.1292,0.12487,0.11889,0.11332,0.10936,0.10597,0.10248,0.1002,0.09808,0.09763,0.09840251957452228,0.09942,0.10261,0.20686,0.19845,0.19273,0.18494,0.17790343381670806,0.17108,0.16435,0.15612,0.14943,0.14258,0.1362752066909782,0.12987,0.12366112919757795,0.11761
16-01-2026 11:30,25823.8,0.15411,0.113,0.11435,0.10898,0.10480404890717587,0.102,0.09995,0.0975,0.09647,0.09487,0.09483,0.09594,0.09743,0.09701203871429034,0.20831,0.19913,0.19347,0.18572,0.17835,0.17137488525684252,0.16483,0.15688,0.15027,0.14366,0.13741,0.13085,0.12501,0.11873
16-01-2026 11:35,25810.0,0.12446,0.11928547753704032,0.11493,0.11042290053730515,0.10626,0.10419,0.10133,0.09905,0.09732,0.09597,0.096162712004082,0.0965,0.09825,0.10142,0.20388,0.19723,0.19164,0.18424,0.17716,0.17024,0.16336,0.15620167778138117,0.14879,0.14201,0.13612269882063177,0.12997,0.12389,0.11763
16-01-2026 11:40,25806.75,0.1389,0.12465,0.11794,0.11208521624313478,0.10622,0.10315,0.10062,0.09812,0.09705,0.09581847117245296,0.09532,0.09634,0.09806,0.10154,0.2045,0.19813,0.1924,0.1843,0.1769,0.16997,0.16291733385612145,0.15590800989763312,0.14868,0.14202,0.13598,0.12931,0.12373,0.11758
16-01-2026 11:45,25794.7,0.14051,0.13091,0.12347484778655063,0.11682,0.1107,0.10674,0.10367,0.10097,0.09913,0.0973,0.0968,0.09763,0.09919,0.10272,0.20353,0.1979,0.19172,0.18358,0.17642,0.1693522340984687,0.16245,0.15443,0.14754,0.14069,0.13437,0.12782,0.1217135682010949,0.11579
16-01-2026 11:50,25794.65,0.14526,0.13098,0.12389,0.11787349340137693,0.1119,0.10766,0.10416,0.10134,0.09948,0.09772,0.0971,0.09817,0.09991,0.10361,0.20397,0.19779990797148575,0.19142,0.18361,0.17616,0.16913086460795573,0.16225,0.15425,0.14738,0.14055,0.13438,0.12772,0.12185,0.11541
16-01-2026 11:55,25797.25,0.11631,0.11333,0.10804,0.10403,0.10069,0.09881,0.09713,0.09555,0.09487,0.09344,0.09469079490534071,0.09565,0.09765,0.10157,0.20337,0.1978,0.19068779869745583,0.18355,0.17697,0.17019,0.16317,0.15572831949964835,0.14836,0.1416,0.13520237879437277,0.12902,0.12231992418376696,0.11625777736441176
16-01-2026 12:00,25774.5,0.14803609236101417,0.14442,0.13569,0.12757,0.12104,0.11543,0.11063,0.10685,0.1044,0.10161,0.10115488217500915,0.10162,0.10292,0.10615,0.20194,0.19514456449324408,0.18811151341785684,0.18098,0.17394398979686956,0.16691,0.1597329412463846,0.1524,0.14513,0.1386,0.13246313645544988,0.12624508589856803,0.12011,0.11355
16-01-2026 12:05,25790.15,0.15168156836862673,0.14723,0.14572,0.13608,0.12841,0.12167,0.11576,0.11148867068976351,0.10792,0.10457,0.10314,0.10357,0.10446,0.10716,0.2033616623904297,0.19612,0.18942,0.18174,0.17463538380743812,0.16733,0.16055,0.15315438595239467,0.14594,0.13939,0.13278599441549993,0.12604,0.11983860456378134,0.1138
16-01-2026 12:10,25810.95,0.15056,0.1458510145693469,0.14114,0.13138,0.12354,0.11753,0.11325053644856319,0.1085,0.10587775215240355,0.10346577882794387,0.1017,0.10199,0.10283,0.10549,0.20417,0.19712,0.19123,0.18259,0.17569,0.16842,0.16154,0.15399,0.14702,0.1405,0.13398972546519755,0.12742,0.12188,0.11550954031739002
16-01-2026 12:15,25821.3,0.13938,0.13234,0.12675,0.11879,0.11084,0.10838,0.10489704176172152,0.1012,0.09953470582261023,0.09792,0.0971,0.0978,0.09951,0.10262,0.20592,0.19919,0.19127961702395913,0.18384,0.17603,0.16828,0.16178,0.15432,0.14769246519754087,0.1412,0.13489307635682132,0.1287279374351798,0.12276907395222102,0.11702
16-01-2026 12:20,25815.75,0.14513,0.1334,0.1265346594407156,0.11959,0.11428658032778302,0.10958638028456148,0.10576,0.10238,0.1004,0.09856,0.09786,0.09855,0.09994,0.10298,0.20463,0.19805579094090953,0.19134,0.18306,0.17587,0.16857130764448344,0.1613,0.15440398862184979,0.14733,0.14068,0.13489,0.1284969070746551,0.12264,0.11623
16-01-2026 12:25,25811.0,0.07388,0.07556,0.07403,0.08059,0.0818,0.08406,0.08529,0.08605,0.08702,0.08707,0.08859,0.09116,0.09468109609530238,0.0983,0.2040020190519316,0.19641,0.19061,0.18234,0.17548,0.1685,0.16209,0.15530934614495417,0.14875,0.14277220170746718,0.13707857529183448,0.13181,0.12544888961358266,0.11998242867128975
16-01-2026 12:30,25738.6,0.15064,0.14403,0.13703,0.12998,0.12139,0.11635,0.11184,0.10782,0.10574,0.10304,0.10235,0.10337,0.1046,0.10804,0.2002624711590757,0.19115,0.18304,0.17546,0.16765,0.16045,0.15377264629812581,0.1465,0.1402405446443511,0.1333,0.12759,0.12143,0.11626,0.11068
16-01-2026 12:35,25771.0,0.13271,0.11957,0.11999,0.11437,0.11043314030941659,0.10682293088906752,0.10368212700845067,0.10108301266656056,0.09917609667086519,0.09743,0.09824557627323245,0.09898,0.10074,0.10431,0.20324233999045171,0.19382725482893576,0.18619,0.17795,0.1699,0.16309,0.15609,0.14932,0.14276,0.13619,0.13028454981150128,0.12469,0.11993,0.11418
16-01-2026 12:40,25768.5,0.12544805649136148,0.11783,0.11523,0.11094,0.10513,0.10293,0.10049,0.09915194637308623,0.09773,0.09643,0.0967,0.09827,0.10039,0.10439,0.20247620960806484,0.19373,0.18564,0.17742,0.17032,0.16289,0.15638,0.14954,0.14292,0.13661,0.13136,0.12545,0.12058,0.11512
16-01-2026 12:45,25759.4,0.13574,0.12873,0.11727,0.11155,0.1062,0.10339943332117292,0.10183,0.09960313919674747,0.09797668138543791,0.09762,0.09773,0.09939719403275593,0.1015,0.10533,0.19968,0.1918,0.18421301200328177,0.17633,0.16985,0.16292,0.15605,0.14955,0.14262,0.13604,0.13043101274011737,0.1246,0.11957,0.11427
16-01-2026 12:50,25750.05,0.15113,0.1299,0.13151,0.12439,0.11706,0.1124,0.10845,0.10559,0.10302856486639664,0.10154,0.10173600223103284,0.10258,0.10427,0.10777,0.19893,0.19105,0.18448,0.17589,0.16936,0.16182000293121399,0.1545,0.14786,0.14082,0.13403,0.12818,0.12194,0.1167,0.11113
16-01-2026 12:55,25759.95,0.13098,0.11788,0.10878,0.10649338785727798,0.10147,0.10013,0.09814660007556203,0.09701,0.09661,0.09593,0.09607,0.09866,0.10065,0.10459,0.20021,0.192507904024246,0.18499,0.1771,0.17085,0.16355,0.15686,0.14965,0.14307,0.13690393935528514,0.13093,0.12533749194790877,0.1202,0.11467
16-01-2026 13:00,25740.05,0.11584,0.11504,0.11015609727833515,0.1065,0.10353,0.10136,0.09962,0.09829182845432027,0.097580525383902,0.09708,0.09784,0.09999,0.1022,0.10614,0.1992868179625366,0.19105,0.18404,0.17607,0.16912,0.16179,0.15459,0.1476,0.14118,0.13500948154175613,0.12914747821579603,0.12322,0.11839,0.11323
16-01-2026 13:05,25723.25,0.13718,0.12793651887741336,0.12073,0.11549,0.11086,0.10673,0.10355,0.10198,0.10077,0.0998,0.10027,0.10199,0.10432,0.10812,0.19679,0.18752,0.18262,0.17452362196354237,0.16707,0.15978,0.1526,0.14583,0.13886,0.13222,0.12679,0.12034,0.11536627871300538,0.11048
16-01-2026 13:10,25717.95,0.13091335167671647,0.12359,0.11648,0.11189,0.10762,0.10473,0.10199,0.10044,0.09986,0.09863,0.09951,0.10155,0.10385,0.10775,0.19595,0.18846,0.18113,0.17322,0.16633,0.15906,0.1519,0.14494,0.13801,0.13187,0.12626,0.12043,0.11581,0.11036
16-01-2026 13:15,25715.5,0.12546,0.12116,0.11565,0.1126,0.10896,0.10405,0.10193773997252797,0.09984,0.099,0.09934120315715689,0.10008643769747061,0.10146,0.10356,0.10763,0.19628917157342882,0.18828,0.18058,0.1730761052956847,0.16584,0.15805,0.15146,0.14411,0.13778738471411098,0.13153911709137328,0.12538,0.11965,0.11476,0.10943
16-01-2026 13:20,25705.4,0.12947,0.11802,0.11258,0.10834,0.10516949053806257,0.10232,0.10035,0.09896,0.09863,0.09862697395309133,0.09917,0.10128,0.10405,0.1082,0.19409,0.18625,0.17938,0.17117,0.16438,0.15727715695411923,0.15032,0.14401,0.13719,0.13136538175366452,0.12549,0.11984,0.11567,0.11041072025802044
16-01-2026 13:25,25670.15,0.13864958974826547,0.13085582111486377,0.12849,0.12228525578181804,0.11803,0.11384,0.10971326054085836,0.10745,0.10562,0.10372,0.10444,0.10609,0.10675645461081346,0.10973328766126689,0.19162,0.1842095671135091,0.17675,0.16848,0.16129,0.15453585235937,0.14766294894742432,0.14091,0.13484,0.12774,0.12256,0.11649,0.11182,0.10669
16-01-2026 13:30,25701.15,0.1289313073901818,0.12167,0.11776,0.11068,0.10665,0.10372,0.10152,0.10011,0.09928,0.0984,0.09946,0.10177,0.10453,0.10864,0.19291,0.18635,0.17801443075178044,0.17016,0.16334789086041285,0.15684,0.14990727832963968,0.14324,0.13718,0.13102,0.12596,0.12052238128324692,0.11554595066577934,0.11092
16-01-2026 13:35,25687.3,0.14434,0.13011,0.12208,0.11801210711561588,0.11418,0.11021,0.10674,0.10463,0.10289,0.10229421354954199,0.10239,0.10459,0.10747174532688097,0.11112,0.19179,0.18521,0.17755,0.169,0.16225,0.15562,0.14873401343317003,0.14201166802471404,0.13532,0.1298,0.12427,0.11885767744128181,0.1141,0.10873
16-01-2026 13:40,25701.3,0.1287099297403226,0.12116123051336113,0.11376,0.10739,0.10685,0.10394,0.10172,0.10039992737782542,0.09948954997154934,0.09871,0.10047929131941305,0.10235,0.1049,0.10857435797469442,0.1943,0.18637214911325298,0.17877,0.17057,0.16381,0.1569,0.15027,0.1437662292918165,0.13759,0.13169833229863542,0.12613,0.12059,0.11633,0.1111
16-01-2026 13:45,25699.7,0.1373,0.13042,0.11779,0.11529,0.10943,0.1053,0.10285,0.10143,0.10042,0.09952,0.10051,0.10286,0.10561,0.10982,0.1942,0.18622694015036753,0.17866,0.17044543469046708,0.16244,0.15595,0.14943,0.14288543019528244,0.13674,0.13033,0.12474,0.11878,0.11483,0.10907
16-01-2026 13:50,25712.85,0.096,0.09541,0.09935,0.09913,0.09681,0.09661,0.09558,0.095939477108683,0.09603160830890858,0.09559,0.09745,0.10022,0.10331,0.10789,0.19489,0.18785,0.18054,0.17231,0.16487,0.15825,0.15232,0.14546,0.13945,0.13380490107611132,0.12872,0.1229,0.1191,0.11438
16-01-2026 13:55,25689.85,0.12024,0.11693,0.11188,0.10916,0.1054,0.10285649481277916,0.1014,0.10011,0.09981,0.09986529638877048,0.10065,0.10302,0.10586,0.11021,0.19343,0.1863453803981726,0.17932,0.17,0.1634521995441235,0.15665044867963632,0.14998,0.1431,0.13705,0.13101,0.12583,0.12037,0.11562943278009902,0.11085
16-01-2026 14:00,25681.95,0.12937,0.1228,0.11186,0.10728,0.10449,0.10222,0.10041,0.09939,0.0985777342859655,0.09873,0.1004,0.10286,0.10605,0.11042,0.1928,0.1849,0.17867,0.16968,0.1625,0.15605,0.14951,0.1427981365851754,0.1363,0.13023,0.12524,0.11991057568501856,0.11569556284195412,0.11073873609658408
16-01-2026 14:05,25682.85,0.11697,0.10862,0.1064,0.10319686442995615,0.10009,0.09877,0.09759728316307256,0.09708,0.0973,0.0980578562644682,0.09919,0.10199,0.10529,0.10988,0.19376,0.18657,0.17982,0.17148587841648108,0.16379,0.15719,0.15029,0.14367,0.13742,0.13134,0.12618,0.1206,0.11655,0.11155
16-01-2026 14:10,25684.7,0.12427,0.11599,0.11313,0.10899740350186041,0.10579,0.10318,0.10086,0.09999,0.09936,0.09903,0.10061,0.10323,0.10540726479495863,0.10903279685942008,0.19436,0.18752,0.18102,0.17225,0.16485,0.15764,0.15094,0.14413329201540204,0.13746,0.13112,0.12593,0.12005,0.11561,0.11097031766441673
16-01-2026 14:15,25676.95,0.1296,0.11748,0.11738,0.1116818710976869,0.10781,0.10494,0.10251,0.10111,0.10068,0.1001,0.10156,0.10398,0.10693,0.1114,0.1929,0.18651,0.18004,0.17128,0.16389,0.15696605392264149,0.15001,0.14276,0.13653265768869535,0.13007,0.12489,0.11937665264570302,0.11431,0.10882
16-01-2026 14:20,25689.4,0.13376,0.12117,0.11415,0.11165,0.10693,0.10432,0.10156,0.10039,0.09950040527569647,0.09924,0.10062,0.10322247854316574,0.10594,0.11044,0.19482,0.1876,0.18081,0.17175,0.1645618714306122,0.15734,0.15051,0.14377,0.13728,0.13077,0.1251366466300624,0.11961,0.11523,0.1101567897520434
16-01-2026 14:25,25707.1,0.10563,0.10337,0.09999,0.10041642417766708,0.09989,0.09852,0.09679,0.09635,0.09596,0.09605,0.09786,0.10066,0.10379,0.10722977035292253,0.19591,0.18937735732793756,0.18305,0.17365,0.16691,0.15974,0.15263,0.14607,0.13954,0.13287,0.128,0.12232392662546455,0.11732,0.11203635270973009
16-01-2026 14:30,25688.2,0.1291,0.12584,0.11783,0.11225,0.1086,0.10543,0.10269,0.10131,0.10008,0.0997,0.10106,0.1032702567672554,0.10627,0.11062,0.19547176431870522,0.18678,0.18041,0.1717,0.16468,0.15740670209463703,0.15022,0.1435,0.13669,0.13054,0.12518,0.11931,0.11504,0.10955
16-01-2026 14:35,25708.0,0.0988,0.10493849881674353,0.10769,0.10343,0.10132,0.09913,0.09727,0.09720064552937048,0.09596,0.09704151709183681,0.09821732040764444,0.09998495956053352,0.103,0.1059242143643512,0.1972528124468383,0.18888,0.18215,0.17312,0.16617,0.15883,0.15184,0.14478,0.13916,0.13226,0.1266676348115034,0.12125195919303494,0.11617707215192966,0.11142
16-01-2026 14:40,25706.4,0.13025,0.11776,0.11254,0.10775,0.10445,0.10217,0.09945217416233712,0.09848,0.09765,0.09744,0.09866,0.10081,0.10407,0.10752983709900918,0.19508,0.18877,0.18134,0.17234,0.16522300183637462,0.15791,0.15124,0.14424,0.1379194093659638,0.13152,0.12614,0.1205133208359675,0.11546,0.10992
16-01-2026 14:45,25707.8,0.11305,0.11075335185175478,0.1079,0.1037,0.1013967014395229,0.09932,0.09747,0.09656,0.0962,0.096,0.09755,0.10038421730495126,0.10356691821380443,0.10763,0.19566,0.18758270007117073,0.1796900952514583,0.17196258029053751,0.16439,0.15805,0.15116,0.14419,0.13795,0.13183,0.12668,0.12112,0.11589900238998704,0.11095
16-01-2026 14:50,25692.95,0.12547,0.11918,0.10981,0.1093,0.10592,0.10255,0.10015,0.09932,0.09851,0.09818,0.09941,0.10159,0.10482,0.10908,0.19487,0.1873677494300432,0.17988,0.17212939458303586,0.16466496662897354,0.1574247809080882,0.15028,0.14363,0.13705,0.13141939001046898,0.12599,0.12031,0.11583,0.11107666064738578
16-01-2026 14:55,25700.95,0.1258648320193658,0.11970442128043943,0.11405,0.10999,0.10616767826425283,0.10302754182147075,0.10041159815716402,0.09834,0.09736,0.09789,0.09887,0.1009,0.10365,0.1081,0.19471,0.18681,0.18024,0.17093,0.16372467009949854,0.15639,0.15009,0.14316,0.13697,0.13133,0.12612,0.12065259387350641,0.11571,0.11054
16-01-2026 15:00,25706.3,0.11793,0.10192,0.10295,0.10154522068079788,0.09969,0.09792,0.09651,0.09594,0.09545,0.09534,0.09684,0.09922,0.1025,0.10705,0.19519,0.18809,0.1795905333611801,0.17142,0.16433,0.15744,0.15132,0.14473,0.13875,0.13248,0.12731839924432914,0.12218819619311924,0.11743,0.11238
16-01-2026 15:05,25694.05,0.11281,0.1108,0.10746,0.10416,0.1024,0.09971,0.09806,0.09725,0.09693,0.09638,0.09821711794592947,0.10026,0.10341,0.1081,0.19419,0.18684148208928134,0.1797,0.17156545390689523,0.16400224175827155,0.15637,0.15045,0.14318,0.1374521220627814,0.13156,0.12665,0.12130983872318535,0.11665,0.11126
16-01-2026 15:10,25691.6,0.11496,0.11011,0.10436,0.103,0.10054696551192538,0.09867,0.09737,0.09678,0.09653,0.09608,0.09782,0.10012,0.1032,0.10803,0.19358,0.18612205192892117,0.17879,0.16985,0.16215,0.1559,0.14978,0.14276,0.137,0.1314913111940894,0.1262007974783927,0.12112,0.11638,0.11202816015842174
16-01-2026 15:15,25691.75,0.12581,0.11926691157044282,0.11411,0.109731717729911,0.10641,0.10313,0.10126,0.09949,0.09881437334134141,0.09895702971553852,0.09963,0.101969729921238,0.10484,0.10931,0.19455025276159627,0.18655,0.17919,0.16989,0.16277058614607284,0.15566,0.14925177118937458,0.14286598166220077,0.13686,0.13111884258689965,0.12563985538609773,0.12036,0.11516751154778322,0.11
16-01-2026 15:20,25695.9,0.12636,0.11841,0.11262,0.10844492842288367,0.10512,0.10249,0.10053,0.0989567561528304,0.09793,0.09844200781034723,0.09946,0.10206,0.10437129408505365,0.10779662562523773,0.19487,0.18666459864791005,0.17875156408836843,0.17096,0.16373640545760812,0.15688,0.15010131518234243,0.14363,0.13726789465242917,0.13107,0.12564618826967255,0.12023,0.11537,0.10972
16-01-2026 15:25,25697.65,0.12031,0.1104,0.1066,0.10453,0.09976,0.09915,0.09722,0.09583,0.09506,0.09531,0.09719,0.10021,0.10265576285646648,0.10611971307602425,0.19461,0.1898,0.18118,0.17114,0.16431,0.1551,0.14895,0.14256,0.13677,0.13126,0.12625,0.11962,0.11517,0.10954
19-01-2026 09:15,25549.65,0.14245,0.13519,0.12888570591560744,0.12439759480239088,0.1214,0.11899,0.11806,0.11682911429522508,0.11852,0.11961,0.12266,0.12546352639953576,0.13012235643974496,0.13657,0.20612,0.19843,0.1915,0.18321,0.17385,0.16623,0.15889,0.15008,0.14249,0.13607332673263164,0.12989,0.1238844490839861,0.1187,0.11346
19-01-2026 09:20,25596.45,0.08441,0.08932,0.09374,0.09633,0.09736,0.10001822209445577,0.1011,0.10234,0.10559,0.10991643333362666,0.11308,0.11716,0.12166321977993244,0.12876,0.21017,0.20166,0.19502,0.18657,0.17775,0.17067,0.16256,0.15405,0.14723876023796217,0.14047,0.13504,0.12996,0.12594,0.12153
19-01-2026 09:25,25570.45,0.1024,0.10142,0.10257,0.10186018860168837,0.10225167544030969,0.1039540936107444,0.10414,0.10522,0.10833,0.11227123737834355,0.11564449568134076,0.12016,0.12464215327540143,0.13211,0.20873,0.20057,0.19328,0.18469,0.17673,0.16852,0.16075,0.1526080860502382,0.14424,0.13812,0.13237,0.12696,0.1231,0.11855
19-01-2026 09:30,25544.4,0.1437,0.13407,0.12779890325389465,0.12442,0.11993,0.11696,0.11509965409661654,0.11492,0.11679,0.1189,0.12285,0.12687,0.13188,0.13792198031565697,0.20828067418339907,0.19894,0.19111882617523235,0.18313,0.1746317069914919,0.16638999153833195,0.15823869621021852,0.1504,0.14143,0.13439,0.1281965887824623,0.12151,0.11662,0.11102
19-01-2026 09:35,25579.4,0.09938,0.09619,0.09934,0.10031699767478883,0.10072501995963914,0.10124,0.102,0.10339,0.10655,0.10958,0.11437839714744549,0.11861,0.12437,0.13093,0.21264,0.20463,0.19773,0.18849,0.18053,0.17254,0.16418,0.1554198874244671,0.14696,0.13985,0.13418964286118493,0.12832,0.12423,0.11922
19-01-2026 09:40,25551.95,0.12474,0.12028,0.11453,0.11254,0.11043,0.10904317438824382,0.10928,0.1094,0.11187,0.11453,0.11850406517359795,0.122687532608153,0.12803,0.1339262733704505,0.20806,0.20021,0.19271,0.18403174955074175,0.17554405142409255,0.1672,0.1589452997597431,0.15061303207033383,0.14304863746549895,0.13476,0.12888,0.12378176956859628,0.11862,0.11313
19-01-2026 09:45,25560.95,0.11745,0.11174,0.11006,0.10947,0.10771,0.10715,0.10706,0.10726,0.11016,0.11282,0.11691044290999314,0.12107,0.12643,0.13281,0.20898,0.20085071401836327,0.19250473810453744,0.18423,0.17651,0.16847,0.16008,0.15174,0.14344,0.13618,0.13053,0.12461,0.12019,0.1149
19-01-2026 09:50,25558.35,0.09813,0.10077596657958852,0.10203,0.10231,0.10235,0.10252,0.10324,0.10572920213689763,0.10771,0.11077,0.11563444309683049,0.12005,0.12593,0.13257,0.20877,0.201399967066064,0.19383,0.18471,0.17721,0.16877,0.16055,0.1521,0.14406,0.13785941947837524,0.13163840416895775,0.12572,0.12158,0.11685
19-01-2026 09:55,25558.2,0.10221,0.10014,0.1010854590317745,0.10229,0.10223,0.10244588992784624,0.10338,0.10459,0.10823,0.11146,0.11594,0.1209,0.1266179886344451,0.13321,0.20929,0.20139,0.19461,0.18508,0.17753,0.16879,0.16056,0.15232,0.14407,0.13806444750132335,0.1319,0.12601,0.12211,0.11727
19-01-2026 10:00,25520.6,0.11102,0.10743,0.10734,0.10683,0.10585,0.10557583763440745,0.10601,0.10841612911661289,0.11123,0.1146,0.11929,0.12411,0.13013,0.13675,0.20707,0.19896,0.19193,0.18325,0.17535,0.16608,0.15787278679215294,0.14947,0.14123,0.13504,0.12974,0.1241,0.11923373264031306,0.11506
19-01-2026 10:05,25510.95,0.12438089234651062,0.12154,0.11737,0.11408923458912835,0.1124,0.11138,0.11069,0.11147,0.11459,0.11762755212620556,0.12161727817884987,0.12648,0.13215,0.13871,0.2057,0.19803,0.18988,0.18129,0.17407,0.16455,0.15632,0.1482881802490884,0.13978,0.13291,0.12726139175445414,0.12118,0.11689,0.11165
19-01-2026 10:10,25528.25,0.11377,0.11102,0.10945,0.10865,0.10732,0.1069,0.10676,0.10798,0.11157,0.11463,0.11918,0.12409,0.12999,0.13649,0.20905332100083604,0.20022,0.19168,0.18279,0.17414903507674356,0.1662,0.15757693510826706,0.14982,0.14134,0.13535,0.13002,0.12434,0.12024,0.11561554552363891
19-01-2026 10:15,25530.4,0.12141,0.11548,0.11096,0.10926565571162714,0.1083,0.10743000130876837,0.1075,0.1084,0.11225,0.11533,0.11953465541952146,0.12455,0.13037,0.1371812816183612,0.20674,0.19922,0.19156,0.18271,0.1741251571045971,0.1662,0.15746313853104238,0.14908,0.14128,0.1352444325129063,0.12926415652559287,0.12367,0.11966,0.11497831558988438
19-01-2026 10:20,25543.9,0.10527,0.10863,0.10872,0.10665539837093285,0.10618,0.10562,0.10593,0.10742,0.1109,0.1139,0.11814,0.12296868084539431,0.12856,0.13525,0.20859,0.20098469870791208,0.19336,0.18432169854232064,0.1765,0.16769,0.15962,0.15065,0.14289,0.13678,0.13111,0.1262,0.12128,0.11615
19-01-2026 10:25,25526.15,0.09784,0.10189,0.10183325216435979,0.10252,0.10243,0.10311,0.10435,0.10618,0.11058,0.11404467913716686,0.11839,0.12352,0.12992779693280074,0.13766045068584737,0.20783,0.20095,0.19232,0.18335,0.17583,0.16711,0.15904,0.15084,0.14335,0.13761,0.13253,0.12716,0.12338,0.1189
19-01-2026 10:30,25515.7,0.11207,0.11108,0.10904,0.10873,0.10713,0.107,0.10726,0.10887,0.1126,0.11579,0.1199860288039041,0.12525,0.13067,0.13722,0.20994676883689187,0.200958212019824,0.19129,0.18263,0.17446,0.16575,0.15768,0.14928,0.14321203517448994,0.13717017009337917,0.13154215659133436,0.12622150132004784,0.12146,0.11627
19-01-2026 10:35,25513.9,0.11153669685211813,0.10845,0.10764,0.10713,0.10687,0.10626,0.10705,0.10863,0.11265,0.11595,0.12018,0.12506968846615676,0.13066,0.137,0.20794790551427994,0.19815,0.19151,0.18248,0.17431,0.16585,0.15774,0.14968,0.14227,0.13679168708156944,0.13129001057919953,0.12639,0.12177404482907217,0.11797
19-01-2026 10:40,25500.4,0.12671,0.12105,0.11721883058924229,0.11492,0.11304,0.11187224379449862,0.11166,0.11259,0.11596,0.1186,0.12238,0.12702,0.13226,0.13833,0.21105195979549485,0.20076539222501705,0.19130437332895367,0.18111,0.17319,0.16441,0.15625,0.14777,0.14052,0.1348722060158019,0.12906,0.12365,0.11946,0.11466
19-01-2026 10:45,25525.55,0.11111,0.10924,0.10772,0.1078,0.10689438044239062,0.10635,0.10664,0.1084,0.11199,0.1149,0.11913477418490936,0.12381,0.12913,0.1355,0.20887,0.20024,0.19172385519294538,0.18344,0.17591,0.16744,0.15888,0.15089,0.14323,0.13799100682857804,0.13255,0.12684,0.12298,0.11823
19-01-2026 10:50,25515.9,0.12155528823747114,0.11866,0.1148,0.113,0.11051,0.10984,0.10947,0.11058,0.11388,0.11648,0.12058167359317674,0.12544,0.13063,0.13669,0.20749,0.19889,0.19183,0.1828,0.17492,0.16565,0.15761,0.14864,0.14145,0.13566,0.1298,0.12429,0.11994,0.11620870773164961
19-01-2026 10:55,25526.35,0.13233,0.12637,0.12117139583121342,0.11727005983804042,0.1144,0.1118,0.11078,0.11207510294266096,0.11388842719132639,0.11657,0.12053,0.12501,0.12999,0.13624,0.20857,0.19956,0.19221,0.18291679318252363,0.17423738821206092,0.16603,0.15766,0.14927627271405322,0.14085,0.13438,0.12854,0.12257,0.11808,0.11313
19-01-2026 11:00,25550.1,0.12151,0.11932,0.11590413971525855,0.11367,0.11164797038738813,0.11030597373676398,0.10970809998373318,0.10928,0.11236,0.11481,0.1185,0.12300015062536565,0.12812,0.13447427459279962,0.21143,0.20281812486386697,0.1943,0.18508,0.17745,0.16863,0.15976243636032325,0.15139,0.14332,0.13704,0.13131,0.12541,0.12046,0.1154
19-01-2026 11:05,25561.85,0.10899,0.10138,0.10069,0.10252,0.10183458183356428,0.10169,0.10215,0.10318,0.10665,0.11055547021377926,0.11449,0.11959,0.12517,0.13184,0.21274526432825822,0.2033552241606888,0.19516,0.18634,0.17833346024089672,0.17074,0.16283,0.15473137702600126,0.14716,0.14106,0.13515,0.12992,0.12486198790729061,0.12077
19-01-2026 11:10,25540.3,0.11046,0.11083,0.10827,0.10789,0.10588,0.10491,0.10557080680471487,0.10638,0.10954,0.11268,0.11737,0.1223,0.12767,0.13403,0.20769,0.20022,0.19262,0.18414,0.17678,0.16809751976890142,0.16,0.15135,0.14463,0.138,0.13236,0.12694,0.12227,0.11743
19-01-2026 11:15,25533.8,0.10798,0.10731,0.1053,0.10503,0.1036,0.10349,0.10402,0.10558,0.10894,0.11228,0.11706,0.12214,0.12774,0.13422,0.2066,0.19961,0.19276,0.18385,0.17612,0.16777,0.16056574551656164,0.15330218506280285,0.1463876924730468,0.13974096164733418,0.13327,0.12796947227723166,0.12329,0.11769443948537918
19-01-2026 11:20,25513.75,0.12529,0.11862,0.11480476982849575,0.11219121959458699,0.1102556145422942,0.10911037875307691,0.109,0.10982,0.11303,0.11594,0.12003974273985846,0.1250913004593057,0.13082,0.13663452908978535,0.20754101619613952,0.19808,0.19148,0.18214,0.1739027357650027,0.16581222200549534,0.15801,0.15010675992113967,0.14218,0.13622,0.13042,0.125101124887407,0.12023,0.11555
19-01-2026 11:25,25514.95,0.12155,0.11805599675230338,0.11440959284236343,0.11269,0.11016,0.10919,0.10884,0.10989,0.11307,0.11606,0.12056,0.12524,0.13056,0.13686,0.20677,0.19908,0.19201,0.18296,0.17563,0.16681,0.15861,0.1503,0.14252,0.13653,0.13071,0.12538101378952274,0.12058,0.11544
19-01-2026 11:30,25517.75,0.1164,0.11895,0.11447,0.11183181325080926,0.11014,0.10927789410532926,0.10842,0.10934,0.11251,0.11579,0.12019,0.1249,0.13011,0.13805953143570177,0.20709,0.1994,0.19234,0.1833929827558194,0.1754,0.16715,0.15874,0.15046,0.14364375802522453,0.13664,0.131,0.12545479367140283,0.12012967205511012,0.11537
19-01-2026 11:35,25523.55,0.13105,0.12514,0.11925,0.11609,0.11285,0.11088,0.11018100715260401,0.1104,0.11264485538920938,0.11588,0.11969059478340797,0.12440936912884906,0.12994457230714518,0.1365523401379701,0.20675,0.19946564754722013,0.19187,0.18327,0.17488,0.16705,0.15852,0.14979,0.1429226482416231,0.13564,0.12973,0.12382,0.119,0.11349
19-01-2026 11:40,25536.55,0.12496,0.12074,0.11594,0.11329,0.11037,0.10856,0.10765,0.10846,0.11115,0.11382,0.11815,0.12287,0.12793,0.13466,0.20941723055755265,0.20095,0.19398,0.18491575627362972,0.17634027809587538,0.16824,0.1595570762714918,0.15139672355217942,0.14335,0.13701,0.1309,0.12512,0.12048,0.11494092754934573
19-01-2026 11:45,25537.25,0.11701,0.11709,0.11325401356606862,0.11106,0.10883,0.10754,0.10676,0.10777,0.11073,0.11367,0.11808,0.1229,0.12826,0.13492,0.20866,0.20064,0.19372,0.18477,0.177,0.16841487248515533,0.16057,0.15202,0.14431,0.13781,0.13158,0.1257,0.12097,0.11573
19-01-2026 11:50,25541.5,0.11897820770901808,0.11365,0.11364,0.1105,0.10792,0.1068,0.10637,0.1072,0.11035,0.11317,0.11783,0.12228296630515789,0.12762,0.13443,0.20815,0.20067,0.19268,0.18491,0.17719,0.16884,0.16039,0.15234,0.14533571904815346,0.13809,0.13205,0.12577,0.12127,0.11592
19-01-2026 11:55,25540.75,0.10867,0.10743,0.10536,0.10369,0.10266,0.10272,0.10312,0.10564836615445397,0.10829,0.11183,0.11640224303951348,0.12165,0.12697,0.13378,0.2090074673711156,0.2002,0.19379,0.18487,0.17745,0.16897277019978452,0.1608,0.15360505993974746,0.1465075658631484,0.13975215332041468,0.1331,0.12732,0.12284,0.11794
19-01-2026 12:00,25527.0,0.10974,0.10841,0.10674,0.10549,0.10385,0.10401,0.10449,0.10618,0.11004,0.11364958509319312,0.11844,0.12351,0.12899,0.13637529429418804,0.2073,0.20016,0.19242,0.18348,0.17536592281206037,0.16737189741153002,0.15959980720688516,0.15204869576212537,0.14449,0.13840330594883765,0.13228,0.12672,0.12177690874685179,0.11728
19-01-2026 12:05,25522.1,0.11301694355084191,0.11073,0.10806675891765366,0.1061740723331939,0.10508,0.10494648657348847,0.10558,0.10727,0.11101,0.1146272373366583,0.11926048238698884,0.1243,0.12996947661252153,0.1361128802863918,0.20782,0.20040999069405624,0.1927,0.18434,0.17697,0.16887,0.16066372969413656,0.15289965282818085,0.14489,0.13817,0.13251,0.12657,0.12221,0.11694
19-01-2026 12:10,25521.0,0.12433,0.11889,0.11494,0.11236,0.10965769560496261,0.10817,0.10804,0.10903,0.1125,0.11537,0.11986,0.1248,0.1303505873969772,0.13657,0.20775,0.20073200025268453,0.19335,0.18459,0.17717,0.16903,0.16024,0.15184,0.14431,0.13714,0.131,0.1247,0.11998,0.11443
19-01-2026 12:15,25533.2,0.13678,0.12256,0.11838,0.11453,0.11132,0.10931,0.10839,0.10893,0.11202,0.1148,0.11916,0.12362,0.12856,0.13528,0.20755,0.20026230458786204,0.19279,0.1843621775571134,0.17679,0.1679843208483562,0.15986,0.15134,0.14366,0.13692,0.13042,0.12428,0.11911,0.11353
19-01-2026 12:20,25542.4,0.11411,0.10844117115587586,0.10266,0.10198,0.10102,0.10115,0.10161,0.10353,0.10747,0.11081,0.1156056770721731,0.12093,0.12651,0.13326,0.2099237955398838,0.20187,0.1949,0.18591,0.17898,0.1707,0.16180969847398607,0.15342,0.14596,0.13906,0.13334,0.12723,0.12264,0.11728692225988227
19-01-2026 12:25,25526.05,0.11773,0.11337,0.11022,0.10788,0.1059,0.10506636417928508,0.10506,0.10649,0.10989,0.11301,0.11802,0.12303,0.12859,0.13592930607136708,0.20938991995610515,0.20069,0.19363,0.18491,0.17726,0.16944,0.16091,0.15195,0.14452,0.13732,0.13175,0.12558,0.12117,0.11557
19-01-2026 12:30,25524.6,0.1156,0.11206,0.10880420146256709,0.10649,0.10471,0.10398,0.10478,0.10605,0.10988,0.11311,0.11825,0.12325,0.12894,0.13623214719972634,0.20828,0.20104735401367405,0.19352,0.18479,0.17714,0.1685633363383779,0.16056,0.15249545160922795,0.14437,0.13743,0.13158,0.12566,0.1203495627919368,0.11576
19-01-2026 12:35,25520.4,0.11317,0.11034821703158416,0.10806,0.10634,0.10473,0.10458,0.10512,0.10677,0.11044,0.11385,0.11905,0.12427,0.12963,0.13648,0.2079,0.20021,0.19313,0.18457435616917986,0.17648226908497358,0.16889,0.16025530083451708,0.15193,0.1447,0.13846507929235155,0.13223,0.12613,0.12117504810193507,0.1169
19-01-2026 12:40,25513.2,0.12541,0.11795,0.11543,0.11233,0.10978,0.10874193897568718,0.10874184945515256,0.10951,0.1127,0.11583,0.12062,0.12569,0.13124914756266956,0.13754,0.20843191479582385,0.19952,0.19169,0.18334,0.17599,0.16763,0.15912,0.14958,0.14208,0.13552,0.12947,0.12357,0.11899,0.11338
19-01-2026 12:45,25525.45,0.11245,0.11086,0.10752,0.10625,0.1046,0.10419,0.1049,0.10643,0.11000470748372719,0.11372483389429733,0.1183,0.12333,0.12911371353014825,0.13545,0.20849,0.20163,0.19299,0.18466,0.17734,0.16901,0.15942,0.15063,0.14358,0.13708,0.13145,0.12577,0.12132,0.11637
19-01-2026 12:50,25519.95,0.13225,0.12577,0.11927,0.11491,0.11157,0.10981,0.10898,0.11021108108299832,0.11256,0.11547,0.12006,0.12495,0.13004,0.1375937635299681,0.20893573544947192,0.19944,0.19209,0.18312,0.17482012591081397,0.16716,0.15768,0.14943,0.14178,0.13477,0.12875,0.12287,0.11815,0.11251
19-01-2026 12:55,25545.2,0.11676,0.11437,0.11059,0.10847,0.10618,0.10572841553818244,0.10519,0.10619,0.10935194824349634,0.11253,0.11723,0.12192,0.12727,0.13345,0.21005,0.20273135455804106,0.19547,0.18680646380835786,0.17924,0.17023558599687152,0.16181254113822524,0.1535781873850803,0.14532,0.13859773296923067,0.13208,0.12633,0.12177,0.11501320370016604
19-01-2026 13:00,25548.85,0.10962,0.11163,0.10857475707152836,0.10731,0.10552725308378232,0.10433,0.10439,0.10665477833147306,0.10896,0.11199,0.11637393146421525,0.12166,0.12697,0.1345743107314194,0.21235,0.2043882554898427,0.19642004263328575,0.18855,0.18082,0.17245,0.16303045409099992,0.15421,0.14696,0.14018677236533555,0.1335,0.1276,0.12278,0.11719
19-01-2026 13:05,25553.0,0.11105,0.1082,0.10615,0.10522,0.10357,0.10343278524269107,0.10356,0.10459,0.10837,0.11157,0.11633,0.12113,0.12647,0.13272,0.21327,0.20541,0.19782,0.18902,0.18215,0.17319,0.16354,0.15452,0.14744937612044454,0.1398,0.13362,0.12765,0.12291,0.11755974528422036
19-01-2026 13:10,25544.5,0.10337,0.10265,0.10198,0.1013,0.10012,0.10054,0.10159,0.1032,0.10731,0.11082,0.1152788950634546,0.12043647791963023,0.12627,0.13267,0.21470520122265924,0.20633660009191973,0.19734,0.18881,0.18155,0.17253,0.16370714913209558,0.1553492680992214,0.1474013633215386,0.13947,0.13366,0.12777,0.12327,0.11802
19-01-2026 13:15,25530.5,0.12054,0.11933,0.11433,0.11157,0.1088,0.10705,0.10718742124817837,0.10769,0.11106,0.11411,0.11878,0.12347,0.12873,0.13503,0.21156,0.20401,0.19485,0.18673,0.17924,0.17003,0.16063,0.1516,0.14386,0.13678,0.1306,0.12447,0.11935,0.11371
19-01-2026 13:20,25540.05,0.11408709543966462,0.10854,0.10650622006816235,0.1046,0.10267,0.10224,0.10289,0.10447,0.1084,0.11177,0.1165,0.12158,0.12702,0.13326,0.21433,0.20503,0.1966,0.18842,0.18086,0.17187,0.16265324561060784,0.15391,0.14603,0.13924,0.13311888767672939,0.12718698490572444,0.12166330365581314,0.11691
19-01-2026 13:25,25531.0,0.11509,0.11160612447649051,0.1090794955921344,0.10686,0.10463,0.10398,0.10429,0.10652180327310629,0.10936,0.11284,0.1172784430536438,0.12271,0.12805,0.13524148190601762,0.21303,0.20478838496265522,0.19606,0.18782,0.17992,0.17115,0.16142,0.15289,0.14481,0.13759,0.13151,0.12532,0.11968789748158087,0.11497
19-01-2026 13:30,25535.2,0.12707,0.12045,0.11491,0.11121,0.10838,0.10671,0.10665682410828525,0.10745,0.11038,0.11346436845859106,0.11785,0.12252918803082927,0.12795,0.1350938058170147,0.21217,0.20341,0.19546,0.18734,0.17957,0.17007518179600828,0.16126,0.15263,0.14467,0.1373,0.13107,0.12507761955412805,0.11976,0.11441702429692323
19-01-2026 13:35,25552.1,0.11146,0.11216,0.10796,0.10693,0.10432,0.10337,0.10342,0.1046,0.1082,0.11146,0.11561434403766169,0.1209,0.12641942074138324,0.13269,0.21298,0.20558,0.19688,0.18916,0.18172,0.17305,0.16371382979108026,0.15501,0.14706,0.13943,0.13343,0.12746635306072956,0.12225,0.11648
19-01-2026 13:40,25558.15,0.10084,0.10162946930638382,0.1013681670205198,0.10217,0.10095407060062943,0.10044,0.10219476696097521,0.10407896897754187,0.10605,0.10954,0.11444,0.11938,0.12445,0.1312,0.21455,0.20664,0.19828,0.18984,0.18241,0.17425,0.16413,0.15593,0.14815,0.1405,0.1345304423184822,0.12854,0.12393,0.11829
19-01-2026 13:45,25544.95,0.14487,0.13666,0.12756,0.12040502337075551,0.11614,0.11251,0.11062,0.11052,0.11243,0.11496,0.11903,0.12358,0.12837,0.13583360570296338,0.20948,0.20197,0.19316,0.18546,0.1781,0.16896354341757353,0.16012,0.15118,0.14295,0.13613116212057058,0.12862,0.12181,0.11596,0.11108123891783846
19-01-2026 13:50,25583.5,0.12838,0.12116,0.11684914915245372,0.11228,0.10902,0.10720581116321592,0.10557,0.10556,0.10766,0.11011,0.11408818115006741,0.11876,0.12347,0.12958,0.21282,0.205538947288899,0.19832,0.18915,0.18098996460449132,0.17343,0.16467,0.15624,0.14823,0.14042,0.13434,0.12716,0.12208,0.11634656662479
19-01-2026 13:55,25602.3,0.1106,0.1098,0.10677,0.104,0.10319058197221723,0.10289333045259172,0.10269450839752492,0.10334169846700479,0.10419,0.10667,0.11111367977245501,0.11533,0.12046,0.12655,0.2172,0.20913,0.20067,0.19324,0.18519,0.17687,0.16751,0.15906888154579485,0.15092162760937905,0.14258,0.136,0.12898,0.12389,0.11756
19-01-2026 14:00,25605.6,0.12322,0.12113301592025794,0.12019,0.11659,0.11217,0.10884,0.10838102543490329,0.10807740357356199,0.10793,0.11018586898897256,0.11282,0.11712,0.12165,0.12738,0.21757,0.20907,0.20144,0.19321704377697602,0.18558,0.17699,0.16718,0.15838,0.15012365208347547,0.14124,0.13488,0.1275,0.12188,0.11534
19-01-2026 14:05,25625.95,0.12169,0.11189,0.10830116115547249,0.10345,0.10222,0.10043,0.09994,0.09999,0.10203,0.10432,0.10822,0.11282,0.11773,0.12462399028627899,0.21907767194292296,0.21071,0.20395,0.19544,0.18691520520693966,0.17924,0.16971,0.16103708402279665,0.15254,0.14421,0.13787,0.13055,0.12428900429423309,0.11896
19-01-2026 14:10,25615.15,0.10628469738107921,0.09995,0.09965,0.09834,0.09748,0.09712,0.09703,0.0976,0.10044,0.10368499185500762,0.10738,0.11256,0.11777,0.12431,0.22004,0.21226,0.20365,0.19573,0.18818,0.17891,0.16969627479651284,0.16085973424155858,0.15187,0.1439,0.13771,0.13078,0.12572,0.11940029951435908
19-01-2026 14:15,25589.9,0.13766,0.13118,0.12342,0.11812,0.11379,0.11051,0.10828,0.10703,0.10803,0.10946,0.11277,0.11743,0.12207928647055218,0.12803,0.21727705276476067,0.20806,0.20148,0.1931403495327261,0.18472660129625618,0.1762,0.16675,0.15790876372295587,0.14877,0.1413885510887223,0.13394364441880266,0.12657,0.12068,0.11507427711948487
19-01-2026 14:20,25610.85,0.11315,0.11321,0.10957,0.10694,0.10476,0.10277,0.1024343874344405,0.10149,0.1037145154731351,0.10535,0.10893,0.1136,0.11863,0.12504,0.21923,0.21064,0.2033,0.19293,0.18530392985478839,0.17771,0.16863,0.15984547019223527,0.15143,0.14296,0.13683,0.1295,0.1243,0.11837
19-01-2026 14:25,25607.6,0.10579,0.10267,0.10032,0.10001,0.09933,0.09857966498931542,0.0982,0.09936228333894213,0.10129757212018078,0.10301,0.10743,0.11224,0.11779,0.12417647589490566,0.21751,0.21036,0.20187541213415283,0.19334,0.18599,0.17685,0.16782,0.15877,0.15127,0.14339,0.13723,0.13016,0.12514,0.11914545702522308
19-01-2026 14:30,25603.8,0.12084,0.11134,0.10881,0.10532,0.10358,0.10147,0.1003,0.10042,0.1026,0.10453,0.10834,0.1135,0.11882,0.12533,0.21718,0.20826,0.20189,0.19314617040693177,0.18532,0.17613892717743795,0.16768,0.15837,0.15067,0.1434433370944739,0.1362264733620549,0.12894,0.12323236111328244,0.11796
19-01-2026 14:35,25599.55,0.12345,0.12152,0.11567,0.11125,0.10814,0.10541,0.10409336431341346,0.10339,0.10504,0.10716730920790382,0.11035,0.11465335863518741,0.1200841671965903,0.12651,0.21752421121735055,0.20833,0.2015,0.19188,0.18429,0.17538579480413552,0.167,0.15792,0.15039,0.142,0.13561,0.1285,0.12251094400396716,0.11684
19-01-2026 14:40,25614.95,0.1148317191478479,0.10885,0.10565,0.10395,0.10221,0.10078,0.09969,0.09987,0.1021,0.10379,0.10764,0.11244,0.11784,0.1245,0.21837,0.20946,0.20142570953265554,0.19316,0.18627,0.17699865081515456,0.16874,0.1597,0.15185,0.14467904603257709,0.13747,0.13037,0.12507,0.1193
19-01-2026 14:45,25620.55,0.11037,0.10708,0.10642,0.10373,0.10236,0.10072,0.10023088713028144,0.10005,0.10201243387232885,0.10383,0.10731,0.11241,0.1174,0.124,0.21897,0.21121447079991315,0.20335,0.1946370647425953,0.18659,0.17784,0.1690769389432445,0.16058,0.1525405498151423,0.14412,0.13758115229614815,0.1307,0.12563,0.11969
19-01-2026 14:50,25623.15,0.1085,0.11035,0.10789,0.10536,0.10345,0.10179246163453796,0.1008,0.10025,0.10186,0.10386,0.10726,0.11208,0.11747,0.12387,0.22025,0.21127,0.20317587664881795,0.19481,0.1866350453617741,0.17899,0.16996,0.1613456669544943,0.15287,0.14462,0.1383,0.13097,0.12523,0.11871883829360647
19-01-2026 14:55,25624.2,0.10733,0.10534965857732333,0.1030576742102979,0.10127,0.09954,0.09874,0.09781,0.09807,0.10033943315640476,0.10278703264806098,0.10572,0.11066,0.1161,0.123,0.2223085449283994,0.21316,0.20647,0.19636,0.1889,0.17969,0.17083549112507543,0.16236,0.15414,0.14574,0.13925,0.1319,0.12646,0.11994
19-01-2026 15:00,25629.95,0.07571,0.08335,0.08974,0.09084,0.09092901114665468,0.09157,0.092,0.09314,0.09650387528019672,0.09833,0.10272,0.10815579753389318,0.1141,0.12154,0.22197,0.21378,0.2071,0.197,0.19015,0.18093575676813287,0.17272,0.16368,0.15576,0.14772,0.14142,0.1343,0.1282439812810034,0.12304
19-01-2026 15:05,25604.15,0.09258,0.09554,0.09658,0.09568,0.09561,0.0948552737576295,0.09489,0.09552,0.09847662750985152,0.10054,0.10469,0.11057,0.11635366160565855,0.12372,0.21802,0.21035241678480554,0.20222,0.19224,0.18469,0.17621,0.16796,0.1595,0.15167,0.14429,0.13815,0.13117,0.12627,0.1205
19-01-2026 15:10,25595.95,0.09948,0.10101,0.10084,0.09878,0.09738,0.09655,0.09669539665561755,0.09673,0.09952,0.10279979093158122,0.10649,0.11201,0.11776,0.12506,0.21773,0.20871,0.20256,0.19305342306988857,0.18448,0.17636956935007767,0.16875,0.16006,0.15216,0.14468,0.1384007767176101,0.13201,0.12721,0.12057
19-01-2026 15:15,25590.9,0.07844,0.0842672812282808,0.08747032571996335,0.09114,0.09153,0.09184,0.09221,0.09384,0.09699,0.10038,0.10560360778469895,0.11103,0.11673,0.12435,0.21822,0.20996,0.20319,0.19338,0.18511191724614554,0.17701,0.1691939490464061,0.1614821617950833,0.1539690531437498,0.14666783601282324,0.1394,0.1332,0.12822,0.12252
19-01-2026 15:20,25561.25,0.09686628871359923,0.09787,0.09795,0.09701,0.09614,0.09589,0.0961294858903625,0.097,0.10062,0.10386,0.10847,0.11473,0.12089526462076833,0.12947897436026243,0.21484,0.20616,0.19979,0.18962,0.18234,0.17327,0.16539,0.1573989315794164,0.14912,0.1416,0.13589,0.12968,0.12511,0.11944
19-01-2026 15:25,25558.3,0.09554,0.09861,0.09696,0.09634,0.09561,0.09436,0.09471047279936157,0.09501,0.09899,0.10247,0.10776,0.11353595446032021,0.12024,0.12882,0.21267,0.20797,0.19916,0.18901,0.18177,0.17352060472310474,0.16554532443774111,0.1576,0.14997,0.14327754690469924,0.13666,0.13105,0.12566,0.12062
20-01-2026 09:15,25559.3,0.10958075994054546,0.10782,0.10653,0.10385196581124334,0.10309,0.1019,0.1017,0.10278,0.10608,0.10934,0.11374015416007091,0.11947906178918748,0.12593412218964167,0.13346,0.21699,0.20824228201110068,0.19954740495163764,0.19094835681460276,0.18281,0.17515,0.16673513631930378,0.15866,0.15158747061277283,0.14448,0.13891,0.13211,0.12705,0.12128
20-01-2026 09:20,25552.55,0.08860541927132833,0.08687,0.08989102124943296,0.09107235257562929,0.09326,0.09455,0.09669410090716654,0.0986,0.10298,0.10721,0.11258,0.11856218090664636,0.1258,0.1326443338709598,0.21557312731122502,0.20639,0.19807590784691537,0.18967,0.18249,0.17475,0.16647,0.15859,0.15205,0.14594790179124087,0.14001,0.13427,0.12977,0.12469
20-01-2026 09:25,25506.85,0.10561,0.10672,0.10425820424803944,0.10338,0.10249,0.10253,0.10265,0.10513,0.10934,0.11327,0.11882,0.1255,0.13235,0.14021,0.2123,0.2035153333058366,0.19446,0.18606,0.17821,0.17054,0.16225,0.1547,0.14799,0.1406,0.13579,0.13023,0.12527811576668052,0.12043
20-01-2026 09:30,25488.8,0.11948,0.11639,0.11324,0.11045,0.10868,0.10749741276572446,0.10704,0.1092,0.11322,0.11699356944023487,0.1223,0.1281950916596796,0.1357,0.14346,0.21217,0.20275968379991974,0.19305,0.18456,0.17625,0.16882,0.16018488607217624,0.15211,0.14485,0.13766,0.1322253485737817,0.12653,0.12177,0.1169
20-01-2026 09:35,25481.8,0.11100147946845651,0.10612,0.10606,0.10502,0.10486,0.1051250786452755,0.10650907496200498,0.10807,0.11262,0.11688,0.12260309723712015,0.12934,0.13647,0.14437,0.21414,0.20424,0.195,0.18618,0.17789,0.16979,0.16114,0.15347752012455793,0.14609,0.13917,0.1344,0.12895,0.12492,0.12093
20-01-2026 09:40,25461.45,0.1239,0.12095,0.1183,0.115,0.11282,0.1114,0.11103,0.11365352521789643,0.11716,0.1212071945422637,0.12631378643789315,0.1328,0.13944929596972935,0.14751,0.21475410856017965,0.20484,0.19571,0.18656056434009557,0.17786,0.1694,0.16066,0.15234,0.14484,0.13754,0.13193,0.12643,0.12159091722262212,0.11715
20-01-2026 09:45,25463.25,0.11886,0.11763,0.11452,0.11217255151366202,0.11093,0.11004,0.10994,0.11251,0.11668,0.12084,0.12588069592589335,0.1324555796831433,0.13976,0.14772,0.21617,0.2068,0.19749,0.18816,0.17992,0.17097,0.16206,0.15357,0.14623,0.13888,0.13324244602231944,0.12791,0.12344,0.11877
20-01-2026 09:50,25462.3,0.10848901448773512,0.10359,0.10437,0.1047,0.10478,0.10524,0.10628,0.10976,0.11486,0.11966,0.12551,0.13248,0.13991,0.14806,0.21566,0.20717,0.19781,0.18850618412858222,0.17986,0.17141,0.16265,0.15482,0.14771,0.14109,0.1358135609800165,0.13128,0.12741,0.12321407704540188
20-01-2026 09:55,25459.95,0.12017,0.11734,0.11509,0.11309,0.11168,0.11066,0.11082,0.11301,0.11729,0.12141,0.12645,0.13352,0.13992,0.1482,0.21354,0.2043479829220021,0.19488,0.18573370275813866,0.17719,0.16798,0.15917,0.15126,0.14375,0.13703,0.1318,0.12653,0.12249728467275632,0.1189
20-01-2026 10:00,25467.2,0.12281162940954338,0.11817,0.11516054319421273,0.11298,0.11161,0.11079068203792042,0.11064,0.11255,0.1162748513540616,0.12051,0.12592668757585856,0.13244,0.13902,0.14695,0.21533,0.20605529330947528,0.19651,0.1877,0.1793,0.17022,0.1615,0.15279,0.14573873451826808,0.13898985055800733,0.13245,0.12718,0.12286,0.11927
20-01-2026 10:05,25465.6,0.12575,0.12217,0.11847,0.1155,0.11323,0.11169,0.11138,0.11299,0.11669,0.12060034260527067,0.12555231989876892,0.13143,0.13808,0.14723081411811392,0.21274,0.20373,0.19436,0.1854,0.17664,0.16787,0.15919,0.15038,0.14302,0.13565,0.1304,0.1248,0.1205,0.11612
20-01-2026 10:10,25484.8,0.1074,0.10682,0.10632,0.10583,0.10569,0.10526,0.10616,0.10868,0.11282,0.11673,0.12245,0.12917,0.13582,0.14512563766766412,0.21481,0.20536,0.19732,0.1883,0.18013,0.17126,0.16273,0.15463,0.14738,0.14062,0.13526,0.13005071674004978,0.12609,0.12100299158015676
20-01-2026 10:15,25468.6,0.12772,0.12327,0.11949,0.11605,0.11314,0.11173,0.11187463495402294,0.11295,0.11646,0.11995,0.12512,0.13092601882486948,0.13793,0.1461,0.21212,0.20321,0.1946623027023718,0.18619,0.17738,0.16858,0.16035,0.15144,0.14432,0.13723,0.1311,0.12532,0.12078,0.11595
20-01-2026 10:20,25485.6,0.11154,0.10884,0.10774,0.10619,0.10572,0.10582528562480746,0.10573,0.10814,0.11216246168613492,0.11595,0.12138,0.12801,0.13389,0.1418,0.21395,0.20507,0.19666,0.18751213523810184,0.17934,0.1703,0.16192,0.15335,0.14566,0.13856,0.13311,0.1275,0.12343,0.11945
20-01-2026 10:25,25487.25,0.10661,0.10795,0.10761,0.10587,0.10469,0.10423,0.10577759190387744,0.10713,0.11101,0.1149,0.12017966464779166,0.12653,0.1330343539790459,0.14058,0.21544232989177048,0.20576,0.19731,0.18871,0.17989,0.1711,0.16216,0.15401,0.14591,0.13963459712726214,0.13349,0.12787,0.12345462564435054,0.11984
20-01-2026 10:30,25478.75,0.11189,0.11147,0.10921,0.10739541070630904,0.10666,0.10675489579996109,0.10769176142765512,0.10901,0.11309,0.11659,0.12183,0.12783,0.13375,0.14165,0.21488,0.20586172911321235,0.1967014922701164,0.18781,0.17961,0.1703705422790007,0.16191,0.15362,0.14608648801696164,0.13855,0.13287,0.12723,0.12353,0.1192
20-01-2026 10:35,25473.7,0.12935930925998912,0.12579,0.12023797907116773,0.1168,0.11332,0.11134,0.11109,0.11249418885667367,0.11489,0.11793,0.12257,0.12839,0.13405,0.14165,0.21389,0.20442,0.19551,0.18693,0.17812,0.16897912998805437,0.16038,0.152,0.14354,0.1369733265348687,0.13003,0.12406,0.11976,0.11477
20-01-2026 10:40,25492.55,0.10672,0.1075,0.10644,0.10503,0.10373,0.10351,0.10546023805320812,0.10662,0.11048274085918734,0.11392,0.11913,0.12533,0.13116,0.13874,0.21694,0.20647,0.19762945592742748,0.18906,0.18062,0.17107297743994038,0.16265,0.1537,0.14615,0.13932,0.1333,0.12777,0.12399,0.11969
20-01-2026 10:45,25480.45,0.11358,0.11198,0.11056,0.10835,0.10654,0.10603,0.10659,0.10917390957831233,0.11211,0.1154,0.120512345130373,0.12682,0.13278099996383874,0.1398,0.21571,0.2057,0.19716,0.18776,0.17897,0.16961,0.161,0.15226,0.14411,0.13716,0.13185,0.12657735794693842,0.12186,0.11749
20-01-2026 10:50,25478.05,0.10456,0.10511352502314289,0.1052,0.10423,0.10371,0.10367,0.1047,0.10718,0.11123,0.11475,0.1202963244888677,0.12687,0.13248,0.14035,0.21706196024342672,0.20685,0.19856,0.18901034341866157,0.18033,0.17134,0.16222,0.15388,0.14507,0.13858,0.133,0.1275,0.12352,0.11934
20-01-2026 10:55,25465.4,0.11001,0.10883482907444691,0.10730806400772724,0.10717,0.10613,0.10588,0.10683,0.10978745340281577,0.11304,0.11638,0.12194,0.12796,0.13433112886695164,0.14169,0.21569,0.20598,0.19799,0.18832,0.1790521693443985,0.17018,0.16098,0.15340223347643148,0.14586120909613215,0.13889211870111212,0.13248508849434396,0.12627,0.12217,0.11789
20-01-2026 11:00,25459.55,0.10868,0.10776663210688434,0.10691,0.10551,0.10506,0.10499,0.10609,0.10852,0.11267,0.1165,0.12191,0.1283,0.13487,0.14197,0.21584062648204405,0.2054,0.19649646130855752,0.18736,0.17861,0.16953,0.16061088109969782,0.15227,0.14379,0.13738,0.1317,0.12624,0.12208,0.11829
20-01-2026 11:05,25453.55,0.11082,0.10903,0.10691836894424253,0.10566881214235856,0.10513,0.10492,0.10663041187117547,0.10871,0.11321,0.11702,0.12277,0.12893442999861746,0.13604,0.14342,0.2156396907022679,0.20524,0.19601,0.18708,0.17858,0.16914,0.1600948364237213,0.1516599282555301,0.14305,0.1366,0.13097,0.12559,0.12122,0.11696
20-01-2026 11:10,25452.35,0.11495719182243416,0.11093,0.1091,0.10713,0.10590798552865126,0.10565,0.10673,0.10914,0.11382,0.11773,0.12347,0.13009,0.1366,0.14428,0.21249,0.20293,0.19392,0.18522,0.17663,0.1674,0.15857,0.1506417996903843,0.14242,0.13592,0.13029,0.125314029048998,0.1209,0.1166
20-01-2026 11:15,25445.65,0.12009,0.11464876046912126,0.11068,0.10879,0.10734822017769872,0.10679,0.10767,0.11018,0.11439,0.11865,0.12418,0.13069,0.13729,0.1449,0.21285798876299025,0.20226,0.19364,0.18416,0.17559,0.1661319540912358,0.15732,0.14903,0.14108,0.1349890477964838,0.12892,0.12356,0.11904243946965594,0.11507
20-01-2026 11:20,25449.95,0.11642,0.11418,0.11154,0.10934,0.10777,0.10764433005979444,0.10791,0.11005,0.11411,0.11805,0.12358774506801573,0.13031,0.13678,0.14464,0.21234,0.20231,0.19334,0.18431,0.17548,0.16635,0.15739,0.14924128586804758,0.14115,0.13428,0.12837,0.12298,0.11879,0.11461
20-01-2026 11:25,25447.1,0.12727815916736734,0.12109504894444673,0.11703,0.1135,0.11081,0.10970704469991537,0.10955,0.11127,0.11507,0.11903857553401598,0.12429,0.13025,0.13698,0.14503,0.21107,0.20205,0.19263668997693406,0.18367,0.17454,0.16524090993373744,0.15634,0.14866,0.14012,0.13309,0.12699,0.12167747083263974,0.11676,0.11183
20-01-2026 11:30,25458.7,0.11629294784308115,0.11182,0.10942,0.1076,0.10639,0.10653465472043389,0.10760058195367125,0.10885,0.1129407673051491,0.1172,0.12297,0.12923,0.13594,0.14388,0.21286,0.20401047855617502,0.1952,0.18574,0.17625518991653089,0.16773,0.15875,0.15054,0.14234,0.13524,0.12935,0.12420336820031831,0.11971,0.11532
20-01-2026 11:35,25466.4,0.11355,0.11138,0.10887,0.10647,0.1051,0.10478,0.10551,0.10864476111710336,0.11214,0.11609,0.12192,0.12821766427552678,0.1352,0.14410075509753703,0.2145945279402631,0.20421,0.19568,0.18664,0.17681,0.1678,0.15921,0.15068,0.1423,0.13516,0.12912,0.12373,0.11943,0.11498
20-01-2026 11:40,25461.5,0.12097,0.11576945074509547,0.112,0.10852,0.10679,0.10562,0.1063,0.1084,0.11251,0.11636,0.12252,0.12877,0.13566,0.14361,0.21276239038992348,0.20279,0.19394861020693616,0.1848653783401748,0.17596,0.16727,0.1579,0.14947,0.14098,0.13433347325300216,0.12792369405172058,0.12192,0.11721,0.11269522918179514
20-01-2026 11:45,25463.2,0.12048,0.11557,0.11228,0.10909,0.10721524404829552,0.10589,0.10760855630492129,0.10976603346298011,0.11287744561707272,0.11682,0.12256,0.12889,0.13567,0.14366,0.21245,0.20382903476344405,0.19501,0.18563,0.17653,0.16721,0.15814,0.1497419411264692,0.14123,0.13391,0.12791,0.12175,0.11723,0.11238
20-01-2026 11:50,25474.5,0.11774,0.11478,0.11061537617953113,0.10766,0.10586,0.10533672975213504,0.10512,0.10724,0.11143,0.11565,0.12162,0.12782962043531593,0.1352,0.14297,0.21369,0.20379,0.19501,0.18616,0.1766966649447435,0.16797,0.159,0.15025,0.14249994697152518,0.1350321660910565,0.12763,0.1223053715061043,0.11707,0.11218
20-01-2026 11:55,25481.0,0.10771,0.103,0.10276,0.10132,0.10055,0.10028,0.10291456949797972,0.10586814983731632,0.10935,0.11412,0.12074,0.1275,0.13459,0.14305,0.2211698162374663,0.20994336453596618,0.1992114701095671,0.18882457854575008,0.17896,0.16935,0.16058,0.15217,0.14355,0.13664,0.13013,0.12432,0.12024,0.11575
20-01-2026 12:00,25467.5,0.09915,0.09916,0.09962,0.09945,0.09935,0.09996,0.10298667713868676,0.1061756380593856,0.10965,0.11489,0.12143,0.12857,0.13616,0.14475,0.21529675333628107,0.20503,0.19685,0.18735,0.1778,0.1687,0.16001154771335668,0.15162,0.14412137756158377,0.137049409602208,0.13011,0.1244,0.12066,0.11678
20-01-2026 12:05,25450.2,0.09507,0.09683,0.09809,0.09795,0.09876,0.09977,0.10291678356649922,0.1057,0.1111,0.11635,0.12323,0.13027,0.13801,0.14649,0.21282,0.20368,0.1954,0.18582,0.17652,0.16785,0.1592,0.15096,0.14268,0.13637326200214794,0.12987,0.1252908641150084,0.1211,0.11695
20-01-2026 12:10,25433.1,0.1132,0.11044,0.10853,0.10653,0.10577,0.10538,0.1068,0.10975,0.1145,0.11952,0.12627,0.13302,0.14059,0.14884,0.213,0.20233,0.19356,0.1843,0.17502524768138394,0.16616,0.15694,0.14948644636763564,0.14214120512547057,0.13535824284430675,0.1289558304036565,0.12301473804032588,0.11718,0.11337
20-01-2026 12:15,25439.15,0.10619,0.10565,0.10401325730696384,0.10336,0.10326,0.10351,0.10532,0.10852,0.11348,0.11845,0.12495,0.13179,0.13906166822138843,0.14682,0.2137,0.20348,0.19506,0.18538,0.17628,0.16681117627928965,0.1577,0.149665451543549,0.14148,0.13493,0.12875,0.1233,0.1179579481515278,0.11402932978614402
20-01-2026 12:20,25436.4,0.10942338493436132,0.10629321672667628,0.10402,0.10292,0.10264,0.10410615870649723,0.10634146962507418,0.10935879042461807,0.11297,0.11805,0.12472,0.13187,0.13929,0.14763,0.21345,0.20377914039131828,0.19407605478951856,0.1844593998788901,0.17538,0.16608,0.15717,0.14894,0.14065,0.13405,0.12774,0.12213,0.1182,0.11411
20-01-2026 12:25,25423.6,0.1208,0.11588,0.11273,0.1099,0.10793,0.10772915908201491,0.10829,0.11071,0.11522867627477024,0.12048,0.12691,0.13422,0.14152,0.14968,0.21203626410401316,0.20144,0.19343,0.18337,0.17426,0.16461,0.15543,0.14757,0.13902,0.13232,0.12569,0.11981,0.11516360937586989,0.11103050873860666
20-01-2026 12:30,25431.55,0.10947,0.10751951358065336,0.10553,0.10408,0.10356,0.10387,0.10576,0.1087,0.11365663108062027,0.11914,0.12623,0.13368,0.14167,0.15026,0.21418351735219723,0.20372955440428878,0.19397,0.1843,0.17522,0.16558,0.1569,0.1486,0.14075,0.13438,0.12794,0.12208864867492497,0.11803710703173156,0.11440729632528032
20-01-2026 12:35,25423.05,0.11401810092546487,0.11162,0.10934,0.10714693192984721,0.10628,0.10663697489555893,0.10816195877803922,0.11054,0.11542,0.12063,0.12695455065587527,0.13431055603378778,0.1426,0.15113,0.21258365571982377,0.20148,0.19346,0.18374,0.17408388593924473,0.1649,0.15614,0.14836,0.14033,0.13389,0.12714,0.12128,0.1168632677983966,0.11297
20-01-2026 12:40,25423.5,0.10643,0.10618,0.10481113791544691,0.10452,0.10418,0.1047,0.10697,0.11016,0.11521,0.1209107323423558,0.12754,0.13497,0.14277,0.15133,0.21174373489090287,0.20113,0.19251046498571342,0.18383,0.17468,0.1653267000744062,0.15647,0.14846,0.1413813531015262,0.13458993076904024,0.12806,0.12269,0.11854,0.11481
20-01-2026 12:45,25416.4,0.11852,0.11428,0.11149,0.10896,0.10773,0.10729,0.10892,0.11188,0.1167,0.12145,0.12829,0.13531,0.14295,0.1516,0.21069150244935905,0.19996,0.19164,0.18237,0.17329,0.1641883225638049,0.1555772881576368,0.14701,0.13937,0.13277,0.12663,0.12093,0.11667,0.11296004281037988
20-01-2026 12:50,25426.5,0.11311,0.11122,0.10906,0.10681,0.10607276083253586,0.10587,0.10744,0.11062,0.11489293679025844,0.11979,0.12605697107010816,0.13337,0.14056,0.14862,0.21124,0.202,0.1928,0.18391,0.1742040636239898,0.16542,0.15643,0.14851,0.14039,0.13381,0.12721,0.12141,0.1171,0.11314
20-01-2026 12:55,25428.95,0.1147,0.11217,0.10892888113088281,0.10689,0.10592,0.10607,0.10751,0.11028,0.11486,0.11946,0.1261,0.13324,0.14029,0.14881,0.21106,0.20141,0.19312,0.18387,0.17481,0.1652,0.15629,0.14784,0.13991,0.13364,0.12696,0.12147103483689878,0.11649,0.11241
20-01-2026 13:00,25428.55,0.11009,0.10856,0.1069,0.10542,0.1045,0.10516,0.10790385299457483,0.11096584596158904,0.11462,0.11955,0.12619,0.13349,0.14091678003114966,0.14912,0.21205,0.20313042815069848,0.1943,0.18527,0.17557971352979368,0.16656,0.15769,0.14962,0.14138,0.13494,0.12799,0.12204,0.11751,0.11257745513069574
20-01-2026 13:05,25423.7,0.11124,0.10855128121136091,0.10643071571114496,0.10539,0.10453032069860163,0.1048,0.10666,0.1096,0.11432,0.11944,0.12623,0.13368,0.14102,0.15085837908454583,0.21158,0.20228,0.19419,0.18511,0.17522197725839134,0.16629,0.15714,0.14924,0.14094,0.13456,0.12772,0.12229684478548292,0.11728,0.11361
20-01-2026 13:10,25424.7,0.1078,0.10677,0.10565,0.10431,0.10396,0.1043,0.10644,0.10939,0.11419929826875802,0.11943,0.12599,0.13342,0.14106394462887786,0.14945,0.21222,0.20243,0.1935824335235852,0.18492,0.17599,0.16618,0.15775287273488,0.14959,0.14143,0.13479055923782185,0.12811,0.12231,0.11781512058251402,0.11415
20-01-2026 13:15,25413.05,0.11742369344481904,0.11396,0.11111,0.10903,0.1073,0.10742,0.10895,0.11184,0.1160218555339866,0.12138,0.1275701113635361,0.13515,0.14205,0.15068,0.2115,0.2025383807732674,0.19348,0.18399,0.17438,0.16511,0.15615,0.14777,0.1406278883239288,0.13339,0.12652,0.12117445120428157,0.11616588833558708,0.11188
20-01-2026 13:20,25432.95,0.10549,0.10521,0.10463,0.10332,0.10306,0.10452707290287697,0.10583,0.10895,0.11362,0.119051123214149,0.12487105133118906,0.13176,0.13839,0.14622,0.21272,0.20298,0.19458,0.18595,0.17610336973161467,0.16723,0.15861,0.15051,0.1431969864625468,0.13619,0.12938,0.12385,0.1193262956451842,0.11571
20-01-2026 13:25,25422.0,0.11166,0.11031,0.10826,0.10659,0.10591,0.10591,0.10803046581544866,0.11048,0.11505,0.11937,0.12564,0.13239,0.13918,0.14686,0.21272499215188817,0.20228,0.1938,0.18436139614526992,0.17549,0.16598,0.15731,0.14858,0.14068,0.1342721643858738,0.12769,0.12213,0.11761645628861614,0.1139
20-01-2026 13:30,25415.05,0.10348,0.10326,0.10286,0.10234,0.10244,0.10378,0.10643,0.10968,0.11454856351553185,0.11975,0.12607,0.13332,0.14008,0.14774,0.21187,0.20201,0.19422,0.1842612909516062,0.17533,0.16572,0.15696,0.14927,0.14108,0.13487995225486185,0.12852,0.12364147856576185,0.11927,0.11595
20-01-2026 13:35,25392.3,0.10629,0.10578,0.10436,0.10439,0.10435,0.10572,0.10882213789373185,0.11231,0.11748,0.12272,0.12934,0.13666,0.14399,0.15221,0.21263,0.20288,0.19494,0.18565,0.1764,0.1668,0.15868,0.15101,0.14296,0.13658,0.13079,0.12511,0.12114,0.11673300133397183
20-01-2026 13:40,25365.4,0.1195,0.11614,0.11303,0.11111,0.10982,0.11059,0.11295,0.11636,0.12121,0.1265,0.13288,0.14036,0.14718,0.15527,0.2131679321719755,0.20149,0.19393,0.18288,0.17352,0.16381,0.15514,0.14686,0.1398628187573367,0.13282,0.1262,0.12081,0.1164051663117315,0.11217
20-01-2026 13:45,25372.15,0.11362,0.11193,0.10892,0.10755,0.10657,0.10757,0.11044,0.11415,0.11937,0.12474,0.13185,0.13917,0.14658,0.15474,0.21139,0.20267,0.19336153949531978,0.18461,0.17568,0.16583,0.1574529968091879,0.14928,0.14245559639490157,0.13548,0.12896,0.12333,0.1187,0.11453
20-01-2026 13:50,25364.1,0.11927327217304001,0.11542,0.11198991704255529,0.11015,0.10898,0.10929,0.11172,0.1156,0.12047199096640315,0.1260915521843468,0.13298,0.14043,0.14763,0.15575,0.21097,0.20219,0.19267006495283162,0.18343746365084895,0.17434769400449357,0.16537963444548703,0.15701,0.14838246411778103,0.14016,0.13401,0.12738,0.12171,0.11726,0.11303
20-01-2026 13:55,25368.4,0.11965264389879561,0.11596,0.11223685207179596,0.11014,0.10945527317600061,0.10947,0.11184,0.11536,0.12047,0.12582,0.13258,0.13973,0.14713,0.15527,0.21065,0.20234,0.19506,0.18455,0.17557,0.16568,0.15729301503036952,0.14869,0.14079,0.13478,0.12791,0.1224,0.11736,0.11303
20-01-2026 14:00,25369.7,0.11558740998822581,0.11201,0.10893,0.10744,0.10673,0.10818,0.11086,0.11473,0.12021,0.12555668661763006,0.13214,0.1396,0.1468,0.15515,0.21334,0.20365,0.1959,0.18576902381705726,0.1761689869922633,0.16678,0.15798,0.14922,0.14073,0.13489,0.1276123671145317,0.12148766318498416,0.11581883741679397,0.11069474645825084
20-01-2026 14:05,25359.55,0.11500996302192142,0.11154,0.10917,0.10798,0.10734,0.10897,0.11175,0.11592,0.12161,0.12706311550307237,0.13384,0.1413,0.1493908619030099,0.15808,0.21392295474267858,0.20364,0.19509,0.18532,0.17684,0.16732,0.1586,0.14999,0.14228,0.13639,0.12966,0.12411,0.11977,0.11521909207124607
20-01-2026 14:10,25355.15,0.1183,0.11485,0.11245,0.11075342996114314,0.11,0.11158111664109406,0.11373,0.11751,0.12316,0.12861473264237624,0.13532005604854122,0.14252815412868192,0.15054,0.15889,0.21223,0.20319,0.19397202964209942,0.18513,0.1758591576673476,0.16724,0.15862,0.1503727292308025,0.14221,0.13597,0.12932,0.12385986848279577,0.11880969541252137,0.11436
20-01-2026 14:15,25366.45,0.11438165795730505,0.11021,0.10853348365429051,0.10745,0.10704,0.10866,0.11137,0.11521,0.12045476136486821,0.12634,0.13298,0.14033228293952915,0.14814,0.1579219467250708,0.21169872697548212,0.20194,0.19271,0.18406776167600133,0.17576,0.16672,0.15844,0.15089685397302594,0.14367604787888605,0.13675,0.13014,0.12521854266245097,0.12065,0.11665
20-01-2026 14:20,25356.3,0.12201,0.11807,0.11487789841612737,0.11293,0.11176,0.1128066464824356,0.1147,0.11805,0.12277,0.12807,0.13424,0.14166,0.14925,0.1590068912761848,0.21,0.20085,0.1926,0.18335,0.17458,0.16573,0.15718,0.14903,0.14153,0.13538,0.12847,0.12274,0.11845,0.11392
20-01-2026 14:25,25378.65,0.12105,0.117,0.11339796779791053,0.11102,0.10963,0.11063,0.11258,0.11646507215682592,0.121,0.12604,0.13239,0.13931,0.14648,0.15474,0.21293,0.2034,0.19521,0.1855035790562866,0.17705,0.1674,0.15813,0.14975,0.14262796237875966,0.13547,0.12861,0.12265,0.11805,0.11323
20-01-2026 14:30,25385.8,0.11073,0.10874,0.10713617953080537,0.10619786723766628,0.10555,0.10716,0.11011031310882781,0.11346,0.11818127418205346,0.12355,0.13016,0.13685,0.14545899354604652,0.15403238421161305,0.21419,0.20425,0.19532272574176518,0.18659,0.17846,0.169,0.16006,0.15221,0.1452194507163714,0.13853,0.1319,0.12654,0.12214,0.11784
20-01-2026 14:35,25374.45,0.10874,0.10747,0.10589,0.10523,0.10562424688200808,0.10647,0.10924,0.11288,0.11785693610361467,0.1233,0.12981,0.1362809871772066,0.14366,0.1516,0.21543,0.20562,0.19772,0.18902,0.17987,0.1709,0.16238,0.15404,0.14692561282720784,0.14024,0.133927435294955,0.12795,0.12368,0.11927
20-01-2026 14:40,25356.7,0.11111817180033903,0.10881,0.10683,0.10623130349874099,0.10637,0.1082,0.11121,0.11492,0.12054,0.12572,0.13238,0.1394,0.14656,0.15455,0.21744683317462707,0.20743,0.19928,0.18959,0.18121,0.17213,0.16356,0.1549,0.1474,0.14077,0.13453,0.12876,0.12406,0.11977
20-01-2026 14:45,25345.55,0.11529,0.11294,0.11041,0.1089134884063831,0.10864,0.10987,0.11265,0.11615,0.12122935499324047,0.12686109100072884,0.13376,0.14068,0.14752,0.15514,0.21677,0.20717,0.19801,0.1883,0.17987,0.16997,0.16096,0.15256,0.14567715792870672,0.13852,0.13195,0.12642,0.12178,0.11732
20-01-2026 14:50,25348.5,0.10425,0.10393,0.10305,0.10301200870976583,0.10348,0.10534,0.10893,0.11380150368011112,0.11893,0.12412,0.1315,0.13842,0.14581,0.1543,0.21856,0.20883,0.1988602851339174,0.18946,0.17980019976826309,0.17097,0.16189,0.153,0.14558,0.1391,0.13254,0.12724939050022588,0.12282,0.11838950031375
20-01-2026 14:55,25335.5,0.09571,0.09742,0.09848,0.09992,0.101,0.10445,0.10817,0.1129,0.1186663820468161,0.12474,0.13244,0.13951,0.14673,0.15479,0.21849,0.20877896942650398,0.19880616560671896,0.1890642180235079,0.18023,0.16993,0.16071,0.15238,0.14526,0.13876,0.13306,0.12801,0.12455,0.12171
20-01-2026 15:00,25288.25,0.1044,0.10407,0.10406,0.10487,0.1068404298463106,0.10966,0.1139,0.11894,0.1255,0.13140991436867988,0.1384714429620693,0.14653,0.1539843672014622,0.16265,0.2131,0.20251,0.19301,0.18224,0.17393,0.1639,0.15496,0.14722,0.14049,0.13464,0.1294062085883601,0.12433,0.12107,0.11819
20-01-2026 15:05,25289.95,0.09921220182719127,0.09853,0.09973,0.10149,0.10418,0.1078,0.11255,0.11733,0.12391,0.13008098488111772,0.13709902155414022,0.14491,0.15284,0.16084,0.21652,0.2061713362066676,0.19639,0.18535,0.17685,0.16717618899293418,0.15847,0.15071,0.14413,0.13867,0.1335,0.12859,0.12526819877578252,0.12319
20-01-2026 15:10,25245.35,0.09945,0.10063292433588757,0.10261035336290042,0.10516,0.1089,0.11311,0.11855,0.12389351976178334,0.13062,0.13644818262280994,0.1442,0.15119,0.15931,0.16759,0.21653,0.2042,0.19461,0.18401,0.17462,0.16574094394900557,0.1576,0.15086,0.14497,0.14046,0.13613,0.13301,0.13092,0.12875063652385305
20-01-2026 15:15,25238.75,0.10515,0.10596,0.10699,0.10871,0.11216,0.11623511091896813,0.12091,0.126066510899422,0.13240499958590873,0.13918,0.14596767958409684,0.15373,0.16161,0.16897,0.22738,0.21506,0.2030422540651391,0.19277,0.18154217614052937,0.17182,0.16316,0.15524104461927524,0.14824,0.14265,0.13749272810967791,0.13321,0.12973412783596924,0.12556914387386076
20-01-2026 15:20,25191.85,0.12125,0.11886,0.11737,0.11809251815925,0.11975,0.12283672751572987,0.12685,0.13185,0.13761,0.14411,0.15051,0.15709,0.1644243598727038,0.17198,0.22282077559637606,0.20918,0.20017,0.18901,0.17822128138176346,0.16855,0.15906,0.15085698210790416,0.14289,0.13612,0.13026,0.12498,0.12099,0.11734
20-01-2026 15:25,25185.2,0.13493140555632677,0.13014555246936102,0.1297,0.12673,0.12581,0.12786,0.12951,0.13394989782027686,0.13935,0.14396,0.1502995574810907,0.15751,0.16495,0.17189,0.22131504442796993,0.2088,0.19656,0.18717,0.17528,0.16647,0.15823,0.15255,0.14239,0.1339,0.12805,0.12057,0.11524,0.11015026942558213
21-01-2026 09:15,25171.75,0.15414580465968825,0.15294,0.14544349119741384,0.14119,0.13853,0.13825,0.1395,0.14236163034382454,0.14727,0.15271,0.15807358533958307,0.16575,0.17272,0.18004,0.22163,0.21205,0.20214,0.19239,0.18253,0.17277,0.16299,0.15324,0.14406,0.13532,0.12661,0.11838,0.11024,0.10135
21-01-2026 09:20,25204.0,0.14489,0.13684,0.13149,0.12897,0.12792,0.12825,0.13111,0.13522,0.14083,0.14681,0.15371,0.16135,0.16841,0.17651,0.22981,0.21900818433865926,0.20887,0.19878,0.18866,0.17820519457890047,0.16841546083076597,0.15893,0.14964,0.14123,0.13293,0.12507,0.11766,0.11031
21-01-2026 09:25,25249.5,0.11239,0.11096692959348084,0.10841,0.1092,0.11212648745345222,0.11359,0.11929214212229315,0.124,0.13056,0.1378,0.14569,0.15395,0.16214,0.16992,0.23932,0.22872,0.2180088463089313,0.20844,0.19844,0.18744068156566243,0.17771641647085862,0.16883,0.15985,0.15212,0.14385,0.13775,0.1322,0.12381939012922649
21-01-2026 09:30,25231.8,0.13669,0.12970091159291708,0.12412,0.12087,0.12038,0.12218693832020938,0.12475,0.12956,0.13608,0.14246,0.15005,0.15783,0.16532,0.17285,0.23794754565314946,0.22691460387037096,0.21446211290037628,0.20422,0.19388,0.18338,0.17246166496496063,0.16297,0.15255,0.14322,0.13429,0.12583,0.11875,0.11057
21-01-2026 09:35,25229.95,0.11549454615405629,0.11333234990262378,0.10846,0.10857,0.11121164955486529,0.11357,0.11819,0.12409,0.1309,0.13852,0.14669173235959793,0.1555,0.16438,0.17241,0.2393,0.22841071460888707,0.21739,0.20703,0.19620192407999673,0.18647,0.1758,0.16575,0.15633,0.14788,0.13944,0.13261,0.12591,0.12057
21-01-2026 09:40,25195.85,0.1287598610327683,0.12386,0.12034,0.11914,0.11944,0.12178,0.12572,0.13084890275086392,0.13744,0.14442,0.15206,0.15944676242205127,0.16789399603579985,0.17625,0.23126,0.22039,0.20921,0.19894,0.18912,0.17868,0.1684656325007245,0.15788,0.14814,0.13936,0.13038,0.12255,0.11511,0.10951350291641454
21-01-2026 09:45,25195.8,0.12735008245300683,0.12241,0.11905,0.11758,0.11928086479736394,0.12115,0.12508,0.13066,0.13661620371561767,0.14369,0.15164,0.1591106451740553,0.16779,0.17631,0.23079617922040999,0.21955,0.20885,0.19840785527480947,0.18822,0.17803,0.16813478147214928,0.15791,0.14843,0.1399,0.1314,0.12326,0.11657,0.10994
21-01-2026 09:50,25185.15,0.12236,0.11795,0.11649312484470108,0.11528,0.11763132034650263,0.11966,0.12495767055946061,0.1304,0.13697,0.14439,0.15238,0.16083,0.16916,0.17729,0.22539,0.21541,0.20434,0.19499,0.18528,0.17565,0.16525,0.15601,0.1469,0.13871985733598108,0.13028,0.12327453413010411,0.11641,0.11009
21-01-2026 09:55,25177.9,0.11379,0.11152,0.11141389024395784,0.11141,0.11346,0.11718,0.12215,0.1284,0.13542743934578988,0.14324997218954386,0.15158323417382824,0.16066,0.16945,0.18004541792384604,0.22504,0.21521,0.20467,0.19492784988486886,0.1852953716353814,0.17627,0.1664894076071945,0.1575,0.14867,0.14081,0.13355462806809407,0.12667,0.12103,0.1157
21-01-2026 10:00,25151.55,0.12546,0.12157341759644927,0.12004005527108774,0.11892,0.11961,0.12284,0.12739,0.13308,0.13961,0.14673,0.15487,0.16346,0.17209,0.18220564692210614,0.22193,0.21176,0.20167260956309052,0.19167,0.18148,0.1718,0.16211,0.15239,0.14399,0.13558,0.12784,0.12142,0.11505552366338666,0.10876
21-01-2026 10:05,25168.3,0.11820618919543835,0.11538,0.11423,0.11445,0.11774277959611591,0.12138755397926672,0.12588146058481425,0.13075,0.13746,0.14494,0.15349,0.16138,0.16973,0.17714,0.22286,0.21264,0.20243,0.19279,0.18268,0.17313,0.16324,0.1546,0.1458,0.13816,0.13112,0.12476,0.11912,0.11439
21-01-2026 10:10,25142.55,0.12749,0.12315,0.12023,0.12039,0.12189,0.12482,0.12985488997999983,0.13563,0.14202,0.14884681554512802,0.15767,0.16529,0.17225,0.18029,0.21797,0.20761,0.19779984216650667,0.18776,0.17788,0.16848,0.15916703838644275,0.14989,0.14065,0.13289,0.12515,0.11804,0.11153,0.10527
21-01-2026 10:15,25145.8,0.12333,0.11947,0.1175,0.11839413778060796,0.11928,0.12282,0.12764,0.13377,0.1409,0.14777897800167628,0.15653,0.16493,0.1719,0.17995,0.22032,0.21,0.19989207664036718,0.18993,0.17963298810662925,0.17012,0.16051,0.15148706942340529,0.14286826840219763,0.13445,0.12696,0.1204,0.11402,0.1085
21-01-2026 10:20,25143.35,0.1079,0.10745,0.1083,0.11044,0.11423,0.12003965569208283,0.1254,0.13227,0.14021,0.14801,0.15664,0.16499,0.17225,0.18071,0.22032,0.21089,0.20145,0.19248,0.18309,0.17442,0.16525,0.15763,0.14974,0.14271,0.13565,0.13077,0.12584,0.12255
21-01-2026 10:25,25100.4,0.12159,0.11908,0.11899,0.1201,0.12283,0.12728843768860926,0.13228,0.13878,0.14571,0.15384,0.1612427725021267,0.17048,0.17831,0.18593,0.21872,0.2089,0.19884,0.18907,0.17952,0.16998828376306083,0.16056,0.15206,0.1438,0.13602,0.12931,0.12317,0.11817067934214434,0.11316
21-01-2026 10:30,25093.35,0.1204864835758301,0.12031,0.11937,0.12075,0.12372,0.1282,0.13354,0.1399196339759004,0.14693,0.15483,0.16325,0.1706323148575333,0.1787465075753601,0.18642,0.21712,0.2065,0.19696,0.18695,0.17723732436005463,0.1679,0.1584,0.14965,0.1415,0.13434933627079335,0.12732694511350423,0.12053,0.11435,0.10948
21-01-2026 10:35,25094.5,0.11848,0.1171,0.11731,0.12027064027431163,0.12360150727954246,0.12727,0.1336504727901023,0.13996172853909483,0.147,0.15472,0.16342,0.17133,0.17914,0.18757,0.2166,0.20606,0.19642,0.18667,0.17674,0.16751,0.1586568378481018,0.15015,0.14241,0.13525,0.12902,0.12337,0.11888,0.11353968698125677
21-01-2026 10:40,25076.8,0.11121195490378999,0.1126,0.1156112595832113,0.11919,0.12378,0.12957,0.13582,0.14283,0.14989,0.15783,0.16683,0.17447538416604225,0.18316,0.19098,0.21921,0.21009,0.20117,0.19196,0.18295029698578202,0.1754,0.16699,0.16,0.15276,0.14706,0.1419620293099552,0.13814,0.13602,0.13435
21-01-2026 10:45,25011.65,0.12991,0.12886,0.12996,0.13271,0.13656,0.14123810791398614,0.1476,0.15431,0.16135,0.16871,0.17751,0.18442,0.19226695649271544,0.2008883766762582,0.2134,0.20348,0.19441,0.18465,0.17497,0.1664,0.15781,0.14998,0.14243,0.136549199139417,0.12988666878977626,0.1243,0.11945,0.11484
21-01-2026 10:50,25009.05,0.1201,0.12206,0.12601733515383876,0.1298,0.13479,0.14052870891150915,0.14727,0.15462326984363198,0.16232,0.16956,0.17816,0.18631,0.19359317703091658,0.20172,0.22256,0.21319,0.20412,0.19406682347538168,0.18603,0.17700482680747467,0.16941280133044395,0.16237657202075365,0.15621,0.1511,0.1474,0.14463,0.14192,0.14173
21-01-2026 10:55,24957.3,0.14328,0.14096437201269466,0.14171,0.14384,0.14722,0.1518,0.157,0.16249512310210412,0.16965,0.17684,0.1836764292748202,0.19209,0.19924,0.20689,0.22052,0.2107439665368497,0.20088,0.19093,0.18127,0.17186055890909813,0.16314,0.1544,0.14602,0.13843,0.13156633398758596,0.1235,0.12065444269043879,0.11526514127414497
21-01-2026 11:00,24996.3,0.1347,0.13383212126401522,0.13532,0.13812,0.14231,0.14755,0.15363,0.16007,0.16697,0.17401,0.18197,0.18865,0.19583,0.20379,0.22455,0.21423,0.2036902949237494,0.19389,0.18403,0.17468692506445946,0.16654,0.15824,0.15062885256368636,0.14372,0.13815592648684982,0.13204,0.12724,0.12581804438273203
21-01-2026 11:05,24985.75,0.1351527884993172,0.13763,0.13894,0.14137,0.1458,0.15085,0.1568,0.16288,0.16942,0.17636,0.18417,0.19065,0.19721,0.20514,0.2196,0.20915,0.198500708521054,0.18833014543492915,0.17801,0.16867,0.1601351842382625,0.15128,0.14394,0.13636,0.12993,0.12302,0.11811051623258396,0.11277
21-01-2026 11:10,25017.2,0.13950149850111745,0.1390916575832664,0.14029,0.1412587354145836,0.14317,0.14704,0.15151,0.15752385050619397,0.16355,0.17052033587246507,0.1778,0.18489,0.1916,0.19977,0.22119,0.21052,0.20085,0.19069,0.18073,0.17053,0.1613,0.15209,0.1432,0.13358,0.12577801675023711,0.11749,0.11042,0.10185
21-01-2026 11:15,25046.1,0.14397,0.14016,0.13951301279575162,0.13908,0.14103,0.14436,0.14881,0.15391,0.15965,0.16606,0.17377,0.18004,0.18735,0.1947,0.22158,0.21124,0.20104,0.19101,0.18117,0.17135119051913444,0.16191,0.15273,0.14403,0.13539,0.12731,0.12038,0.11276,0.105313923471592
21-01-2026 11:20,25060.3,0.13169,0.12981,0.1297,0.13102,0.13391,0.13809,0.14349276157178653,0.14952,0.1560448411992808,0.16314227412828963,0.17068,0.17767,0.18676695908169375,0.19510646980636104,0.22501,0.21523973777009753,0.20584,0.19596,0.18562,0.17611,0.16717,0.1585,0.14967,0.14173,0.13515,0.12908,0.12283,0.11697
21-01-2026 11:25,25041.3,0.12924,0.12753,0.12769,0.12964,0.13366,0.13824,0.14359,0.14983,0.15679,0.16395,0.17192,0.1789,0.18698,0.19456,0.22775,0.21815,0.20868,0.19892,0.18899,0.17966,0.17054,0.1622,0.15422081580973135,0.14682,0.13965932113950513,0.13311,0.12778,0.123
21-01-2026 11:30,25041.05,0.13283,0.13058,0.13089110785627178,0.13195,0.13501,0.13941,0.1447028347170849,0.15084,0.15730644458870677,0.16494,0.1728,0.17992,0.18742,0.19644045569235605,0.22611,0.21639799691376954,0.20658652250994441,0.19688188275458207,0.18746,0.17814,0.16903423169637644,0.16022,0.15174,0.1437,0.13617,0.12995,0.12374,0.1176
21-01-2026 11:35,25049.35,0.13118,0.12936,0.12957,0.13118,0.13391,0.13844,0.14389,0.14995,0.15668,0.1636159150946601,0.17176,0.17881124462247477,0.18645,0.19453,0.22696,0.21734218423139068,0.20769,0.19761,0.18773,0.17863,0.16983,0.16134,0.15319976349058734,0.14528,0.13856,0.13231,0.12686,0.12162
21-01-2026 11:40,25042.9,0.1315905407063349,0.13186,0.13145,0.13247,0.13537,0.14000988055252345,0.14483,0.1505,0.15708,0.16411,0.17186,0.17917,0.18658,0.19412,0.22612,0.21626,0.20649,0.19653,0.18629,0.177,0.16772,0.15908,0.15079,0.14328,0.13644542983638056,0.12979,0.12372,0.11882506665932903
21-01-2026 11:45,25045.15,0.13193361425802455,0.13206,0.13162747246159134,0.13236,0.13523,0.13924,0.14427,0.1499,0.15644,0.16362,0.17162,0.1783,0.18635,0.1939,0.22687,0.21664,0.20673,0.19655,0.18659,0.17713,0.16783,0.15919,0.15098205548517724,0.14292,0.13557,0.12887,0.12235,0.11722134121397673
21-01-2026 11:50,25057.75,0.13374,0.13061,0.12978,0.1313,0.13417,0.13801,0.1433,0.14884,0.15563,0.16264,0.17054,0.17769,0.18521,0.19285,0.22699,0.217,0.20672889806454284,0.19670622882278915,0.18704,0.1773474095826933,0.16813,0.15925,0.15112,0.14337,0.13526,0.12839,0.12245,0.11627
21-01-2026 11:55,25064.55,0.13047,0.1286,0.12848,0.12994,0.13295,0.13718,0.14238,0.14817,0.15471,0.16176,0.1697,0.17657,0.18406,0.19166,0.22742,0.21717,0.20704487911882877,0.19738,0.18712,0.17786,0.16849,0.15966,0.15165259803185943,0.14387986103690908,0.13634,0.1298542401840442,0.12378,0.11829
21-01-2026 12:00,25081.9,0.14194,0.13712,0.13497,0.13424,0.1362407427169156,0.13853,0.14254,0.14755953106197128,0.15337,0.15944,0.16694,0.17378,0.18123,0.18878,0.225,0.21461,0.2048,0.19439631133308402,0.18422668094602776,0.17414,0.16427,0.15487,0.14552,0.13732740443631147,0.12901637608698918,0.1206,0.11306,0.10483
21-01-2026 12:05,25117.2,0.12873,0.12563,0.12408,0.1260311005808998,0.12718,0.13056,0.1351,0.14051,0.14695,0.15358,0.16062049586913035,0.16809,0.17581,0.18372,0.22853701786790176,0.21847,0.20894,0.19876863530671512,0.18906,0.17998,0.17017,0.16139,0.15266,0.14483,0.13702,0.13023,0.12375,0.11802
21-01-2026 12:10,25113.35,0.13919,0.13376,0.13116,0.13082,0.13145,0.13404,0.13797,0.1428591908038231,0.14912,0.15502,0.16263,0.16926,0.17671,0.18582508985268775,0.22408,0.21377,0.20384,0.19379711734857102,0.18394829786755312,0.17402,0.16463,0.15525,0.14665,0.13796,0.12963,0.12258,0.1153446002288158,0.10767
21-01-2026 12:15,25129.25,0.14212,0.13645,0.13362210448271544,0.13138,0.13217,0.13503079080081984,0.13796,0.14234,0.1479,0.15374,0.16084,0.16697,0.17331,0.18063,0.2265233727309882,0.2158,0.20614,0.19586,0.18561001450739534,0.17534,0.1656,0.15635,0.14722,0.13817,0.13001,0.12186,0.11408,0.10638
21-01-2026 12:20,25163.0,0.13704,0.13153,0.12924567064907933,0.12705,0.12911394470577875,0.13111017165652492,0.13361,0.13822,0.14354,0.14955,0.15667,0.16290343316454858,0.16958,0.17664,0.23038,0.22027,0.21058,0.20048,0.19047475576459988,0.18101,0.17114,0.162,0.15272,0.14432,0.13626,0.1279,0.12020509117157033,0.11349
21-01-2026 12:25,25166.9,0.11646,0.11482,0.11454,0.11565,0.11826,0.12315047661428155,0.12722,0.13303,0.13967,0.14655,0.15443,0.16135,0.16878,0.17790875526714914,0.23888,0.22894,0.21869361042222216,0.20945,0.19993,0.19064,0.18145,0.17249973377265274,0.164335439066069,0.15652176542401858,0.14943,0.14255,0.13679,0.132
21-01-2026 12:30,25153.65,0.14411,0.13654815767328798,0.13294,0.13066,0.13051,0.13202,0.13495116456018724,0.13924,0.14482,0.1501,0.15725,0.16402,0.17046,0.17743,0.23409,0.22385,0.21446,0.20455445673736836,0.19467876684191118,0.18477,0.17467,0.16519,0.15566,0.14664,0.13804,0.12914,0.12071,0.11267
21-01-2026 12:35,25191.3,0.1472,0.14047,0.13539,0.13212,0.13232343059567195,0.13255,0.13494,0.13883,0.14335,0.14828,0.15471,0.16102,0.16762589548472828,0.17383,0.2341,0.2241,0.21425218393480644,0.20463755812944084,0.19469,0.18542,0.17552,0.16609,0.15689,0.14758,0.13896,0.13075,0.12259,0.11461
21-01-2026 12:40,25225.6,0.13674763350613647,0.1311,0.12807922003849134,0.12561,0.12506,0.1262,0.12875,0.13284186019176164,0.13711,0.14219,0.14804,0.15492,0.16058,0.16847,0.24091,0.23056,0.22149,0.21174,0.20221,0.19333,0.18365,0.1745296057257406,0.16626,0.15748456849741954,0.1492837927667457,0.14166,0.13429,0.1274
21-01-2026 12:45,25260.15,0.14866,0.1404812235853757,0.13502,0.13106,0.12889,0.12878,0.13071729648890656,0.13345,0.13754,0.14228,0.14707657325464557,0.15331,0.15916,0.16562,0.24378401183814558,0.23445,0.22483,0.21557,0.20544,0.19649,0.18676304366900354,0.17763,0.16816,0.15944,0.15062,0.14206,0.13387,0.12606
21-01-2026 12:50,25266.0,0.1493768769466152,0.14299,0.13659,0.1334179008459985,0.13128197201957892,0.12986,0.13099,0.13379,0.1377,0.1423,0.14736,0.15339,0.15914,0.16617,0.2468111476869123,0.23813,0.22897,0.21914612106989872,0.2098,0.20057,0.19091,0.182,0.17238,0.16351,0.15473,0.14632,0.13756,0.12958
21-01-2026 12:55,25281.8,0.13917,0.13393636296116995,0.12960313099381346,0.12593,0.12634376758112342,0.12700543756202953,0.12848121276440377,0.1308599918707202,0.13403,0.13891,0.14462,0.15084,0.15753,0.16622738687188007,0.25027,0.24056,0.23144,0.22236,0.2125,0.20318,0.19394,0.18479,0.17522,0.16673,0.15789,0.14926,0.14108,0.13375
21-01-2026 13:00,25281.3,0.13807,0.13319,0.12776,0.12551,0.12366,0.12413,0.12643,0.12955,0.13415,0.138979666769586,0.14535,0.15225,0.1586,0.16594,0.25099,0.2412,0.23143,0.22218,0.21278,0.20316,0.19335,0.18437,0.1753864896071136,0.1665024910187373,0.15764,0.14886,0.14094,0.13318
21-01-2026 13:05,25288.85,0.12164,0.11875,0.11667,0.11569,0.11706540586033576,0.11798,0.1212,0.12532,0.13069,0.13647,0.14268,0.14948252146495453,0.1569014027382123,0.16431,0.2524214012209584,0.24276105006494228,0.23312,0.22380915041942412,0.21469,0.20515,0.19551,0.18666,0.17799,0.1693,0.16109,0.15329,0.14588,0.13943
21-01-2026 13:10,25221.5,0.14555,0.13388,0.13292,0.12941,0.12723,0.12818,0.12986600668637993,0.13326,0.13677,0.14244,0.14826508645892228,0.15601,0.16247,0.17012,0.24334,0.23292,0.22424,0.21525,0.20452,0.19612,0.18546,0.17645,0.16852,0.15804,0.14967,0.14177,0.13249,0.12413
21-01-2026 13:15,25225.05,0.1338,0.12896,0.12600048368447403,0.12326,0.1228,0.12402,0.12684821226789328,0.13065,0.13568,0.14121,0.14793,0.15501,0.16172,0.16931,0.24435,0.23512,0.22589,0.21678,0.20749,0.19819,0.18885217180341168,0.18004,0.1711,0.1628,0.15452,0.14636,0.13888,0.13236
21-01-2026 13:20,25225.7,0.12872,0.12486,0.12287114496292612,0.12081,0.12085,0.12246,0.12556,0.12964,0.13486,0.14077,0.1470778117655837,0.15468,0.16132,0.16885,0.24704000988795308,0.23745342841373074,0.22782,0.21895,0.20902,0.19978,0.19047,0.18129,0.17259860066563706,0.16424,0.15616649615590292,0.14833,0.14156,0.13545
21-01-2026 13:25,25205.25,0.1327051167832408,0.1299,0.12663,0.12487,0.12494,0.12665923207796442,0.1291,0.13326,0.13801299268150488,0.14405,0.15016,0.1569147825992417,0.16463,0.17223,0.24316,0.2337,0.22373,0.21445,0.20464151369367642,0.19504381796488157,0.18538,0.17635,0.16764,0.15913,0.1512,0.1441737997891711,0.13716472162914048,0.1304
21-01-2026 13:30,25215.7,0.11742769012044235,0.11633318482482696,0.11384,0.11439,0.11611,0.11898,0.12353732255864797,0.12793,0.13384,0.14041,0.1474158615582452,0.15475243961586063,0.16265,0.17059,0.24707,0.23815,0.22819606031894507,0.21911,0.20948,0.20028,0.1908756908743441,0.18238,0.17411,0.16604,0.15871,0.15219,0.14655,0.14146
21-01-2026 13:35,25182.35,0.14827,0.13934,0.13698,0.1338,0.13289,0.13224,0.13451472434729694,0.1378,0.1423,0.14773,0.15379,0.15972538852646562,0.16719,0.17421,0.2391087969071047,0.22763,0.218363000244285,0.20869,0.1986,0.18997,0.18004,0.17157,0.16251,0.1543574584490065,0.14581900564498984,0.13646,0.12972,0.12058
21-01-2026 13:40,25193.1,0.13324,0.12927950279526174,0.1257,0.12472,0.12518,0.12695,0.13000908953287948,0.13381,0.13901,0.14486,0.1510279342896353,0.1581,0.16516,0.17297,0.24104,0.23161,0.22252,0.21314,0.20345,0.19387,0.18456,0.17598,0.16730111129122205,0.15902,0.15176328394917027,0.14393,0.13706,0.13075
21-01-2026 13:45,25192.95,0.13211,0.12832,0.12583535340493973,0.12411,0.12448,0.12634,0.12935,0.13353284286913458,0.13859,0.14451,0.15095,0.15785,0.16523,0.17348,0.24175,0.23225,0.22274,0.21318,0.20349,0.19378,0.18417,0.17565,0.16677,0.15838,0.151197586839745,0.14335,0.13649,0.13029
21-01-2026 13:50,25179.95,0.12507,0.1225,0.12106,0.12096,0.12254,0.12493,0.12858,0.13335,0.13902,0.1449870983272004,0.15218,0.15955,0.16688,0.1742,0.2418,0.23224,0.22298,0.21312,0.20354,0.19431,0.18498,0.1767,0.16826,0.1603,0.15311,0.14644,0.14051,0.13383130422110853
21-01-2026 13:55,25164.25,0.12508,0.1227,0.12142,0.12229117594313646,0.12362,0.12658409004786733,0.12986,0.13471,0.14081,0.14683,0.15375,0.16127,0.16886,0.17614,0.24014,0.23066,0.2216,0.21187,0.20207,0.1927489758942827,0.18375246758148608,0.17487,0.16677,0.15894,0.15212,0.14506,0.13935,0.13429
21-01-2026 14:00,25141.15,0.1297583737677539,0.12917,0.12692,0.12689,0.12849,0.1309,0.13466,0.13925,0.14488,0.15069,0.15765,0.16457,0.17215,0.17942,0.2358434404867788,0.2242,0.21511,0.2058,0.19606364684234195,0.18634,0.17715,0.16852,0.16087228090900754,0.15275,0.14567,0.139,0.13307181199809476,0.12701
21-01-2026 14:05,25151.55,0.12298,0.12147,0.12042197076712383,0.11955,0.12101,0.12406,0.12791,0.13284,0.13906,0.1455639652099191,0.15267,0.1606,0.16894,0.17901599061791038,0.23437,0.22453,0.21563,0.20635,0.19667,0.18761,0.17836,0.16983156928340565,0.16148,0.15407,0.14726,0.14125,0.13596486791532592,0.1311
21-01-2026 14:10,25141.05,0.1226391655665687,0.12105,0.12018,0.12055,0.12248,0.12586,0.12964,0.13475,0.1405815268290745,0.14735,0.15495,0.16301,0.17174760035587816,0.18158879295949718,0.23095,0.2211,0.21169237350843803,0.20219323515315427,0.19295,0.18376,0.17497368090369836,0.16650092977880315,0.15815,0.15046,0.14392,0.1377,0.13271009102806247,0.12778
21-01-2026 14:15,25139.05,0.14051,0.13525,0.1314636075907543,0.12945,0.12981,0.13115,0.13385330526026679,0.13773,0.14279,0.14805691414905575,0.15467,0.16227,0.16974,0.17697,0.22544,0.21577,0.20643,0.19658,0.18674,0.17739,0.16786,0.15897,0.15036,0.14261469585988323,0.13421,0.12632,0.11937,0.11216
21-01-2026 14:20,25178.3,0.11618549336661946,0.11156,0.11175,0.11306,0.11677579197066235,0.11962,0.12405,0.12924,0.13577,0.14228484680364062,0.14905,0.15704,0.165,0.1744617393004323,0.23348,0.22449,0.21458135847707493,0.20603,0.1965,0.18673862973627584,0.17844,0.17048,0.16261,0.15564566638272476,0.14925,0.14362,0.13928,0.13574
21-01-2026 14:25,25144.75,0.11203,0.11192,0.1129,0.11453,0.11751,0.12133,0.12644,0.13201,0.13842,0.14552,0.15314,0.16094,0.16956,0.1789362526394342,0.22976,0.2211239170367064,0.21204,0.20324,0.19409,0.18498,0.17631,0.16855,0.16094,0.154,0.14840872456336632,0.14305715625051968,0.13846,0.13443361254547906
21-01-2026 14:30,25130.1,0.1311268076449318,0.1283031754804524,0.13004,0.12881,0.12961,0.13109,0.13442,0.13863,0.14401,0.14972,0.15656,0.1633094469992829,0.17098,0.17869,0.22543,0.21582,0.20649,0.19662,0.18686,0.17739,0.16792,0.15955231994049174,0.15094740813535756,0.1418,0.13493589895417285,0.12673,0.11991,0.11289
21-01-2026 14:35,25146.5,0.12511209007309332,0.12594,0.1239,0.12393,0.12532,0.12787,0.1318384037983264,0.13605,0.1419,0.14792768206012816,0.15477,0.16188,0.16945,0.17727,0.22669,0.21725,0.20771,0.19788,0.18791236029038588,0.17837,0.16959,0.1609,0.1526,0.14503636994381874,0.13855130020022882,0.13126,0.12538,0.11877322995320211
21-01-2026 14:40,25152.35,0.11855743713369017,0.11893,0.1186545021992673,0.11882,0.12084,0.12401,0.12862568356034568,0.13315,0.13905,0.14561,0.1525740086578246,0.16013,0.16837,0.17615,0.22728,0.21766,0.2082456146300477,0.1993,0.18968847775442854,0.18086,0.17211,0.16422983144854947,0.1566937282753612,0.14939851833335827,0.14301,0.13732,0.13209,0.12341163285684989
21-01-2026 14:45,25149.7,0.12554,0.12304,0.12219868978431427,0.12183,0.1233,0.126,0.12989,0.13460651746340788,0.14041,0.1463459860470598,0.15357,0.16122,0.16874,0.17748,0.22466,0.21461,0.20589,0.19637,0.187,0.17806,0.16955,0.161701521843129,0.15405,0.14697,0.14065,0.1347,0.12959,0.12474
21-01-2026 14:50,25153.5,0.12039900699652685,0.11884480829964042,0.1182,0.1190560965314226,0.12042,0.12336,0.12765310811916625,0.13215,0.13819,0.14432,0.15163,0.15916445418649555,0.16705,0.17562,0.22362,0.21419501244093217,0.20483,0.19536,0.18592,0.17725,0.16877,0.16103,0.15363,0.14652,0.1403,0.1348454963841297,0.12976,0.12525
21-01-2026 14:55,25147.1,0.12119,0.11983507291413521,0.1192,0.11878,0.12095,0.12402008117767777,0.12738,0.13253,0.13854,0.14492898633572915,0.1525,0.16021,0.16788,0.17644,0.226,0.21577,0.20664,0.19663,0.18692673310688684,0.17788,0.16911,0.16108,0.1528,0.146,0.13932,0.1337,0.12836,0.12385
21-01-2026 15:00,25160.2,0.1303622750149893,0.12721734693408776,0.12599,0.12423,0.12466074873994182,0.12612,0.1293,0.13273,0.13886,0.14424,0.15146,0.15934,0.16700484153802858,0.17493,0.22462,0.21467778667918114,0.20482,0.1944265479513202,0.18445,0.17483,0.16566,0.15711140239396698,0.1482,0.1406,0.13393061412204016,0.1271,0.12098664382226637,0.11472
21-01-2026 15:05,25171.7,0.11706,0.11539,0.1148,0.11552,0.11721,0.12017,0.1241,0.12894,0.13536,0.14201,0.14951019074733574,0.15794,0.16584,0.17458,0.22647,0.21712,0.20732,0.19776,0.18797,0.1787620555808997,0.17025,0.16227,0.15494,0.14792,0.14197,0.13652,0.13194,0.12567705750345237
21-01-2026 15:10,25159.7,0.11404,0.11283,0.11313,0.11384,0.11659,0.12069195901000138,0.12525109357583775,0.13039684041338656,0.1363,0.14291,0.15131,0.1595,0.16735,0.17719855791508485,0.22813,0.21813,0.20858,0.19826,0.18875,0.17937873201941562,0.17086,0.16301313423004685,0.15561261505289498,0.14858,0.14238,0.13678,0.1328,0.12917
21-01-2026 15:15,25148.5,0.11671646462700046,0.11574550310337776,0.11692,0.11701,0.11907682597587556,0.12203234694629723,0.12587,0.13112301358837947,0.13709,0.14341,0.15181352980750518,0.16095,0.16919,0.17746,0.22618,0.21597,0.20606,0.19582,0.18638009083761642,0.17707594641496333,0.16852,0.16038,0.1526,0.14546,0.13972830307488296,0.1341687011920107,0.12898,0.12484
21-01-2026 15:20,25154.25,0.11111,0.11098,0.11142037125067127,0.1123,0.11505622364647877,0.1183,0.12263,0.12762,0.13529,0.14189,0.15119,0.15955,0.16812,0.17634,0.22437549505351134,0.21398,0.20528,0.19525,0.18665,0.17793,0.16939,0.16151,0.15378,0.14632,0.14066212697420744,0.13498,0.1309,0.12621150910631268
21-01-2026 15:25,25150.7,0.12111,0.11857,0.11712,0.11677,0.1183,0.12103,0.12473,0.12919,0.13625,0.14187,0.14986827786970708,0.15893,0.16642,0.17481,0.22310500031427577,0.21134,0.20163,0.19141,0.18125899112787558,0.17105,0.16232,0.15377209493662744,0.14483,0.13698,0.13087637620819934,0.12394,0.11898,0.11578078357847477
22-01-2026 09:15,25332.45,0.10473,0.104877518098134,0.10454,0.10521,0.10684,0.10947,0.11372,0.11836,0.12544,0.13242,0.14014,0.14997,0.15905,0.16873,0.24405673115443016,0.23565,0.22513,0.21365,0.20268,0.19258,0.1816,0.17114,0.16105,0.15211,0.14424,0.13698,0.13113,0.12496587941619927
22-01-2026 09:20,25329.3,0.1142902584123497,0.11259,0.11074,0.10979,0.11021,0.11218,0.11591,0.12018,0.12695,0.13378,0.14197,0.15019826752187115,0.15953,0.16876,0.24508,0.23373381099902063,0.2221680340292093,0.21083,0.19932,0.18838299780946238,0.17772,0.16734206480878683,0.15679,0.14767,0.139631013833952,0.13125,0.1246,0.11798
22-01-2026 09:25,25334.05,0.14023334238587032,0.13823,0.13143,0.12636657126001966,0.123637306058971,0.12234,0.12374,0.12643,0.13155,0.13711,0.14367473365634548,0.15203,0.1597,0.16864,0.24449,0.23292,0.22276,0.21093,0.19921,0.18794,0.17635,0.16546,0.15452,0.14483809066954942,0.13472,0.12604,0.11787793516269733,0.10968
22-01-2026 09:30,25400.35,0.1313,0.12552,0.11846,0.11643052856116758,0.11534,0.11588,0.1195103927857926,0.12335,0.12899453532242203,0.13597,0.14327,0.15066347132696814,0.1591,0.1679,0.29877,0.28957,0.27803,0.26802,0.25667,0.24469,0.23145,0.21741,0.20075444836904485,0.18732,0.1722333474724344,0.158186672120028,0.14582,0.12693298269862643
22-01-2026 09:35,25415.7,0.12572,0.1196,0.11492,0.11249,0.11221,0.11558,0.12023,0.12671,0.13404,0.14122,0.14855,0.15675,0.16402,0.17148,0.30317,0.29661,0.28651,0.2781290052397022,0.26983,0.25848,0.24745,0.23456,0.22072,0.20666,0.19281,0.17783,0.16503,0.1509
22-01-2026 09:40,25405.7,0.12722,0.12223,0.11794,0.11543,0.11462,0.1168,0.12063,0.12524,0.13109252155550488,0.13851,0.14515583561358253,0.15358,0.16068,0.16828,0.29928,0.2891,0.27712,0.26667859439393005,0.25601,0.24365,0.23047,0.2184018972495483,0.20472,0.19126,0.17853,0.16576,0.15406,0.14212
22-01-2026 09:45,25400.1,0.15452,0.14307,0.13348,0.12744,0.12418,0.12365,0.12604,0.12986,0.13537,0.14087,0.14796,0.15554,0.16312,0.1704,0.29,0.27939742980119464,0.26748,0.25775,0.246288367102273,0.2343,0.22245,0.20936,0.19737,0.18456,0.17194,0.15918,0.14702,0.13419
22-01-2026 09:50,25430.85,0.10962,0.10808,0.10618,0.10596,0.10861442374549603,0.10993,0.11543337584678781,0.120469533393406,0.12606,0.13221,0.13989,0.14758682555829,0.15476,0.16548294330450042,0.2845,0.2745917312644909,0.26278,0.2532003504595215,0.24304,0.23201,0.22049,0.20827,0.19722,0.1857,0.17472,0.16409077931765628,0.15346813807300685,0.14369
22-01-2026 09:55,25385.65,0.13172863520420755,0.12983,0.12362,0.12028504742916166,0.11901,0.11909,0.12178,0.12571,0.13161,0.13658,0.14401,0.15158,0.15875,0.16661,0.2655,0.25452,0.24299,0.23352,0.22257,0.21122,0.19957,0.18796,0.17596,0.16670147645643996,0.15614792357196952,0.14559042130986022,0.1348,0.12521
22-01-2026 10:00,25404.05,0.10776,0.10582,0.10514900963748203,0.10378,0.10551224882884094,0.10659,0.11024,0.11494,0.12111,0.12793224624464938,0.13519,0.14291,0.15032,0.16170179011082828,0.26132,0.24963,0.23888,0.22953,0.21879440804008116,0.20862,0.19673,0.18526,0.17367,0.16519540551124734,0.15416,0.14472,0.13716,0.12731798788361265
22-01-2026 10:05,25387.2,0.11719,0.11299,0.11078996742976865,0.10822,0.10842,0.11069499926613119,0.11363535379562684,0.11733,0.12315,0.1299948634220155,0.13748,0.14503,0.15251555689286778,0.16041,0.26225,0.25061,0.23979,0.22998,0.21877,0.20853,0.19724,0.18534029870098903,0.17356,0.16269,0.15343216625764936,0.14351,0.13490606920650172,0.12669
22-01-2026 10:10,25366.75,0.13658,0.12698328891416955,0.12072,0.1176742412718095,0.11568,0.11694,0.11915,0.12345,0.12918,0.13488,0.14096165516951112,0.14856949818531928,0.15688,0.16445,0.2580638424640102,0.24688,0.23518,0.22525,0.21435294144775707,0.20341328416854532,0.19267,0.18109977597999827,0.16968,0.15848,0.1488078790002581,0.13837,0.12908,0.12057
22-01-2026 10:15,25384.2,0.09766,0.09783905775322764,0.09870354822082046,0.09906,0.10208,0.10502,0.10997,0.11552,0.12304,0.12969,0.13847,0.14584,0.1535,0.16136,0.25894,0.24835449875898985,0.23735,0.22862,0.21919,0.20863,0.1972107101979312,0.18719,0.17595,0.16545,0.15665,0.14742,0.1391001253521153,0.13255
22-01-2026 10:20,25330.55,0.13469,0.12744,0.12308504358008321,0.11931241856023236,0.11792315705796416,0.11744,0.12075,0.12521867888087074,0.13132,0.13681,0.14468,0.15186,0.15964,0.16747,0.24705,0.23563,0.22628039504272243,0.21547,0.20534,0.19424,0.18383,0.17305,0.16197,0.15146,0.14198,0.13311,0.12399105403555696,0.11694328951187671
22-01-2026 10:25,25335.0,0.09628,0.09735,0.09889,0.10032,0.10334,0.10665,0.11183,0.1185155065964588,0.12565,0.1329,0.14153,0.1489654564499942,0.15712,0.16553,0.24,0.2300488097127248,0.22019575747154346,0.20926,0.199138403930258,0.18905,0.17911,0.16988,0.1606,0.15157,0.1443,0.13825,0.13302,0.12806784362441895
22-01-2026 10:30,25273.25,0.13945,0.13166,0.12574,0.12204,0.12132,0.12241,0.1251619587344155,0.12998,0.137,0.14276195098851993,0.15175,0.15956,0.16779,0.17688,0.23624,0.22619,0.21609,0.20399,0.19332,0.18321351755641496,0.17284,0.16271,0.1521,0.14205,0.13349,0.12467,0.1169,0.10937
22-01-2026 10:35,25312.45,0.10743575718149981,0.10576586774997512,0.10556675792253978,0.10439,0.10721,0.11117,0.11657428560401277,0.12258,0.13031,0.13765,0.14618,0.15453,0.16222,0.17138,0.23916,0.22825,0.21796,0.20729,0.1962,0.18687,0.17646,0.16749,0.15827,0.14937,0.14221,0.13534,0.12967,0.1212981312711328
22-01-2026 10:40,25290.35,0.12122,0.11683,0.11428,0.11369,0.11429,0.117,0.12152269435143577,0.12709697748270365,0.1332863501278662,0.1408,0.14941,0.15731,0.16522,0.17431,0.23637,0.22582,0.21577,0.20398,0.19285,0.18277332201271954,0.17255,0.16337,0.1541404085925988,0.1446,0.13703,0.1298,0.12352587848441027,0.11738
22-01-2026 10:45,25288.95,0.1135,0.11212,0.11150049896661052,0.11186293532190941,0.11267,0.11653222838992626,0.12097,0.1269056658218295,0.13415,0.14106,0.14966,0.15788,0.16762545779244398,0.17779099438603876,0.23673,0.22671956902778093,0.21672,0.20513,0.1944,0.18474,0.17462,0.16521,0.15611,0.14677,0.1396,0.13244,0.12629017572371787,0.12065
22-01-2026 10:50,25270.45,0.11997,0.11626386559140633,0.11448,0.11425,0.11599,0.11973660485161162,0.12413,0.12961854671868506,0.13630951562946272,0.1441,0.15263,0.15999144980829663,0.16839,0.17794,0.23618,0.22578573095985266,0.21531,0.20447,0.1937,0.18389,0.17399631429182738,0.16449456598046708,0.1552431442615712,0.14588,0.13804,0.13126188363715918,0.1247958712352792,0.11856
22-01-2026 10:55,25267.3,0.0946,0.09808,0.10061,0.10451,0.10876,0.11403,0.12045,0.12744338036828573,0.13522,0.14329,0.15206,0.16066,0.16887,0.17887,0.23925,0.22912,0.2188711204360534,0.20926,0.19908239787709894,0.19022,0.18099,0.17219,0.1635828011457408,0.15599,0.14955,0.1433,0.13964,0.13687
22-01-2026 11:00,25234.85,0.1185,0.11694,0.11547,0.11648,0.11914,0.12277,0.12787,0.13398,0.14143,0.14793,0.15618,0.1635581567996157,0.1716,0.1813,0.23335,0.22333,0.21319,0.20304,0.19266,0.18352,0.17430499155578835,0.16501,0.15589,0.148,0.14127741788764026,0.13366,0.12873,0.12323
22-01-2026 11:05,25223.35,0.12387,0.12094,0.11987,0.12108388138416024,0.12312412737094877,0.12569,0.13042,0.1364732206577314,0.14347,0.15015,0.15748366174152578,0.16614,0.17361,0.18285,0.23148,0.22185,0.21166,0.20118,0.19055,0.18182,0.17225,0.163285780310913,0.15447,0.14595,0.13951710259010838,0.1321,0.12579,0.12123
22-01-2026 11:10,25234.6,0.11783,0.11612,0.11635298453365371,0.11679,0.11961,0.12341,0.12871937997430935,0.1344,0.14175,0.14844332597053458,0.15632,0.16431,0.17175,0.18097,0.2336649098601604,0.22345,0.21361,0.20313,0.19275,0.18372389500867256,0.1751,0.16645,0.1583091939464049,0.15069272113980364,0.14371,0.13697,0.12943787582748711,0.12371979541018018
22-01-2026 11:15,25230.3,0.11734,0.11619,0.11596,0.11705,0.12028540857719919,0.12398,0.12915216159727272,0.13488,0.14284,0.14982057588627817,0.15763249877530597,0.16565,0.17455723324908493,0.18422681195051055,0.23256,0.2227016703845929,0.21276,0.20203,0.19194,0.18232027696023417,0.1733,0.16454,0.15615,0.14857,0.14203,0.13552,0.13174,0.1269
22-01-2026 11:20,25224.65,0.137,0.13082,0.12749,0.12654,0.12774538453399595,0.12968,0.13375,0.13873880173417857,0.1452,0.15148,0.1587,0.16648,0.17362,0.18287,0.22973,0.21938013345571544,0.20875,0.19782,0.18693,0.17738,0.16773,0.15831,0.14919,0.14152053118017505,0.13377636807238513,0.12592,0.11974,0.11326
22-01-2026 11:25,25274.25,0.11029,0.1095,0.11047,0.1123,0.11503,0.11882,0.12496239099708642,0.1306528092496888,0.1372,0.14366,0.15165,0.1597,0.16749,0.1782209719208492,0.23750740090833514,0.2272177221382257,0.21568610575766978,0.20607,0.19547,0.18598,0.17682,0.167120382805107,0.15859707250470828,0.15095,0.1442,0.13826,0.13343,0.13062
22-01-2026 11:30,25237.65,0.12721,0.12374,0.12201,0.12194,0.12356,0.12649,0.13117293444993977,0.13617,0.1421969110062153,0.14986,0.15778,0.16548,0.17365,0.18226,0.2316,0.22112,0.21067,0.20008,0.18997,0.17988413755156418,0.16987,0.16085,0.15191,0.1438,0.13708,0.13062,0.1252,0.12044
22-01-2026 11:35,25252.75,0.11588,0.11479,0.11479,0.11672730729088615,0.11857,0.12203,0.12717,0.13352765862987195,0.1402,0.14765,0.15566,0.16411,0.17208,0.18127,0.23498,0.22361,0.2135,0.20258,0.1921339999789342,0.18266,0.17321,0.16413,0.15533,0.14776,0.14132,0.13517,0.13073,0.12644
22-01-2026 11:40,25230.6,0.11089757930265486,0.11095,0.1127,0.11542,0.11893,0.12346,0.12878,0.13507,0.14286,0.15035,0.1589,0.1667275930604913,0.17552,0.18424,0.23382,0.22297,0.21283,0.20268,0.1922421344592956,0.18294,0.1738,0.16513,0.15713,0.15055323723925607,0.14431,0.13938,0.1355,0.13284
22-01-2026 11:45,25200.8,0.13034,0.12707,0.12579,0.12618,0.12794,0.13121,0.13519,0.14066,0.14796,0.15439,0.16295,0.17075,0.17877,0.18862512184957786,0.22867,0.2184177553725597,0.20777,0.19708,0.18627,0.17701,0.16777635599615062,0.1585,0.14969,0.14189,0.13525,0.12864,0.12395169122093373,0.119
22-01-2026 11:50,25218.4,0.11989138623354675,0.11799,0.11825,0.12004,0.12293,0.12739573148696498,0.13162,0.13778,0.14525,0.15228,0.1599128542958693,0.16807583385112435,0.17647,0.18503,0.23193,0.22182,0.21127,0.20134,0.1911,0.18159,0.17246,0.16350222070707415,0.15526,0.14788,0.14153484664423602,0.1358,0.13142,0.12799
22-01-2026 11:55,25201.6,0.12001,0.11932,0.11974,0.12163,0.12481,0.12881,0.13424,0.14034,0.1483,0.15507,0.16351,0.17177,0.1796,0.1887,0.23017,0.2196,0.20941673822256257,0.19954,0.18937,0.18024,0.17079,0.16267,0.15446,0.14755,0.14166,0.1361,0.13193074850439618,0.12873
22-01-2026 12:00,25184.35,0.13758,0.13244,0.12988,0.13034,0.13232113946444152,0.13519378900723691,0.13886,0.14457,0.15216,0.158819691067199,0.16743,0.17523,0.18363999661592367,0.19241,0.22898752757963653,0.21731,0.20632,0.19602,0.18569,0.1757859389441052,0.16609,0.1571,0.14822,0.14008,0.13273,0.12559,0.12063,0.11536
22-01-2026 12:05,25218.75,0.13087,0.12668,0.12499,0.12484,0.1273182089625718,0.13039091745028905,0.1341,0.13956,0.1465157685374266,0.15396,0.16225,0.1698721641497917,0.17781,0.18703,0.2305,0.21984,0.20922,0.19904,0.18865,0.17881552792156014,0.16943,0.16058,0.15135,0.14328,0.13606,0.12929,0.12342,0.11846
22-01-2026 12:10,25226.35,0.12834,0.12438,0.12308,0.12423878652029122,0.1255,0.12883,0.13350056967692905,0.1386,0.14562,0.15263133825644726,0.16094,0.16851,0.17645,0.18564,0.23027,0.21899,0.20843945331783334,0.1981,0.18752,0.17778,0.16817,0.15908943548004748,0.15021,0.14225,0.13511,0.12849,0.12273,0.11839
22-01-2026 12:15,25221.55,0.13087,0.12662,0.12485,0.12467,0.12612,0.12894,0.13336,0.13905,0.14608,0.1531896231647416,0.16142,0.16924,0.17922507983696853,0.18931841516012415,0.22976087404005496,0.21801,0.20749350248801546,0.19688,0.18636,0.17645,0.16673,0.15758786628020724,0.14855,0.1402,0.13314,0.12629,0.12024,0.11566
22-01-2026 12:20,25272.95,0.10777,0.10918,0.11013,0.11252,0.11574,0.11971,0.12478,0.13170705879859712,0.13858073658335324,0.14593,0.15429,0.16213,0.17068,0.18186064724383674,0.23702,0.22579,0.21552,0.20511,0.19413,0.18511,0.17556,0.16716,0.15828,0.15104,0.14472532107666933,0.13909375984473313,0.13467,0.13125
22-01-2026 12:25,25240.05,0.13081,0.12523911425263157,0.12305,0.12343,0.12401,0.12723,0.13101,0.13657,0.14324,0.15053,0.15886,0.16678,0.17518,0.18403,0.2314,0.22090143653657726,0.21001,0.19899,0.18880807772550287,0.17866,0.16859,0.15934,0.15022,0.1429893656894341,0.13516373397914466,0.12828,0.12165,0.11719
22-01-2026 12:30,25251.1,0.13184,0.12588,0.12274,0.12196,0.12266,0.12629376396449823,0.13026566306962675,0.13517121450454286,0.14101,0.14825,0.1565,0.16431,0.17295032104373947,0.18126,0.23153,0.22096,0.20977,0.19965,0.18936331537826032,0.1792,0.1692964165115603,0.15993949623814158,0.15072,0.14231,0.1349,0.12783,0.12144,0.1155741884481673
22-01-2026 12:35,25259.05,0.11375,0.11285,0.11296,0.11425,0.11663,0.12023,0.12509,0.1311,0.13856,0.14607366192618604,0.15486,0.16292035958236092,0.17196,0.1812,0.23440408240583493,0.22293,0.21239,0.2021,0.19122,0.18161,0.17177881255986,0.16285,0.15423,0.14655,0.14013,0.13408,0.12891,0.12525
22-01-2026 12:40,25236.55,0.12143,0.11888,0.11785,0.11858,0.12061,0.12433,0.1288,0.1348,0.14199,0.14964,0.1569683171651199,0.16577,0.17465,0.18377,0.23071,0.21957,0.20866,0.19796813086453674,0.18749,0.17785,0.16802,0.15876,0.15014,0.14232,0.1357,0.12925,0.12412,0.11937
22-01-2026 12:45,25253.05,0.11574375826785518,0.1137,0.11324,0.11404,0.11663,0.12098057827224178,0.1257516649039657,0.13136,0.13831074182164244,0.1459261069995553,0.15394125550804505,0.1627349189585086,0.17185423099843622,0.18119,0.23296,0.22186,0.21098,0.1998,0.18881,0.17943,0.16946,0.16021,0.15147,0.1437094997335929,0.1361,0.1302264175362455,0.12471,0.12011
22-01-2026 12:50,25254.0,0.10616,0.10634,0.10745,0.11055,0.11341,0.11806,0.12397,0.13090133728108627,0.13861,0.14621,0.1543141651457685,0.163339650564728,0.17242,0.18251,0.23222,0.22122,0.21044,0.19967,0.1889634039271825,0.1789875831376175,0.16946,0.16058,0.15221,0.14482,0.13801,0.13258833429190156,0.1278,0.12496
22-01-2026 12:55,25215.15,0.11693,0.11559,0.11562,0.11762,0.12057,0.12475,0.13009,0.13645,0.14476,0.15196154872935924,0.16112,0.16993,0.17873353348752904,0.18816,0.22672,0.21609,0.20483,0.1943,0.1832,0.17413,0.16478836125453317,0.15541,0.14757,0.14025,0.13412,0.12866,0.12398,0.12070050602615398
22-01-2026 13:00,25215.7,0.12028,0.11817,0.11746,0.11863,0.12125,0.12563262608211556,0.13016,0.13671,0.14473,0.15251,0.16138,0.17026,0.17891,0.18906,0.2264,0.2154,0.20414729301674392,0.19346,0.1825,0.17286,0.16328708778292833,0.15348,0.14544,0.1378,0.13144,0.12574292082814556,0.1203,0.11621
22-01-2026 13:05,25210.35,0.11631,0.11557373193291763,0.11601368109184225,0.11698,0.12032,0.12524861959431327,0.13022,0.13689,0.14524,0.15312,0.16221,0.17072,0.1797,0.19028,0.22798007155744837,0.21559,0.20467,0.19330331285831256,0.18263,0.17306,0.16345833854801295,0.15394,0.1462,0.13844,0.13297,0.12712,0.12281060196616583,0.11964
22-01-2026 13:10,25206.6,0.11138,0.11152791437007384,0.11223,0.11490784353231137,0.11804,0.12279,0.12887,0.13615,0.14405174432196238,0.15277,0.16252,0.17164,0.18067,0.1921362799280403,0.22767,0.21638,0.20602,0.19486,0.18389899141640936,0.17393,0.16423,0.15523,0.14719,0.13983,0.13354,0.12783,0.12334,0.12059
22-01-2026 13:15,25186.75,0.12381965158017527,0.12416,0.12157,0.12197,0.12417768515671282,0.12712,0.13228,0.13881,0.14705,0.15477,0.16365,0.17236,0.18179,0.19077,0.22374,0.21337,0.20264,0.19149,0.1809378880430749,0.17076,0.16041,0.15123,0.1431240634720512,0.13503327576320637,0.12696,0.1203,0.11439,0.10863
22-01-2026 13:20,25195.0,0.11767923068790857,0.11774,0.117,0.11872306972536835,0.12077,0.12443,0.13025,0.13702,0.14521,0.1532285435484303,0.16253,0.17128,0.18032,0.19023,0.22537,0.21448740256240098,0.20384,0.19303,0.18168,0.17161,0.16195,0.1531,0.14463,0.13748998962350634,0.13042,0.12436012083537917,0.11923,0.11484
22-01-2026 13:25,25194.95,0.11545,0.11404,0.11425,0.11633,0.11942,0.12361,0.13009755235973353,0.13692,0.14568,0.15376755722547922,0.16349,0.17199566876825953,0.18163,0.19123,0.22589,0.21543,0.20496,0.19431,0.18359,0.17389,0.16421,0.15583,0.14765,0.14,0.13434,0.12881350861052393,0.12492,0.12001871274677861
22-01-2026 13:30,25171.75,0.1432,0.13615,0.1311,0.12962,0.13031,0.13214,0.13693835358282658,0.14256673444092838,0.14993,0.15715,0.16596,0.17461,0.184,0.19342,0.22285336754166196,0.21074,0.1998221738679737,0.18885643680195524,0.17787,0.16798,0.15783,0.14782,0.13902848279667224,0.12957,0.1217,0.11384,0.10646,0.10196405904778402
22-01-2026 13:35,25225.85,0.10471,0.10720036094656932,0.10754,0.11151095812610926,0.11402,0.12025249564539889,0.12522,0.13245,0.14116473966204612,0.14956987537476765,0.15859,0.1672,0.17666673938775534,0.18541,0.22810226355849578,0.21618986745355345,0.20571,0.19599,0.18523,0.17619,0.1664088970795663,0.15805,0.15028184605046713,0.14284887757217923,0.137,0.13167,0.12773,0.12513
22-01-2026 13:40,25195.9,0.12374,0.1217473406725246,0.11949816972627134,0.11976,0.12255376145565339,0.12616,0.13153,0.1382,0.14566053784762953,0.15395,0.16323,0.1711512774375429,0.18046,0.1899,0.22344,0.21331,0.20228260744728702,0.19152,0.1812338165098844,0.17129213678215274,0.16113279046415308,0.15191,0.14299,0.13503,0.12823,0.1221902102283027,0.11572,0.11335700395466455
22-01-2026 13:45,25188.3,0.1268595797114871,0.12541,0.12318,0.12313,0.12513,0.12814,0.1335764743081145,0.13966,0.14793,0.15510932781456915,0.16408,0.17197791488186703,0.18112,0.19097,0.22203,0.21151,0.19995,0.18986,0.17852,0.16927,0.1591157654070905,0.14961,0.14032,0.13213,0.12488,0.11745,0.11126,0.10524
22-01-2026 13:50,25206.65,0.12836953760457873,0.12637,0.12402,0.12326,0.12433,0.12728,0.13213,0.13825,0.14571,0.15345,0.1624,0.17023275927894685,0.17913,0.18909,0.22522072868682302,0.21404,0.20291,0.19184,0.18065,0.17112,0.16077,0.1507,0.14105,0.13153,0.12403,0.11657,0.10964,0.10354
22-01-2026 13:55,25236.1,0.11656,0.11359,0.11409693927242387,0.11500971667005203,0.11625,0.12045,0.12573,0.13297719531952146,0.14045968273999118,0.14887,0.15822,0.16671,0.17659471493862167,0.18618,0.22795,0.21717,0.20582,0.19499,0.18373,0.17406,0.16392,0.1540218167227641,0.14484891172525916,0.13574,0.12863632384422005,0.12181,0.11645,0.11189
22-01-2026 14:00,25232.35,0.11278,0.11097966480415039,0.11044,0.11302190387760508,0.11549072475276947,0.11889,0.12442,0.13177,0.14082,0.14875,0.15824,0.16729,0.1762,0.1875967469595585,0.22969907336497383,0.21696845066335252,0.20418,0.19241,0.18109,0.17072347555180203,0.16079,0.15092,0.1423,0.13419,0.12787,0.12171,0.11675216881510539,0.11263
22-01-2026 14:05,25228.35,0.10753804372765835,0.10708,0.10712,0.10975,0.11323,0.11804,0.12407,0.13184,0.1409,0.14891,0.15779538698929768,0.16756,0.17736949807742403,0.18734,0.22688119176002822,0.21401,0.20266819524867455,0.19156,0.18056665185394294,0.1703392206345658,0.16046,0.15106,0.14225,0.13464,0.12825,0.12236,0.1183,0.1145
22-01-2026 14:10,25212.7,0.10325,0.10382,0.10594,0.10885,0.11289,0.11798,0.12494,0.13326254609160773,0.14238,0.15053,0.16028,0.16979,0.17899,0.18902,0.22308,0.21261299193248206,0.20205,0.19124,0.18106560350534717,0.17176,0.16192,0.15288,0.14506,0.13776,0.13253,0.12725,0.12369,0.11931487838862809
22-01-2026 14:15,25178.75,0.12182,0.1185,0.11731,0.11826,0.12078,0.12452,0.13073,0.13801,0.14683,0.15506,0.16487,0.17383,0.18321,0.19448858071106623,0.22206407683308538,0.20979,0.19827,0.1869,0.17605,0.16626,0.15609,0.14672,0.13842889326738284,0.12978,0.12368,0.11768,0.1139951571234783,0.10896289603738243
22-01-2026 14:20,25194.65,0.11846,0.11485,0.1150394655008904,0.11535,0.11816,0.12409001596953685,0.13018722250966,0.13709996508552974,0.14569,0.1535119939339496,0.16267291821815208,0.17242,0.18114,0.19248,0.22329554565962867,0.2104654700673952,0.19844439650433926,0.18685600859814888,0.17536,0.16566,0.1552305738187897,0.14546,0.13666,0.12849,0.12242,0.11633680836845353,0.11085,0.10634
22-01-2026 14:25,25206.4,0.13345,0.12568,0.1217,0.11997,0.12155,0.12397,0.12961,0.13628,0.14473,0.15238,0.16165,0.17013,0.17877,0.1910860990170695,0.22143,0.21092,0.19894,0.18769,0.17589401539210592,0.1648117694944592,0.15369,0.14311,0.13422809717058876,0.12532996832786247,0.11657,0.10903,0.10235,0.09526
22-01-2026 14:30,25236.6,0.14193,0.13211,0.12578,0.1224,0.12299683395664202,0.12439417459867451,0.12701,0.13344941058111148,0.14065,0.1477,0.15648,0.16456,0.1726,0.18562937169291033,0.22599218634532645,0.21403,0.20264,0.19115,0.1791,0.1680858325349895,0.15779,0.14667,0.1368,0.12692,0.11873,0.11061,0.1026,0.09509
22-01-2026 14:35,25267.55,0.13245,0.12446,0.11907,0.11798258222212021,0.11656,0.11849,0.12255,0.12866,0.13621,0.14339,0.15211,0.15998,0.16808,0.17725,0.22783,0.21768,0.205496538222586,0.19426,0.18242,0.17251,0.16169,0.15087,0.14137,0.13163,0.12331719574237192,0.11555,0.10842,0.10158
22-01-2026 14:40,25289.0,0.1219804144373071,0.11554,0.11238740984562445,0.11038,0.11062,0.11348,0.11844,0.12494,0.13286,0.13988999067834196,0.14849,0.1556,0.16394,0.17438540575550085,0.23183555366975922,0.21954,0.20935,0.19642,0.18545,0.17533,0.1644,0.15399,0.14452,0.13534,0.12744,0.12046,0.11392,0.10707
22-01-2026 14:45,25289.65,0.1265,0.11898,0.11442,0.11143,0.11179,0.11412,0.11793,0.12328,0.1315,0.13817047772762114,0.14695,0.15481,0.16299,0.17293,0.22661,0.2165,0.2047981981572508,0.19358,0.18106,0.17133,0.15961,0.14912,0.13972,0.13057,0.12292,0.11586,0.10908,0.10263
22-01-2026 14:50,25294.65,0.11257,0.10885,0.10767271282437785,0.10727714886313636,0.1081271545435698,0.10929,0.11406,0.12007,0.12843,0.13603,0.1440815216540966,0.15341,0.16192,0.17181,0.22732,0.21666,0.20698,0.19387,0.1822,0.17141,0.16087559837551552,0.15078991246074158,0.14075,0.13205,0.12467,0.11794,0.11225,0.1065
22-01-2026 14:55,25290.85,0.12505,0.1183,0.11366,0.11078,0.11049,0.11193,0.11479,0.12027,0.12826,0.13503436029565508,0.144,0.15238,0.16102,0.1733501445719683,0.22431,0.21334,0.20302,0.19065,0.17886,0.16812333960137493,0.15749,0.1469,0.13782,0.12883,0.12193,0.1152,0.10889867764372366,0.10323
22-01-2026 15:00,25269.5,0.11006,0.10676,0.10425,0.10401,0.10648709209724466,0.10865,0.11289,0.11928,0.12814,0.13594,0.14531,0.15404,0.16289895340477936,0.17172,0.22366,0.21357,0.20234,0.18974,0.1781,0.16748899797110717,0.15686,0.14672,0.13821546367521337,0.12967,0.12325,0.1171511284952334,0.11208,0.10714
22-01-2026 15:05,25256.3,0.13972,0.1293633338747722,0.12279219837052985,0.11811,0.11696258940316442,0.11644,0.11855,0.12337,0.13109,0.13759,0.14609,0.1536,0.16076,0.17157,0.22269,0.21193,0.20212,0.18893,0.17636,0.16553,0.15355,0.14238,0.13331,0.12411,0.11681,0.1094,0.10242,0.09535
22-01-2026 15:10,25297.3,0.12411,0.11729,0.11174,0.10823,0.10830997248509233,0.10824,0.11119,0.11643,0.12445,0.13091729840089622,0.13938,0.14775,0.15498,0.16581,0.22746156300354892,0.21557,0.20370558834778518,0.19217,0.18040179783413055,0.1699,0.15856,0.14748,0.13834,0.12938,0.12225,0.11514,0.10924,0.10271091991624585
22-01-2026 15:15,25297.45,0.13466,0.12452,0.1171522606349538,0.11152,0.10988,0.10975,0.11338813935792227,0.11777124179289022,0.12425,0.13058,0.13789533280898736,0.14677014453633708,0.15617,0.16649,0.22614209724724493,0.21324,0.20198,0.18929,0.17753505858175767,0.16658,0.1554,0.14371,0.13422885168197884,0.12415,0.11671,0.10891,0.10236,0.09474
22-01-2026 15:20,25308.25,0.13545615112966514,0.12651,0.11843,0.11297,0.11042,0.10944,0.11139,0.11523,0.12287,0.12878,0.13797,0.1464,0.15575305490640534,0.16518,0.22618,0.21531,0.20509,0.19178,0.17973,0.16889,0.1573,0.14589,0.13596,0.12591,0.11775868113415672,0.10996,0.10303,0.09568
22-01-2026 15:25,25314.1,0.12635726780811468,0.11981637971953343,0.11396,0.10975,0.10851042948113805,0.10811,0.1098,0.11535975056437256,0.1214613755525177,0.12859,0.13684,0.14746,0.15665636174262257,0.16634,0.22703837723616765,0.21422,0.20312,0.19107,0.17871,0.1668980421093846,0.15573,0.14379,0.13299,0.12420192554532035,0.11524,0.10856,0.10267,0.09699482086371818
23-01-2026 09:15,25292.15,0.11931,0.11649,0.11509,0.11375419236260778,0.11418,0.11547,0.11955,0.12571,0.13265564004653946,0.14132243423497895,0.1510913169050771,0.161937957375699,0.17459,0.18270677391010948,0.24477,0.23396,0.22297,0.20866727302808652,0.19633507811698936,0.18430050788705232,0.17365,0.16193,0.15213,0.14322,0.13578,0.13011,0.12536,0.12142
23-01-2026 09:20,25265.75,0.15631,0.14353,0.13315,0.12648508082914797,0.1228,0.12116,0.12231,0.12772,0.13584,0.14465,0.15226725495108634,0.16482,0.1745352129962916,0.18469,0.24396,0.23273181699446654,0.22085,0.2079,0.19492,0.18248,0.16992934739384236,0.15744,0.14538,0.13438,0.12516,0.11665,0.10902,0.10073
23-01-2026 09:25,25330.85,0.12813,0.12132,0.11486,0.11163,0.10964,0.10946,0.11183,0.11716,0.12565,0.13445181392932237,0.143503386666483,0.15603,0.16640028037104318,0.17721,0.25313183353231733,0.24198,0.23026,0.21748,0.2051,0.19247,0.1795,0.16666,0.15364,0.1427,0.13305,0.12516,0.11848,0.10964651833716882
23-01-2026 09:30,25330.3,0.1130029475379321,0.10461,0.10332,0.10229,0.10288,0.10443,0.10828,0.11533,0.12474,0.1352,0.14612,0.1557734546113646,0.16717,0.17867,0.25374,0.2418613704375655,0.22956155278357204,0.21749,0.2051,0.19356,0.181498866109653,0.17021052400057357,0.1592573769827904,0.14885834526233024,0.13837,0.13156,0.12593,0.12058
23-01-2026 09:35,25299.45,0.12453,0.11639,0.11166,0.10834756641379355,0.10737,0.10758,0.11121,0.11806,0.12835,0.13735772075038252,0.14951,0.16119,0.17159,0.18236,0.25024,0.238639004589482,0.22619986453911656,0.21401,0.20141,0.18963,0.17665269647582926,0.16441,0.15234,0.14161,0.13315,0.12488,0.1189,0.11226
23-01-2026 09:40,25299.95,0.11211,0.10773,0.10517874711222958,0.10380832169140264,0.10436,0.1056,0.10957,0.11735,0.12694240429868237,0.13748,0.14949,0.16018,0.171,0.1817,0.25295,0.24189,0.22915,0.21597,0.20356,0.19183,0.17915,0.16708,0.15541,0.14557,0.13685,0.12948,0.12378,0.11808
23-01-2026 09:45,25269.0,0.13505,0.12568,0.11863,0.11398,0.11201,0.11176,0.11522,0.12257,0.13271,0.14146986423436797,0.15413,0.16573,0.1754040385523556,0.18534,0.24748,0.23573171273194565,0.22327,0.2099086938762475,0.19701,0.18450886723635912,0.17224,0.15981,0.14748,0.13673,0.1286810813133492,0.12016177333947366,0.11206,0.10445
23-01-2026 09:50,25300.7,0.1143657982431792,0.10736783808870694,0.10102,0.09972,0.10033,0.10484291904944475,0.10998644567231193,0.11544,0.12655,0.13711,0.14907,0.16072,0.16983,0.18175,0.25005,0.2385863153986313,0.22641,0.21445,0.20131333048904848,0.19005,0.1771021605610974,0.16533,0.15422,0.14475119060501312,0.13561,0.12812,0.12267,0.11716
23-01-2026 09:55,25284.3,0.1245277699357334,0.11467,0.10997,0.10683,0.10583,0.10864888418780509,0.11068,0.11894,0.1295,0.14041,0.15111,0.16103788018036874,0.17282,0.18339,0.2506546228293094,0.23659,0.22362,0.21121,0.19786411097012058,0.18583,0.17265,0.16037,0.14893,0.13825,0.13020131277994218,0.12193,0.1152955840172861,0.10906
23-01-2026 10:00,25294.9,0.11551,0.10871,0.10436,0.10219,0.10211,0.10379,0.10796,0.11679081661403229,0.12585901284871642,0.13581779549216927,0.14825,0.15795537663977793,0.17017,0.18201,0.24879,0.23819,0.22575,0.21331,0.19948,0.18824,0.17501,0.16269,0.15122,0.14154009760873074,0.13134,0.12581,0.11644,0.11059
23-01-2026 10:05,25293.15,0.10517,0.10167,0.09968,0.0982,0.09925,0.10135,0.10671,0.11611,0.12728,0.13881,0.14857739417924987,0.16201,0.17172,0.18302,0.25083894052987166,0.23745,0.22507,0.21191457817579257,0.19887,0.18769,0.17481,0.16247,0.15143462704174582,0.14012,0.13208078619804214,0.12392,0.11809,0.11261
23-01-2026 10:10,25285.05,0.11052,0.10494003294241012,0.1024,0.10061,0.10086,0.10313,0.10837,0.11749,0.12893,0.13934,0.1512,0.16325,0.17293,0.18352,0.25028520519936187,0.2364,0.22388013186536335,0.2111,0.19732,0.18653,0.17318296465078728,0.16068,0.14973693755287087,0.13838,0.1303030131403246,0.12203,0.11586,0.10975
23-01-2026 10:15,25283.3,0.09813,0.0969,0.09643,0.09644,0.09796,0.10319682546891959,0.10741,0.11877874923228895,0.1289577023878559,0.1408,0.15197,0.16357,0.17418694958663714,0.18454,0.24748,0.23625,0.22383,0.2114,0.19799,0.18669,0.17432,0.16229,0.15133,0.14231112089320752,0.13319,0.12637,0.12096,0.1163
23-01-2026 10:20,25261.25,0.11266,0.10693,0.10368,0.10196,0.10212,0.10706797111824115,0.11275583142754726,0.11993,0.13215,0.14207034565672283,0.15483,0.16683,0.17642,0.1919173134841623,0.24452,0.23264,0.21969,0.20778,0.19476,0.18301,0.16998,0.15745,0.14593,0.13537,0.12714,0.11906,0.11292,0.10675
23-01-2026 10:25,25266.4,0.12923,0.12084,0.11304651454670936,0.10906,0.1068,0.10733,0.11143,0.12046,0.13027985173867618,0.14234,0.15368,0.1651,0.17515,0.18488,0.2467153221327439,0.23405,0.21999,0.20768,0.19478,0.1828,0.16926118657954645,0.15649,0.14472877119869787,0.13273,0.12314,0.1146,0.10689,0.10024880550903499
23-01-2026 10:30,25303.15,0.11532,0.10978,0.10509,0.10165,0.10087,0.10216,0.10624,0.11495,0.12659,0.13721,0.14878,0.15988,0.16944,0.17992,0.24986,0.23875,0.22534,0.21262907350533394,0.20076,0.1885,0.17461391418351985,0.16166,0.14999143520670194,0.13819,0.12852,0.12019,0.11289,0.10514791626754667
23-01-2026 10:35,25313.0,0.10599,0.10186,0.09907,0.09747,0.0984207185904386,0.0994,0.10381,0.11312,0.12386,0.13501,0.14694,0.15955,0.16936,0.18005,0.252,0.24023,0.22725184944763574,0.21421580800362786,0.2017665304947283,0.1897,0.17706,0.16419898915456127,0.15175,0.14111,0.13216,0.12368359726070104,0.11661,0.10764940531742623
23-01-2026 10:40,25297.7,0.11135,0.10492963976993185,0.10164,0.09885,0.09857,0.10014,0.1072628010016018,0.11392,0.12568,0.1366,0.14834,0.16081,0.17098,0.18154,0.24998,0.23817,0.22537436984772358,0.21299,0.20011,0.18782,0.17474,0.16203,0.1509471899245104,0.13919,0.13044798066135282,0.12116,0.11415,0.10767
23-01-2026 10:45,25297.35,0.09821,0.0961,0.09449,0.09374,0.09458,0.09708,0.10329,0.11370975197899758,0.12481,0.13631,0.1467798545673638,0.15986,0.16983,0.18615749590748956,0.25003,0.23822,0.22587,0.2129359164873486,0.20057,0.18858,0.17634,0.16313,0.15174,0.14097,0.13188,0.12401,0.11728,0.10959228198142501
23-01-2026 10:50,25284.35,0.10889,0.10308,0.0993975603935424,0.09792,0.09777,0.101770638243951,0.10539,0.11485,0.12655,0.13792,0.1470086948351812,0.1584258143295743,0.17010524289765894,0.1813,0.24965,0.2374949327176477,0.22462,0.21215,0.19953,0.18702,0.17404,0.16081,0.14871,0.13728,0.12794,0.11977,0.11228,0.10575
23-01-2026 10:55,25278.2,0.11094,0.105,0.10087,0.09864,0.09843,0.10062,0.1063,0.11618,0.12824,0.1389,0.14872680252852238,0.16219,0.172,0.18298,0.2503843235577075,0.23687,0.22382,0.21133,0.19828,0.18614,0.17283,0.15906,0.14764358275570286,0.1357,0.12612,0.11808122578290847,0.1103,0.10344
23-01-2026 11:00,25279.7,0.09949,0.09668,0.09474049592797676,0.09447,0.09556,0.09858,0.10736610151707454,0.11571,0.12772,0.13811281157567018,0.15124,0.16314,0.1738,0.1836,0.24788,0.23718,0.2236,0.21164,0.19899,0.18645,0.17314,0.15991,0.14826,0.13761,0.12834,0.12056,0.11372,0.10600369060661209
23-01-2026 11:05,25270.35,0.11142,0.10533,0.10125,0.09914,0.10082457721957812,0.10396226676469641,0.10775,0.11755,0.12923,0.14062,0.15111882781574515,0.16401,0.17519,0.19064215752352998,0.24668,0.23478,0.22181,0.2094,0.19614425374175032,0.184,0.17078,0.15764,0.14516,0.13386,0.12443,0.1159,0.10893,0.10227
23-01-2026 11:10,25281.6,0.10635,0.10093943853814966,0.09802,0.09604,0.09709,0.09969,0.10605,0.11605,0.12821,0.13898,0.15062,0.1612492828376784,0.17368,0.1835,0.24835,0.23587,0.2228579460556139,0.20981668734193618,0.19733,0.18506,0.17165,0.1587,0.1462,0.13463,0.12497,0.11648,0.10931,0.10249
23-01-2026 11:15,25277.8,0.09535,0.09293292299047147,0.09187303930603874,0.09252659305313449,0.0938,0.09977211000689337,0.10508,0.1156,0.12818,0.1392,0.15124,0.16179098849275547,0.17365,0.18335,0.24587,0.23482,0.22086,0.20872,0.1959961627325132,0.18418,0.17177,0.15952,0.14744,0.13673,0.12847031835800188,0.12027147263639049,0.11301,0.10725
23-01-2026 11:20,25261.05,0.11031,0.10344,0.09958,0.09768,0.09885,0.10159,0.10799,0.11835,0.12863276519982292,0.14178,0.15327,0.1633485864925917,0.17543,0.18648,0.24568,0.23374,0.2202,0.20714911171260864,0.19441,0.18205,0.16905554788524835,0.15658,0.14398,0.13288,0.12371352963421761,0.11444,0.10707,0.10039204596087406
23-01-2026 11:25,25270.95,0.10724889573519494,0.10164,0.09754,0.09611,0.09717,0.10005,0.10881024067674687,0.11709,0.12867,0.14035,0.15238,0.16421,0.1747759816732958,0.18445,0.24768615354445453,0.23490387941771262,0.22117,0.20887,0.19554,0.1829,0.17018,0.15771,0.14458,0.13327,0.12294,0.11447876506384122,0.10649,0.09934
23-01-2026 11:30,25274.7,0.09177,0.08955,0.08944,0.09093578515232793,0.0926,0.09732,0.10663081768750789,0.11568,0.12669936569880996,0.13943,0.1499309782257528,0.16318,0.17407359540336764,0.18476,0.24712,0.23528,0.2218,0.20902,0.19618,0.18467,0.17181,0.15975,0.14731,0.1376266756024563,0.1278,0.12026146659477906,0.11304220173174664,0.10746
23-01-2026 11:35,25252.0,0.0935,0.09162,0.09095732175846667,0.09228,0.09519,0.10037,0.10855,0.11968,0.13054988162199227,0.14375,0.15529,0.16707,0.17758,0.18871,0.24268,0.23094,0.21751,0.20479,0.19155,0.18014,0.16828,0.15635,0.14542,0.13578,0.12799,0.12095495697640274,0.11509,0.11053
23-01-2026 11:40,25221.8,0.10092,0.09778,0.09666,0.09806395101199665,0.10061,0.10582,0.11556,0.12721,0.13961,0.15203,0.16314,0.17349841321296738,0.18383,0.1973233202335679,0.23925,0.22716442309044171,0.21433,0.20188,0.18882,0.17597243814277608,0.16385,0.15167,0.14043,0.13085,0.12271,0.11568960079643864,0.10956,0.10438
23-01-2026 11:45,25210.75,0.09618,0.09576022602607358,0.09747,0.09935,0.10373,0.10955,0.11906,0.13073,0.1424,0.15248010289772382,0.16531,0.17591,0.18655919453775113,0.19675,0.23574,0.22526,0.21174,0.1984,0.18638,0.17499,0.16393,0.15306,0.14354,0.13564,0.12815,0.12247,0.11882,0.11379
23-01-2026 11:50,25193.45,0.11117,0.1073,0.10613150174834854,0.10721785249072867,0.1085,0.11567851475152457,0.12208,0.13307,0.14486,0.1561,0.16703,0.17741,0.18736,0.19852,0.23272,0.22105,0.20822,0.19460135119493438,0.18169,0.16945,0.15821,0.14724951064884306,0.13596,0.12681,0.11883,0.11236,0.10684,0.10173
23-01-2026 11:55,25208.4,0.10773,0.10369,0.1022,0.10292,0.10575,0.11282816571449071,0.11979,0.1304,0.14257,0.15349,0.16371934108704672,0.17532,0.18533,0.19935091695431006,0.23561,0.22389,0.21046,0.19772,0.18489,0.17183,0.16035,0.14834,0.13744,0.12787,0.12017007411122758,0.11298,0.10728,0.10180975429412703
23-01-2026 12:00,25209.75,0.10658905913203186,0.10481,0.10303,0.10346,0.10637,0.11101,0.12161549761762398,0.13136682549040363,0.14275,0.15335,0.16428,0.1752,0.1865374213502399,0.19714,0.23589,0.22355,0.21036421294909144,0.198,0.18517,0.1718368859667814,0.15967,0.1473,0.13627,0.1266,0.1186810950705452,0.11104,0.10492,0.09911
23-01-2026 12:05,25207.8,0.09717,0.0964653969803535,0.09755671300104579,0.09955,0.10375,0.10947,0.11933,0.13061,0.14312,0.1545,0.16511,0.17556,0.18731483652000055,0.1982,0.23501,0.22209,0.20998,0.19729,0.18451,0.17225,0.1607,0.14862,0.1393126444819594,0.12999,0.12296,0.11696,0.11247,0.10886
23-01-2026 12:10,25190.3,0.10602,0.10311,0.10236,0.10405,0.10765,0.11510106403140652,0.12261,0.13353,0.14595,0.15725,0.1670987744219462,0.17872,0.18877,0.2018999423566593,0.23266,0.2200114313783657,0.20694741685378706,0.1943,0.18239,0.16962,0.15765,0.14576,0.13523,0.12612,0.11846,0.11226,0.10677076214557615,0.1021
23-01-2026 12:15,25193.1,0.12044,0.11324,0.1091,0.1093193957612262,0.11003,0.1141,0.12241,0.13313,0.14523,0.15432162944414238,0.16696,0.17674942835281837,0.18781,0.199,0.23385,0.22083,0.20803,0.19529,0.18201,0.16936,0.15689,0.14393,0.13247,0.12203,0.11306,0.10491,0.09748,0.09034
23-01-2026 12:20,25216.55,0.09869683689805267,0.09654667252270833,0.0970167399134811,0.09993,0.10351,0.10881,0.11931872974379032,0.12907,0.14159,0.15237765278472754,0.16402,0.17452,0.18521,0.19582,0.23652,0.22488,0.2115,0.19831,0.18504618436664547,0.17343,0.16068,0.14839,0.13724,0.12774,0.11932,0.11244,0.10652,0.10192
23-01-2026 12:25,25202.7,0.10902,0.10505,0.10397597318932872,0.10354,0.1076140758768506,0.11111,0.1202,0.13111,0.14351,0.15435,0.1652,0.1766,0.18762482234348155,0.19783,0.23468,0.22237,0.20902,0.19636,0.1836,0.17060106881096104,0.15822,0.14659035835863252,0.13554433946275582,0.12424,0.11559,0.10868453154710153,0.10184,0.09596
23-01-2026 12:30,25205.2,0.10924,0.10449,0.10241,0.10351,0.1062,0.11118,0.12027,0.13051908427390213,0.14318,0.15230067639928846,0.16371787048580028,0.17632,0.18762,0.19829,0.23595026909144312,0.22218,0.20888,0.19589666632642827,0.18299805192412463,0.17105,0.15802,0.14550518628480308,0.13319,0.12291,0.11407,0.10656,0.09979,0.09415
23-01-2026 12:35,25205.5,0.11402,0.10753612625010013,0.10454,0.10462,0.10685,0.1115,0.12027,0.13105,0.14285,0.15231410040407917,0.16493,0.17635,0.18638,0.19688,0.23527,0.22295,0.20959,0.19628103601725666,0.18372,0.17078,0.15757512524094344,0.14482,0.13307,0.12233,0.11291,0.10468,0.09735,0.09070871420488151
23-01-2026 12:40,25211.7,0.11514,0.10829473827675709,0.10518,0.10499,0.10666,0.11088,0.11947,0.12981,0.14194,0.15277,0.16456,0.17497,0.18622,0.19683,0.23403,0.22129,0.20819,0.19528,0.18287,0.17019,0.15677,0.14451317228699875,0.13279245850990168,0.12064,0.11144,0.10366756246856332,0.09605,0.08937
23-01-2026 12:45,25238.75,0.09531,0.09296,0.09274,0.09478,0.09861,0.10362,0.11331,0.12424300571278739,0.13567,0.14706,0.15868,0.17112,0.18118,0.19242,0.23838856598460692,0.22517322861853628,0.2115,0.19929,0.18696,0.1748,0.16178,0.14858,0.1379619875749985,0.12777,0.11935,0.1118,0.10566,0.10053
23-01-2026 12:50,25208.05,0.11818,0.10990272419339576,0.10589,0.10503,0.10869099554167441,0.1131809834452181,0.11886,0.12907,0.13927598803791452,0.15177,0.16278,0.17508,0.18604589885407335,0.19678,0.23522468757580914,0.22163,0.20784,0.19651,0.18341,0.17058,0.15674173944321992,0.14308,0.13085,0.11971,0.11083114278795542,0.10129,0.0937,0.0855
23-01-2026 12:55,25226.8,0.09191,0.09074,0.09280598348520948,0.09436,0.10006778457786344,0.10493,0.1165588198671196,0.12694,0.13837,0.15025,0.16205,0.17356,0.1845358685046523,0.19498,0.23641,0.22369,0.21182,0.20039,0.18614780605448283,0.17433,0.16074,0.14707,0.13576,0.12571,0.11721,0.10981,0.10391,0.09895
23-01-2026 13:00,25191.8,0.10732,0.10216,0.10054,0.10197,0.10559,0.11324592777455363,0.12128,0.13301,0.14300427306187918,0.15608,0.16683,0.17872,0.18873,0.19995,0.23239,0.22018,0.20746,0.19582,0.18204,0.16979,0.15628,0.14286,0.13142,0.1209,0.11199,0.10415301939597171,0.09654,0.08989
23-01-2026 13:05,25191.25,0.10200531892590466,0.10077,0.09948,0.10124,0.10514,0.11102,0.12143,0.1325507703983103,0.14478,0.15664,0.16748,0.17944,0.19018,0.20155,0.2335761126150842,0.21953,0.20747,0.19582,0.18203,0.17015,0.15659,0.14283,0.13138,0.12085,0.1118,0.10375,0.0965,0.09041
23-01-2026 13:10,25194.95,0.10157,0.09802,0.09731,0.09991,0.10395,0.1104,0.12116245548792431,0.13232,0.1427519112878983,0.15573,0.167,0.17842,0.18909,0.20112,0.23302,0.2208025346186211,0.2081083669511848,0.195295557663125,0.18311,0.16964,0.15624,0.14236,0.13117,0.12141303832964453,0.11148,0.1041,0.09747,0.09128031732452119
23-01-2026 13:15,25171.1,0.09416,0.0943974987470575,0.0962,0.101,0.10831295876022229,0.11552,0.12639,0.1370101561150885,0.14829780703797,0.1611,0.17255,0.18417,0.19448,0.20596,0.23176024087005892,0.21619,0.20472,0.19249,0.17892410871419587,0.16678,0.15381,0.14203,0.13153,0.12279,0.1152,0.10933,0.10496,0.10098
23-01-2026 13:20,25141.7,0.09918,0.10042,0.10271,0.10734,0.11295,0.12225136707945027,0.13196,0.14377,0.1549,0.16568,0.17659274948117762,0.18856,0.19941,0.21129183171347724,0.22429,0.21339,0.2011,0.18918,0.17603,0.16335,0.15068,0.1396,0.12972,0.12235686916274227,0.11495152425447844,0.10861,0.10422,0.09779
23-01-2026 13:25,25138.55,0.09959,0.09975,0.10336393320496293,0.10753,0.1139,0.12191,0.13279,0.14464,0.15683,0.16747,0.179,0.19071,0.20056,0.21212,0.22394,0.21174,0.20072,0.18678733947225307,0.17434,0.1622,0.14993,0.13887724440929916,0.12773,0.11936,0.11245,0.10677,0.10216847362628761,0.09899
23-01-2026 13:30,25095.3,0.10352,0.10563,0.10989777561336442,0.11503,0.12248,0.13217160198577826,0.1424,0.15439,0.16472704662425366,0.1774,0.18879,0.20028,0.21161,0.2223,0.22468,0.21272,0.20148,0.18886,0.17617,0.16462,0.15373,0.1436,0.13495,0.12841376507035424,0.12262676528102365,0.11829,0.11505519127401295,0.11441
23-01-2026 13:35,25072.05,0.10627,0.10742,0.11133,0.11663,0.12475023505697251,0.13282,0.14377,0.15568,0.1656918693010922,0.17828,0.18924659485882192,0.20123,0.21156,0.22387878412721163,0.22141,0.2088879286387964,0.19618,0.18333564068898206,0.1715,0.15941,0.14792,0.13777,0.12862,0.12121,0.11527,0.11101542059047291,0.10719,0.10371
23-01-2026 13:40,25076.35,0.1005,0.10382,0.10953,0.11588,0.12411,0.13477471269936336,0.14513261423416812,0.15623,0.16833,0.17852,0.19002,0.2008184577632332,0.21165,0.2226,0.2251,0.2130918214776329,0.20101,0.18915,0.17594,0.16462,0.15405,0.14446,0.13670229796520866,0.12982,0.12428,0.1215691727749715,0.11991,0.1204
23-01-2026 13:45,25053.0,0.11187,0.11293522368790371,0.11669,0.12201,0.12927,0.13836,0.14889,0.16014,0.17213,0.1820188845360118,0.1941,0.20484423507136146,0.21633,0.22737,0.21884,0.20659544447393896,0.1937886958017725,0.18173,0.16826,0.15582,0.14497,0.13602896044239404,0.12669948590842678,0.11786,0.11116,0.10602,0.10210542398996199,0.09759
23-01-2026 13:50,25055.05,0.11105,0.11255,0.11691,0.12263,0.12998,0.13922,0.14982,0.16105,0.17257,0.18399,0.1948,0.20664,0.21787786450112573,0.22849,0.22043,0.20712,0.19446319804472498,0.18212,0.16866,0.15651,0.14516,0.13544498677798525,0.12498,0.11719,0.11063,0.10486,0.10082,0.09729930675371669
23-01-2026 13:55,25054.0,0.11215,0.11334,0.1173,0.12291253577456031,0.12874,0.13878233130200732,0.14869054727763725,0.15952,0.17036,0.18221,0.19365,0.20479,0.21777179284621784,0.2298616109856636,0.21977,0.2081,0.19563,0.18322,0.1706,0.15865,0.14751,0.13711,0.1281,0.12067,0.11411,0.10903,0.1056,0.10223
23-01-2026 14:00,25054.2,0.11441,0.11601222011083309,0.11955062384381193,0.12419667027815033,0.12875,0.13712,0.1478967472200672,0.15833,0.1693,0.18057,0.19126,0.20207,0.21334,0.22331,0.21929,0.20717,0.19529,0.18134,0.16833745091176922,0.1562810754009819,0.14443,0.1335,0.12424,0.1165,0.10991,0.10398,0.09874,0.09436
23-01-2026 14:05,25065.1,0.11171,0.11208,0.11495,0.11976,0.1261,0.13483,0.14508,0.15631,0.16766,0.17854,0.18921,0.20041541502510474,0.21187,0.22187,0.22034,0.20887,0.19703,0.18391,0.17019511268360205,0.15778,0.14614,0.13499,0.12562,0.11815,0.1113589819059596,0.10558,0.10159,0.09656
23-01-2026 14:10,25058.25,0.11362,0.11404,0.11716,0.1215,0.12778,0.13652,0.14685157516397535,0.15781,0.16918,0.1801,0.19032,0.20165,0.21335763853968315,0.22438,0.22067,0.20869594194077798,0.19652,0.18292,0.16945,0.15701,0.14502,0.13361,0.12347,0.11525,0.10969,0.10308,0.09849,0.09298
23-01-2026 14:15,25090.65,0.09978,0.10291,0.10855580117557048,0.11374,0.12098,0.12996,0.1401,0.15103,0.16303,0.17347,0.18454,0.19525,0.2070313331465385,0.21772,0.22608,0.2139,0.20107,0.18844,0.17504,0.16301,0.15186,0.14089,0.13175,0.12436,0.11926,0.11535,0.11230618134955639,0.11247
23-01-2026 14:20,25059.65,0.10638,0.10812,0.1129088958039999,0.11766,0.12564805016017216,0.13389,0.1444620932253422,0.15581,0.16723,0.17783,0.18819,0.19926,0.21128385456912735,0.22119445895846773,0.22341,0.21041,0.19825,0.1843446272887532,0.17186,0.15965,0.14814,0.13705,0.12795,0.12066,0.11565048232167979,0.11106,0.10765,0.10473
23-01-2026 14:25,25049.75,0.11151888368011321,0.11518,0.11749,0.12119,0.12738,0.13461,0.1447,0.15513,0.16647,0.17606,0.18686949308155923,0.1981211616764619,0.20957844941912318,0.22056,0.2197,0.20694,0.19409,0.1802,0.16663435860236434,0.15341,0.1419889876084674,0.13078638484692306,0.11907,0.11017,0.10294,0.09634,0.08975,0.08191
23-01-2026 14:30,25077.85,0.11012,0.11027,0.11321,0.11741,0.12437,0.1340584999190587,0.14348,0.15363,0.16489,0.1743,0.18512,0.19678,0.20853,0.2183,0.22389,0.21011,0.19796,0.1842,0.17068,0.15744,0.14487,0.13241,0.12282218480962911,0.11309,0.10574,0.09974,0.0941,0.08855
23-01-2026 14:35,25087.05,0.1078,0.10743,0.11079154382653676,0.11406,0.12179592025782185,0.129,0.13915214893160516,0.14916215717796444,0.15971526686698814,0.17109,0.18275,0.19394330263752052,0.20595,0.21554,0.22344,0.21100822152222704,0.19846,0.18482,0.17106,0.15737,0.14542,0.13443259797594234,0.12292,0.11549394746818283,0.10799,0.10227,0.09782,0.0929
23-01-2026 14:40,25094.55,0.10095130173059746,0.1053,0.10947,0.11466,0.12255,0.13219154083493795,0.14197016602938567,0.15227,0.16277,0.17191,0.18385,0.19511,0.20609330626555017,0.2169,0.22589,0.21302261713521306,0.20016,0.18735,0.17383,0.16070889217593542,0.14861559657460618,0.13695,0.12586,0.11704,0.11101,0.10538,0.09980143627145194,0.09700907270084795
23-01-2026 14:45,25081.45,0.10176,0.10398,0.1092595742371445,0.11413,0.12342595561935307,0.13217,0.14255,0.15294,0.16252476163897722,0.17305,0.18459031113387886,0.19652,0.20829,0.21885,0.2247,0.20978,0.19875,0.18541,0.17329,0.1604,0.14892231892149482,0.13823,0.12811,0.12117842023158264,0.11468,0.11013,0.10692,0.10253401934848592
23-01-2026 14:50,25059.3,0.10687800586582075,0.1101199563955245,0.11717,0.1217075859318422,0.12789,0.13662,0.14639,0.15629,0.16695,0.17648,0.18874,0.19922,0.21018,0.22051,0.221668020212389,0.20545,0.19303,0.18035,0.16728,0.15404,0.14196,0.13093774387711565,0.11889,0.10969,0.10368030097804777,0.09703,0.0915,0.08374
23-01-2026 14:55,25096.0,0.10052548559181732,0.10472,0.1084,0.11268,0.11992,0.12927,0.13943,0.1498944957162191,0.16087,0.17099,0.1826802044981576,0.19457,0.20503,0.21545,0.22446,0.21098286190939447,0.19757,0.18516,0.17236,0.15908,0.1463904374762756,0.13503,0.12398,0.11532,0.10926,0.10437,0.10001,0.09741
23-01-2026 15:00,25071.15,0.10632,0.10791,0.11251,0.11727,0.12556,0.13521,0.14652,0.15761,0.16824,0.17934,0.1912,0.20287,0.21389,0.22422,0.22224,0.20986798823132197,0.19792,0.1837448476928642,0.17151,0.15832593075617446,0.14663,0.13499,0.12566418388446715,0.11609,0.11005,0.10618,0.10368,0.1
23-01-2026 15:05,25059.0,0.1009,0.10433,0.10951,0.11488,0.12411,0.13455,0.14715,0.15877,0.17062,0.1813,0.19273780118995554,0.20477,0.21637,0.22744,0.2193,0.20760511196396014,0.19568,0.18348,0.17207,0.16041,0.15012,0.13935,0.13024,0.12326,0.11940130331827722,0.11648,0.11517,0.11593
23-01-2026 15:10,25045.6,0.11068,0.11255684807291787,0.11676,0.1215,0.13029,0.14024849054573485,0.15104,0.16104,0.17246,0.18294238510515956,0.19420482377018608,0.20563894642006988,0.21719,0.22664,0.22062227382120198,0.20548,0.19280268208128268,0.18023,0.16696310819378538,0.15451,0.14377,0.13176,0.1230191815514462,0.11352,0.10779,0.10344,0.09986683632020331,0.09623
23-01-2026 15:15,25061.1,0.10403,0.10756,0.11216,0.11735,0.12658,0.1366,0.14719,0.15763,0.16971,0.18027,0.19149,0.20296,0.21502,0.22596,0.22229,0.20842,0.19569,0.18076888806919356,0.16743810014066707,0.15498,0.14334,0.13215,0.12057,0.11286,0.10961,0.1063,0.10370772192906358,0.1021
23-01-2026 15:20,25040.65,0.1146,0.11616,0.1209583864863209,0.12679867181333487,0.13309,0.14302856902637584,0.15303,0.16319077566464818,0.17486,0.18481,0.19590355095545037,0.20832,0.2181,0.22899,0.2264345185523266,0.21017470026415952,0.19313,0.17961,0.1662,0.15292,0.14013,0.12789,0.11618,0.10749,0.10329727313995561,0.0991,0.09488,0.08909
23-01-2026 15:25,25049.65,0.10887,0.11147,0.11604,0.12176,0.13109,0.1410137045003924,0.15154,0.16182,0.17314,0.18434,0.19727,0.20814,0.2205,0.22986,0.21958,0.20286,0.19008,0.17715,0.16433,0.15096,0.13995,0.12873844647053406,0.11847420355277023,0.10726,0.10175,0.09947,0.09448,0.08977
27-01-2026 09:15,25113.05,0.27499,0.30202,0.32281,0.35058,0.38461,0.42786,0.47824,0.52453,0.57367,0.62043,0.6580916781609913,0.70998,0.7529978984801039,0.7949047469123247,0.80455,0.75263,0.70349,0.64961,0.59775,0.55382,0.51257,0.48379,0.46589,0.46533,0.47357,0.49258,0.51278,0.54893
27-01-2026 09:20,24981.3,0.37173,0.38093,0.4046768360419186,0.4353765815241618,0.47153430974005156,0.5124597862237676,0.55918,0.60764,0.6609,0.70752,0.76109,0.80431,0.84893,0.8902675827310803,0.722,0.67056,0.63579,0.57755,0.52942,0.47801,0.4394841424696049,0.39554,0.37825,0.3773,0.38901,0.3950173078430218,0.41378,0.43897936998371007
27-01-2026 09:25,24940.7,0.41215,0.41457,0.42548,0.4559150777162659,0.4958,0.53823,0.58329,0.6337414816915165,0.6864,0.73837,0.78617,0.83239,0.877,0.9170796343580724,0.70051,0.653619398960972,0.60735,0.55241,0.5018,0.4528,0.40457,0.36324,0.3454604873485134,0.32686,0.31923,0.31138,0.2881,0.2781792647915907
27-01-2026 09:30,24944.4,0.43418,0.43019,0.4398051128176188,0.45789,0.4959410574525032,0.53966,0.5841635921250211,0.63551,0.68635,0.7399855725361559,0.79262,0.83608,0.8831058073502006,0.92433,0.69697,0.65541,0.61709,0.56144,0.51004,0.45156,0.408280415633344,0.35395,0.31876,0.30027,0.2664426447569077,0.23934090090120808,0.23261,0.15552
27-01-2026 09:35,25018.3,0.4495,0.42747,0.41019,0.42032,0.45178,0.4857669929372116,0.52925,0.57595,0.62223,0.67629,0.7274473554720735,0.77034,0.81264,0.85271,0.7515805104658543,0.69537,0.64737,0.60076,0.54814,0.4962,0.44574,0.40575663864987643,0.35472,0.32039,0.29276,0.26448,0.22211,0.12637
27-01-2026 09:40,25090.85,0.4547,0.4137,0.39014,0.38476,0.40993,0.44455,0.48925,0.53745,0.58193,0.63655,0.68678,0.73576,0.76941,0.81462,0.79603,0.74443,0.69617,0.64951,0.60292,0.55029,0.49947,0.45308,0.40468,0.36501,0.333,0.30009,0.26344,0.2039
27-01-2026 09:45,25142.05,0.36816,0.34955,0.3373,0.34272,0.36957487625548197,0.40126,0.44811,0.49461,0.54701,0.59015,0.6467488962521337,0.697647500025869,0.74219,0.78754,0.8211575050041344,0.77235,0.7239315820165028,0.6754,0.63383,0.58196,0.52995,0.4846601356404402,0.43571,0.40108,0.3768,0.35236,0.317790052089725,0.29136
27-01-2026 09:50,25142.45,0.34662,0.32683,0.31992,0.32756,0.35831,0.39611,0.44871,0.50094,0.54737,0.59426,0.65191,0.7018430860319027,0.74216,0.78114,0.8235092832185942,0.77273,0.72082,0.67648,0.6264749691336516,0.58085,0.53176,0.48237,0.4405,0.40779,0.37958465035074795,0.355204725815522,0.34076,0.30921
27-01-2026 09:55,25130.4,0.32119,0.31184,0.31403,0.32672,0.36179,0.405717439601063,0.45679,0.51181,0.5612768108275275,0.61344,0.6665488106271185,0.71226,0.75959,0.7934,0.80994,0.7601,0.72919,0.6732605187257599,0.6264,0.56905,0.516,0.46864,0.42882,0.40330273181138976,0.3788089152011628,0.37073,0.34763847037905726,0.33788
27-01-2026 10:00,25139.8,0.32443,0.31169153254733756,0.31832593655436275,0.32502,0.3676441861607651,0.40375,0.45211839873262066,0.51008,0.56064,0.608506416988337,0.66324,0.70756,0.7629220636090284,0.809744069883414,0.83447,0.78289,0.734053835635353,0.68513,0.633,0.58504,0.52821,0.47811,0.431,0.39817,0.37604,0.35656,0.33606,0.31098
27-01-2026 10:05,25125.85,0.30215,0.29677,0.30128,0.32297,0.36228,0.40899,0.46656,0.51932,0.57315,0.62148,0.67629,0.72081,0.7648583915475731,0.80129,0.8399226062174006,0.7870167156000474,0.73296,0.6816359163441887,0.63328,0.57812,0.52108,0.47288,0.43083,0.40016,0.38385,0.37058,0.35888,0.33865
27-01-2026 10:10,25088.75,0.4075,0.37298554481989976,0.35823,0.36103,0.39121067424862144,0.42782,0.48428,0.53178,0.58393,0.63445,0.68859,0.73067,0.7829,0.82034,0.81291,0.76659,0.71267,0.66199,0.6056434141967919,0.55399,0.49687,0.44858,0.39699,0.36248,0.33467,0.2960146077729954,0.27156,0.21831
27-01-2026 10:15,25129.65,0.43897,0.39066,0.36472,0.36018,0.38258,0.41304,0.45733443341102054,0.51171,0.56872,0.61118,0.66561,0.71362,0.75313,0.79688,0.84848,0.7956,0.74158,0.69533,0.63808,0.58309,0.53429,0.47852,0.43107,0.38655,0.35069,0.31475,0.27834,0.22729
27-01-2026 10:20,25170.2,0.32589,0.30563,0.3037953304220423,0.31025,0.34257,0.38807,0.4371282281440865,0.49493,0.553,0.59737,0.65279,0.69651,0.74989,0.78886,0.87099,0.8268970962118951,0.78094,0.73318,0.67496,0.62221,0.56933,0.5174817151187778,0.4679280543936458,0.42046,0.3866878452925071,0.36053,0.3266095554107905,0.30288
27-01-2026 10:25,25164.05,0.25371,0.26218,0.27617,0.30173,0.34283,0.39283,0.4492,0.50273,0.5558904429244418,0.60586,0.67118,0.718776651220448,0.7622029968817018,0.79871,0.87468,0.82807,0.77342,0.72691,0.67296,0.61698,0.5619,0.51093,0.46831508468077104,0.42822,0.40896,0.38730173821306535,0.38081,0.37269
27-01-2026 10:30,25123.35,0.3273,0.31534,0.32226803399926174,0.33808,0.378439792954144,0.42491,0.48153,0.5296542132189894,0.58658,0.63961,0.6961844958378732,0.7464,0.79521,0.83545,0.85189,0.79916,0.75078,0.6977747507195282,0.64601,0.59014,0.54071,0.49048,0.43891,0.39674,0.3656939232777212,0.33773,0.31402,0.28019
27-01-2026 10:35,25122.35,0.25535776973729457,0.2795709445792183,0.3076,0.33586,0.37908,0.43043018219282725,0.48624,0.54057,0.58795,0.64561,0.7025,0.74763,0.79619,0.82755,0.8585,0.80533,0.75652,0.70959,0.65084,0.5958798891582322,0.5434797055447221,0.49179,0.4435,0.40453,0.37677499854855856,0.35626,0.33601,0.31486
27-01-2026 10:40,25095.65,0.24533616626452362,0.27705,0.30858,0.34517,0.39676,0.45355489909569163,0.5135,0.57223,0.62559,0.6776078776492265,0.7300321057257915,0.7755,0.82494,0.87277,0.82604,0.77517,0.73559,0.66826,0.62248,0.56794,0.5172315665457093,0.46905,0.42666,0.41728,0.41798,0.42719,0.44604,0.47381
27-01-2026 10:45,25027.6,0.33335,0.33817,0.35486,0.39647679898714694,0.44222,0.49912,0.5557,0.61343,0.66951,0.72857,0.7792558363197543,0.82268,0.8712804654839739,0.91224,0.81134,0.75038,0.6997858405950514,0.64989,0.59084,0.53037,0.47477,0.42695,0.37786,0.35197327464960504,0.33006,0.30659721895322867,0.2975,0.26889
27-01-2026 10:50,25020.95,0.2906183411172941,0.3311,0.3704885350176006,0.41388,0.46816,0.5229135207196792,0.58347,0.63393,0.67963,0.74791,0.8027,0.8509,0.89024,0.94593,0.82915,0.7707157475972397,0.7112215431183762,0.65159,0.59194,0.5382,0.48057,0.4304,0.3983971097099029,0.36854,0.36669,0.37527,0.3824303044116618,0.40869
27-01-2026 10:55,24997.0,0.3272,0.3545722331906701,0.3896498782712437,0.4288,0.48382820272898786,0.53983,0.59563,0.64794,0.70518,0.76982,0.81506,0.8733,0.9255113131292433,0.97544,0.80799,0.756633723562781,0.70166,0.64264,0.58219,0.52396,0.46925114274760854,0.41534,0.37268,0.35504,0.35497,0.3482613578529449,0.36017228193279444,0.3853
27-01-2026 11:00,24984.95,0.2932613603411348,0.34227801931001267,0.3922236634170845,0.44337,0.49355,0.55304,0.60914,0.66918,0.7194,0.7846,0.83519,0.8892507348169099,0.94099,0.99173,0.867264876819738,0.7858896335455026,0.70616,0.63595,0.57545,0.5080330517532153,0.45921,0.40189,0.34996,0.32186,0.31013,0.29312,0.26525,0.201
27-01-2026 11:05,25008.55,0.35938,0.37208265605382096,0.39529,0.43643,0.48808,0.5422751323750574,0.60524,0.65624,0.71909,0.77679,0.83301,0.88779,0.93527,0.98664,0.8133565249992156,0.76668,0.72755,0.6579610742094322,0.5954697139629577,0.53754,0.47948,0.42233,0.36786,0.33818,0.32588,0.3055822019031259,0.31009,0.29008
27-01-2026 11:10,25017.35,0.35447,0.367742242905334,0.3917,0.4370741383547072,0.48639,0.54371,0.5989201556252479,0.66031,0.71616,0.78283,0.83535,0.90092,0.94465,0.9878759071661337,0.84323,0.78659,0.74005,0.66858,0.6080001102621587,0.55235,0.4878903425002985,0.42763,0.37099,0.33704,0.32149,0.29807400454773114,0.29971,0.27694
27-01-2026 11:15,25024.0,0.36044,0.36747,0.38888,0.42815,0.48191,0.53609,0.59681,0.65096,0.70102,0.77263,0.82914,0.88409,0.9360744504938561,0.9822,0.84713,0.79103,0.74571,0.67934,0.61259,0.5482247299606504,0.48546,0.42832,0.37381,0.33669,0.31376,0.29753,0.2884376434041531,0.28479222652756964
27-01-2026 11:20,25044.9,0.32104,0.3387771574210988,0.36439,0.41123,0.46217,0.52086,0.58499,0.63522,0.69429,0.7584899850717803,0.81298,0.87951,0.92713,0.96345,0.85907,0.8038,0.75361,0.68763,0.63226,0.56455,0.51188,0.45302,0.39312,0.36313,0.34214,0.33306,0.32606,0.31835
27-01-2026 11:25,25036.65,0.36696,0.36749,0.38782,0.42691,0.47306690756917263,0.52892,0.58582,0.63827,0.6913,0.76463,0.8207,0.88782,0.93488,0.9817484125239644,0.8627933657268677,0.80684,0.7519602060838502,0.69546,0.6342995917040588,0.57808,0.5149,0.45444,0.39294,0.34485,0.31554,0.27983969753322413,0.26278,0.209
27-01-2026 11:30,25078.55,0.30177,0.31892,0.34583,0.39147,0.44329322203619675,0.50143,0.55908,0.6145512900445128,0.67088,0.73376,0.7978120261684609,0.85717,0.91064,0.95374,0.89745,0.84137,0.79065,0.72989,0.6687472172163849,0.61261,0.54192,0.4866,0.42664,0.38602,0.36245,0.34457,0.33544,0.3337392127380898
27-01-2026 11:35,25074.65,0.32347521866217055,0.34012,0.35804,0.39528,0.436,0.49221,0.55529,0.60544,0.66896,0.73161,0.79348,0.84687,0.91508,0.94711,0.90452,0.83873,0.7915460219394042,0.73505,0.67733,0.61641,0.54493,0.48589,0.42361,0.37293,0.33543,0.3025838854421613,0.28242,0.25141
27-01-2026 11:40,25088.45,0.51292,0.44935,0.42746,0.43359,0.45344,0.48777,0.54722,0.59689,0.6509255853188184,0.70847,0.76042,0.8216483452882011,0.86804,0.91268,0.9263711893661855,0.86574,0.8082206285709232,0.75212,0.68852,0.62328,0.56051,0.5012,0.43625,0.38682,0.3401,0.29952,0.25544,0.17427
27-01-2026 11:45,25159.6,0.26014,0.2794,0.30133,0.33437,0.37354,0.43836,0.49435,0.54956,0.60709,0.6720452997901012,0.73216,0.78416,0.8285230725910813,0.86457,0.97798,0.9111,0.85324,0.79336,0.7316,0.6638126097060858,0.6025974306385365,0.5446053529104001,0.48941,0.44602,0.42422,0.41054,0.40549,0.41203
27-01-2026 11:50,25103.25,0.3271,0.32609,0.3415,0.37589,0.41313,0.46966312016209566,0.53389,0.59395,0.6458364499654182,0.69661,0.77721,0.81837,0.87825,0.92405,0.94209,0.87488,0.81721,0.76497,0.69521,0.63118,0.56521,0.50148,0.44941,0.4154599159787194,0.38774,0.3672162621232453,0.36494,0.34715
27-01-2026 11:55,25084.4,0.3646852808057425,0.37526,0.38440446295097114,0.4052,0.43891,0.49008,0.55875,0.60674,0.66333,0.71693,0.79863,0.85098,0.91214,0.9696440574703716,0.95193,0.8892128473417721,0.8236167682136011,0.76111,0.69042,0.61931,0.5572557143558574,0.49729298797060606,0.43434,0.39001,0.35672341801003304,0.33146,0.30429,0.26015
27-01-2026 12:00,25100.25,0.3932,0.37693,0.37919,0.4065553546823396,0.44151,0.49354,0.5541,0.60307,0.65156,0.718558824130729,0.77765,0.82725,0.8734177602750176,0.9164970216123975,0.9623,0.88186,0.82452,0.77303,0.7007447353451857,0.6337910236999018,0.571,0.5106818080125572,0.45472,0.40448,0.37113,0.34364,0.31813,0.29793489107338533
27-01-2026 12:05,25122.5,0.35913,0.347,0.35271,0.37884,0.42015,0.47865,0.53933,0.5905370428327901,0.65344,0.69809,0.78273,0.82285,0.89728,0.9608277135801002,0.98853,0.90705,0.84928,0.78884,0.72602,0.6541,0.59385,0.532569206192371,0.47451,0.4312463305354365,0.39439,0.37132,0.3522,0.33742132628702465
27-01-2026 12:10,25117.85,0.37709,0.3605,0.36361,0.38941,0.42902,0.48410254171870104,0.55495,0.59802,0.66477,0.72079,0.78509,0.84864,0.9070860024798859,0.95972,0.98491,0.90182,0.84542,0.79545,0.73937,0.6659,0.6018156926407293,0.54119,0.47988,0.42957,0.39059,0.36109,0.33405,0.3012
27-01-2026 12:15,25117.6,0.30765,0.31365,0.33785,0.38075,0.438,0.49899,0.56222,0.62062,0.6753277116155672,0.73016,0.7962497280057985,0.84696,0.9233,0.97212,1.01025,0.92673,0.85601,0.81432,0.7486,0.67419,0.61091,0.553046871633086,0.49970283947774496,0.44767,0.41968,0.39999,0.38464,0.37378
27-01-2026 12:20,25109.2,0.39454,0.37830282718846475,0.37656,0.40138,0.4544985979475409,0.51201,0.57587,0.62761,0.68817,0.73425,0.81144,0.8637,0.94107,0.99043,1.00465,0.93314,0.8777189804001974,0.819,0.7500249401981074,0.6835,0.62307,0.55271,0.48838,0.42912,0.37872,0.33881,0.2917282134215691,0.24873
27-01-2026 12:25,25134.2,0.27995,0.29513,0.33572105608002567,0.37419,0.42935,0.4948,0.56462,0.6176463384256208,0.67951,0.73799,0.81575,0.85823,0.94879,0.98686,1.03517,0.94871,0.90214,0.8392825125511847,0.77268,0.72383,0.63977,0.58404,0.51233,0.4677923839801773,0.42482,0.40127,0.38577,0.37778
27-01-2026 12:30,25098.2,0.34532,0.34664573896069045,0.36118,0.4013,0.45691,0.52494,0.59417,0.66049,0.71503,0.76211,0.84146,0.89501,0.98724,1.00813,1.0379,0.95103,0.88906,0.83341,0.76474,0.70024,0.62633,0.56307,0.49249,0.4407,0.39862,0.36573,0.33397,0.29361
27-01-2026 12:35,25099.65,0.32818,0.3356,0.36352,0.41336,0.47017,0.53637,0.5960129439949875,0.66877,0.72412,0.7965959306090151,0.86377,0.92022,1.00022,1.03866,1.04009,0.97827,0.90271,0.8435437792543747,0.77667,0.71739,0.6398016146083634,0.57224,0.51253,0.45385,0.41578,0.38619501617018476,0.3681,0.349251957514666
27-01-2026 12:40,25084.95,0.3295825662111457,0.35756,0.3851,0.43265,0.48939,0.55081,0.61517,0.6804201391352538,0.7482947546652757,0.81686,0.87549,0.9393105804208974,0.99762,1.04657,1.04478,0.96906,0.90513,0.84759,0.7751649674754854,0.71012,0.62832,0.55539,0.49525,0.44576372903110834,0.40205167425054944,0.36653067819096086,0.34137,0.31143090100757975
27-01-2026 12:45,25083.9,0.2914481479100803,0.33588,0.38006,0.43751,0.49765,0.563095497576886,0.63201,0.6970557874067279,0.76706,0.82994,0.8925685092848853,0.94517,1.0283,1.06306,1.05972,0.98286,0.91795,0.85952,0.78761,0.7134,0.6369,0.56286,0.50176,0.45209,0.42086,0.40056,0.38685,0.38058
27-01-2026 12:50,25065.25,0.3993,0.39715,0.42182,0.46947,0.52555,0.59988,0.66958,0.723859848064776,0.78377,0.85703,0.9262971147229163,0.98798,1.04271,1.0921092152191345,1.07631,0.96973,0.90591,0.83859,0.75874,0.69506,0.62552,0.54605,0.4811767915210756,0.41217,0.36272,0.31743,0.26960073773165244,0.2247958158276592
27-01-2026 12:55,25094.45,0.33154,0.3502,0.3889,0.4525188896176231,0.5130517052672392,0.58448,0.6436113350742536,0.71484,0.77353,0.84815,0.917538776585101,0.98176,1.05306,1.10751,1.10123,1.0320945653200573,0.9597590373781126,0.88526,0.80352,0.7374,0.65314,0.57953,0.5093,0.44418,0.40057,0.36528,0.34277,0.3115
27-01-2026 13:00,25087.35,0.32893,0.348,0.40140255689521687,0.45282,0.52299,0.58998,0.66662,0.72416,0.7976406257280773,0.86777,0.94264,1.00345,1.07589,1.13114,1.11403,1.03344,0.95265,0.8836956776617254,0.81111,0.74373,0.66463,0.5876098372098877,0.51132,0.45443,0.408,0.37208,0.33849,0.30072
27-01-2026 13:05,25077.3,0.37491,0.387,0.42388,0.47872,0.5369,0.61433,0.69302,0.74483,0.82368,0.87877,0.93987,1.01338,1.08612,1.13901,1.10891,1.0372881440534223,0.96104,0.90142,0.80672,0.74013,0.66738,0.5851011536306536,0.50256,0.44235,0.3920210082846533,0.34786,0.30785,0.25246
27-01-2026 13:10,25078.6,0.38621,0.39523,0.43152,0.48027,0.54075,0.6185,0.6834,0.75694,0.82697,0.90538,0.98283,1.04564,1.12058,1.15819,1.12954,1.0471,0.96446,0.90732,0.8303595281870539,0.76234,0.68031,0.6082007058247182,0.5386831324820407,0.4729838943692206,0.40577,0.35911,0.31882,0.25628
27-01-2026 13:15,25088.55,0.38002951463718737,0.41003,0.44149,0.48748,0.54588,0.62644,0.70165,0.76234,0.83383,0.88793,0.99268,1.0582581754861762,1.13316,1.14869,1.15813,1.07422,0.99013,0.9322,0.83392,0.77672,0.690455523190339,0.61558,0.53137,0.46989,0.41386,0.36185,0.31026721000467683,0.26639
27-01-2026 13:20,25085.9,0.43553,0.43431,0.45449,0.49675,0.55424,0.6256241749071945,0.71032,0.7755906117878802,0.86254,0.92093,1.00047,1.0453,1.15693,1.19614,1.15829,1.07399,1.014226974927865,0.94771,0.8619219911549182,0.78017,0.70546,0.61252,0.5381462234021689,0.4614,0.39462,0.34232286428671765,0.3026,0.23747
27-01-2026 13:25,25098.05,0.46141,0.45251,0.46505,0.50455,0.56244,0.6311629953444772,0.71329,0.78384,0.86895,0.94142,1.01001,1.09028,1.1697,1.21001,1.1555406424354526,1.10515,1.05253,0.97691,0.89784,0.81566,0.73052,0.64864,0.56142,0.47273,0.40676,0.34945,0.30219,0.2597354352067378
27-01-2026 13:30,25112.65,0.36831,0.38375,0.4335007434840446,0.48536,0.55493,0.63535,0.71437,0.79586,0.87378,0.94799,1.03188,1.1023882378042162,1.16419,1.22291,1.22766,1.15967,1.08677,1.0112694042644494,0.92938,0.8435936694355046,0.75914,0.68207,0.58743,0.5117,0.44197,0.39028,0.35284,0.316799265319066
27-01-2026 13:35,25095.5,0.28249,0.35067158246066255,0.42153,0.49482,0.5806706802815287,0.65956,0.7536,0.8196,0.9023827723365621,0.98382,1.0607223012851932,1.1375143799949792,1.21269171669366,1.28497,1.21494,1.1604602325573328,1.09508,1.00257,0.93371,0.8458482039238253,0.7622779722956221,0.68561,0.616104566861422,0.56349,0.5313182436930036,0.52212,0.53098,0.59249
27-01-2026 13:40,25049.05,0.37743,0.42277,0.49073,0.5761507193127962,0.66038,0.74594,0.82367,0.90134,0.97221,1.06132,1.1209,1.1989016772156948,1.27192,1.33216,1.20272,1.13539,1.06165,0.99634,0.92155,0.83142,0.73084,0.64204,0.55651,0.4863,0.42132,0.39112,0.36411,0.33202
27-01-2026 13:45,25044.1,0.42625,0.4665411467890057,0.51533,0.59021,0.668158388950794,0.7441668483457593,0.8223818401240813,0.9019456966446211,0.9818129734953461,1.06364,1.15186,1.2130331633914657,1.284198959075172,1.34114,1.2466476983951824,1.165745446757509,1.0821,1.0001999138893156,0.91634,0.83709,0.73498,0.63898,0.55494,0.47932897030902744,0.39944,0.35232,0.30672,0.22099
27-01-2026 13:50,25054.3,0.37171,0.42344,0.49546,0.57747,0.67696,0.75746,0.85059,0.94007,1.0022,1.08021,1.176471382452971,1.26015,1.34868,1.39246,1.314,1.2361626110167787,1.15066,1.06292,0.9819,0.88599,0.77972,0.67892,0.58948,0.50801,0.4451727770744196,0.39785,0.35997736916989165,0.34367
27-01-2026 13:55,25040.65,0.38421,0.43769,0.5263852803569029,0.6083,0.70442,0.7944038240812625,0.89528,0.97861,1.05464,1.13671,1.21434,1.30604,1.37665,1.44131,1.3259062746915158,1.23488,1.15808182063588,1.06782627096018,0.99334,0.8768002779397011,0.7791616482333692,0.68166,0.5899304169851399,0.48888,0.40466,0.3444405804985072,0.29989,0.20917
27-01-2026 14:00,25042.35,0.32664,0.4114,0.50478,0.60881,0.70982,0.80406,0.89113,0.96993,1.0818,1.15066,1.22752,1.3206,1.41273,1.50397,1.3812939701949054,1.28946,1.18482,1.0946,1.01173,0.9043690518004666,0.8088,0.7021920350142488,0.6073,0.52322,0.44833,0.41858,0.386796694407766,0.3643183803388723
27-01-2026 14:05,25010.6,0.39868,0.48123,0.5830672211962196,0.67489,0.78007,0.8741209949602057,0.9689117156792733,1.0674,1.15967,1.2432388033971356,1.3302312525900044,1.41135,1.497539763280626,1.57916,1.35802,1.27511,1.1885492299209135,1.10648,0.99522,0.89362,0.78825,0.67908,0.56582,0.47476,0.39807817134350243,0.32586,0.27633,0.12281
27-01-2026 14:10,25041.35,0.37357,0.45821,0.55878,0.6638815311634949,0.77277,0.86212,0.94634,1.05464,1.1521396763610683,1.25296,1.3276993992419746,1.40178,1.49949,1.56997,1.40252,1.3243771053589113,1.2371305630103364,1.14421,1.0163,0.91977,0.8388,0.72874,0.6142815435275555,0.51409,0.41328,0.3543,0.31415,0.25836
27-01-2026 14:15,25034.25,0.3695,0.45459,0.56798,0.67166,0.7779078151698763,0.89058,0.9891976558478935,1.08509,1.19427,1.31635,1.37374,1.49623,1.55624,1.62888,1.44116,1.35926,1.2742763368001908,1.18998,1.05823,0.9419,0.8388729206823133,0.73568,0.62576,0.52151,0.41642,0.3592266773583927,0.31669,0.27147
27-01-2026 14:20,25028.4,0.40083,0.48493,0.59172,0.6968300905542556,0.79921,0.89922,1.0028,1.10091,1.1960150161923655,1.2947556259327748,1.38358,1.51294,1.61732,1.7224551807485846,1.48547,1.33764,1.3076,1.1861366478167303,1.07166,0.96811,0.8591,0.75421,0.6467,0.5403,0.44549,0.3874,0.34854,0.28994
27-01-2026 14:25,25022.0,0.42522,0.51321,0.62323,0.7317,0.84639,0.9468123077343241,1.04852,1.1661,1.26484,1.37808,1.46805,1.55096,1.65772,1.76347,1.5608865969058159,1.4495397114047002,1.3409511421731948,1.22728,1.113543586133519,0.997525710687872,0.88354,0.76492,0.64858,0.5281,0.42194344442849824,0.3156486592576718,0.21444697082121894,0.11719
27-01-2026 14:30,25040.85,0.39181,0.50066,0.62518,0.75971,0.88623,0.99624,1.1264,1.2432,1.34177,1.46343,1.56662,1.66481,1.7676737141260985,1.87057,1.57868,1.49654,1.4159967234476771,1.32053,1.2003046165769298,1.07647,0.944,0.8212,0.6897193961488883,0.57136,0.45098,0.36207,0.30341,0.2462601943803313
27-01-2026 14:35,25042.95,0.54896,0.57786,0.66313,0.76466,0.89905,1.00651,1.09641,1.22306,1.34797,1.50913,1.5953668244300205,1.68869,1.77649,1.8546,1.65134,1.52633,1.4590293587063263,1.38194,1.248219279484523,1.12711,0.98879,0.87119,0.74329,0.60591,0.46679,0.34244051903608863,0.22161942619713135,0.10484
27-01-2026 14:40,25097.55,0.33389,0.42508,0.55551,0.67826,0.78645,0.92303,1.03769,1.16763,1.23569,1.42219,1.5229193022475198,1.63715,1.7355423538566415,1.83068,1.7994,1.6687,1.57484505725924,1.47385,1.33685,1.22119,1.06074,0.93888,0.84334,0.69108,0.5511224495649939,0.40992,0.31756,0.26193
27-01-2026 14:45,25108.1,0.37525,0.42842,0.5663970100356608,0.68849,0.8273,0.97349,1.11692,1.23827,1.32278,1.48454,1.58344,1.71158,1.8253110966849122,1.9381085204150552,1.91042,1.71363,1.6359343596942626,1.53578,1.4043633507195348,1.27885,1.15422,1.00505,0.88216,0.7324500464804251,0.58912,0.43418,0.30565,0.20319
27-01-2026 14:50,25122.3,0.31072680578370043,0.4328,0.55658,0.70672,0.84021,0.9529,1.12283,1.2362413512057153,1.34638,1.48257,1.61719,1.79522,1.88216,1.94677,2.0199341412373215,1.89989,1.7702882037785042,1.64927,1.5149718921174535,1.37749,1.24586,1.08792,0.94426,0.78047,0.6269021858147903,0.47032,0.31555,0.16639
27-01-2026 14:55,25143.55,0.35345,0.38729,0.52999,0.6792569131818114,0.82563,1.0072,1.1387277881013622,1.2937,1.40702,1.55288,1.69702,1.7779,1.8712972492484132,1.94457,2.1604040002412424,2.06243,1.9576418663923145,1.86546,1.7262,1.55776,1.38835,1.2177,1.08865,0.90835,0.7364276173687556,0.58392,0.39964,0.24166
27-01-2026 15:00,25118.0,0.22867,0.42577,0.5913247118578944,0.76229,0.93694,1.07719,1.24115,1.40258,1.56178,1.66008,1.71452,2.02809,2.10815,2.13811,2.27781,2.11407,1.9501,1.8408912411033174,1.72376,1.54954,1.37437,1.19798,1.01998,0.8609258550695936,0.6876,0.51939,0.32525,0.13511388928214146
27-01-2026 15:05,25134.65,0.20763,0.42034,0.58577,0.74767,0.96576,1.10655,1.2084,1.45281,1.62229,1.78968,1.85084,2.025066042924077,2.16189,2.31529,2.60916,2.34411,2.1702289450434282,1.9971261673626972,1.8282098455402904,1.68275,1.44213,1.2897465439306772,1.11695,0.95237,0.75249,0.56259,0.35433,0.11644
27-01-2026 15:10,25154.95,0.16803,0.40933,0.6028595597112911,0.82645,0.9842793257705009,1.12661,1.366740039313084,1.58429,1.7599765854941343,1.96159,2.03204,2.3302,2.38021,2.55189,2.71129,2.5238690254098968,2.3498343458919115,2.13747,2.13017,1.85502,1.65228,1.44843,1.2431,0.97402,0.82574,0.6070733442347389,0.40968,0.17324
27-01-2026 15:15,25174.85,0.14225,0.42629,0.6745,0.81392,1.03772,1.33488,1.47205,1.7207036760930519,1.9498622045868568,2.22048,2.30421,2.50644,2.7076622844524545,2.90515,3.17201,2.95157,2.88296,2.51011,2.4194,2.06703,1.84445,1.62086,1.39592,1.16917,1.00123,0.75534,0.4916389431045751,0.23712
27-01-2026 15:20,25198.1,0.0168,0.39816,0.69406,0.9566499256028693,1.20671,1.47601,1.84647,2.00071,2.30135294407917,2.6557,2.76165,3.0650258322027666,3.3507014997889666,3.69076,3.9520888864852664,3.677700719315305,3.40433,3.13418,2.86358,2.59234,2.32024,2.04698,1.77218,1.4953,1.21558,0.9424097204887036,0.68798,0.3404
27-01-2026 15:25,25242.4,0.03726,0.35816,0.73157,1.13908,1.53259,1.91634,2.29252,2.66246,3.02705,3.3797786416517646,3.74259,4.085563385820851,4.424670367851368,4.75733323948009,5.7875250510357334,5.38476,4.97453,4.59339,4.21172,3.82927,3.44575,3.06078,2.6739,2.28444,1.89151,1.4801844000289415,1.08871,0.6826016358124611
