id,value
07-01-2026 09:15||NIFTY27JAN2624100PE,0.16312318945589926
07-01-2026 09:15||NIFTY27JAN2625500CE,0.1135393603006812
07-01-2026 09:15||NIFTY27JAN2625800CE,0.10167391500412758
07-01-2026 09:20||NIFTY27JAN2624000PE,0.16979262596596462
07-01-2026 09:20||NIFTY27JAN2624200PE,0.15939270920802207
07-01-2026 09:20||NIFTY27JAN2624800PE,0.1280499546894725
07-01-2026 09:20||NIFTY27JAN2625000PE,0.11837794358341061
07-01-2026 09:20||NIFTY27JAN2625300CE,0.10093431761767849
07-01-2026 09:20||NIFTY27JAN2625400CE,0.10869618698840462
07-01-2026 09:20||NIFTY27JAN2625800CE,0.10746784783782357
07-01-2026 09:20||NIFTY27JAN2625900CE,0.10382319705931226
07-01-2026 09:25||NIFTY27JAN2624300PE,0.1542250761965504
07-01-2026 09:25||NIFTY27JAN2625100PE,0.11405642850345427
07-01-2026 09:25||NIFTY27JAN2625300CE,0.09514598774523353
07-01-2026 09:25||NIFTY27JAN2626500CE,0.08574639358782532
07-01-2026 09:30||NIFTY27JAN2623900PE,0.1767658661165155
07-01-2026 09:30||NIFTY27JAN2624300PE,0.15265797536765252
07-01-2026 09:30||NIFTY27JAN2625900CE,0.10153558712965115
07-01-2026 09:30||NIFTY27JAN2626400CE,0.08902548106941544
07-01-2026 09:35||NIFTY27JAN2623900PE,0.17702131235550583
07-01-2026 09:35||NIFTY27JAN2624600PE,0.13726470218347386
07-01-2026 09:35||NIFTY27JAN2625100PE,0.11298512288833627
07-01-2026 09:35||NIFTY27JAN2625900CE,0.10331250207103643
07-01-2026 09:35||NIFTY27JAN2626100CE,0.09737443651604516
07-01-2026 09:40||NIFTY27JAN2625100PE,0.1142237370205894
07-01-2026 09:40||NIFTY27JAN2625600CE,0.08721722094432052
07-01-2026 09:40||NIFTY27JAN2625800CE,0.08751957257156397
07-01-2026 09:40||NIFTY27JAN2625900CE,0.08621401159800603
07-01-2026 09:40||NIFTY27JAN2626200CE,0.0842917489865042
07-01-2026 09:45||NIFTY27JAN2625000PE,0.11590546740620576
07-01-2026 09:45||NIFTY27JAN2625200CE,0.11159557939472961
07-01-2026 09:45||NIFTY27JAN2625900CE,0.09936111517639444
07-01-2026 09:45||NIFTY27JAN2626400CE,0.08894275467451324
07-01-2026 09:50||NIFTY27JAN2623800PE,0.18133322552443842
07-01-2026 09:50||NIFTY27JAN2624500PE,0.14121091148076376
07-01-2026 09:50||NIFTY27JAN2624900PE,0.12090424954001477
07-01-2026 09:50||NIFTY27JAN2625200CE,0.11518555543040714
07-01-2026 09:50||NIFTY27JAN2625500CE,0.10900869174741304
07-01-2026 09:50||NIFTY27JAN2625600CE,0.10645049418794336
07-01-2026 09:50||NIFTY27JAN2626400CE,0.08795142548463283
07-01-2026 09:55||NIFTY27JAN2624300PE,0.15166048862668607
07-01-2026 09:55||NIFTY27JAN2624700PE,0.1304590507842242
07-01-2026 09:55||NIFTY27JAN2625000PE,0.11517810256129551
07-01-2026 09:55||NIFTY27JAN2625500CE,0.12466268722784321
07-01-2026 09:55||NIFTY27JAN2625800CE,0.11042282596896438
07-01-2026 09:55||NIFTY27JAN2625900CE,0.10723831474772738
07-01-2026 10:00||NIFTY27JAN2624600PE,0.1373763605215412
07-01-2026 10:00||NIFTY27JAN2625000PE,0.1172340411462647
07-01-2026 10:00||NIFTY27JAN2625900CE,0.10144016858431429
07-01-2026 10:00||NIFTY27JAN2626100CE,0.09601207219325872
07-01-2026 10:00||NIFTY27JAN2626500CE,0.08813278248069292
07-01-2026 10:05||NIFTY27JAN2625200CE,0.08193526828643263
07-01-2026 10:05||NIFTY27JAN2625500CE,0.10940457494478027
07-01-2026 10:05||NIFTY27JAN2626300CE,0.09358942694172098
07-01-2026 10:10||NIFTY27JAN2623800PE,0.1858738206690352
07-01-2026 10:10||NIFTY27JAN2623900PE,0.17895200400873895
07-01-2026 10:10||NIFTY27JAN2624200PE,0.16077676520252032
07-01-2026 10:10||NIFTY27JAN2625500CE,0.10330220784699976
07-01-2026 10:10||NIFTY27JAN2625600CE,0.103924981382024
07-01-2026 10:10||NIFTY27JAN2625700CE,0.10472077198770596
07-01-2026 10:10||NIFTY27JAN2625900CE,0.10213806955498932
07-01-2026 10:10||NIFTY27JAN2626000CE,0.10000571180815768
07-01-2026 10:15||NIFTY27JAN2623900PE,0.17847070569369666
07-01-2026 10:15||NIFTY27JAN2625700CE,0.09324177772961009
07-01-2026 10:15||NIFTY27JAN2626100CE,0.08755274320061389
07-01-2026 10:15||NIFTY27JAN2626200CE,0.08666173876928782
07-01-2026 10:15||NIFTY27JAN2626500CE,0.08393248434627813
07-01-2026 10:20||NIFTY27JAN2624000PE,0.1723507403160322
07-01-2026 10:20||NIFTY27JAN2624200PE,0.1615964484757164
07-01-2026 10:20||NIFTY27JAN2624300PE,0.1559533904033216
07-01-2026 10:20||NIFTY27JAN2624500PE,0.14517727476585798
07-01-2026 10:20||NIFTY27JAN2625500CE,0.11245749482613211
07-01-2026 10:20||NIFTY27JAN2625700CE,0.10264043456088448
07-01-2026 10:20||NIFTY27JAN2626100CE,0.09091640938780109
07-01-2026 10:25||NIFTY27JAN2624000PE,0.17097106769514914
07-01-2026 10:25||NIFTY27JAN2624100PE,0.16556846242828693
07-01-2026 10:25||NIFTY27JAN2625600CE,0.09878329683476202
07-01-2026 10:25||NIFTY27JAN2625700CE,0.09564106289662971
07-01-2026 10:25||NIFTY27JAN2626100CE,0.0893390518321413
07-01-2026 10:30||NIFTY27JAN2624200PE,0.15931627035531387
07-01-2026 10:30||NIFTY27JAN2625100PE,0.11176792439851041
07-01-2026 10:30||NIFTY27JAN2625500CE,0.11624991731376101
07-01-2026 10:30||NIFTY27JAN2625600CE,0.11123808330857031
07-01-2026 10:30||NIFTY27JAN2626000CE,0.09557434957344485
07-01-2026 10:30||NIFTY27JAN2626200CE,0.09138865059421324
07-01-2026 10:30||NIFTY27JAN2626300CE,0.08968609591847576
07-01-2026 10:35||NIFTY27JAN2623800PE,0.18221163149087638
07-01-2026 10:35||NIFTY27JAN2624200PE,0.15910946402594403
07-01-2026 10:35||NIFTY27JAN2624500PE,0.14263038843193204
07-01-2026 10:35||NIFTY27JAN2625000PE,0.11622405799004415
07-01-2026 10:35||NIFTY27JAN2625400CE,0.12357552911349003
07-01-2026 10:35||NIFTY27JAN2625500CE,0.11578554687770737
07-01-2026 10:35||NIFTY27JAN2626100CE,0.09476760381847489
07-01-2026 10:35||NIFTY27JAN2626300CE,0.09074681626835995
07-01-2026 10:40||NIFTY27JAN2623900PE,0.17735294517856115
07-01-2026 10:40||NIFTY27JAN2624900PE,0.12222960416809289
07-01-2026 10:40||NIFTY27JAN2625100PE,0.11187643010291246
07-01-2026 10:40||NIFTY27JAN2625200CE,0.13166138189845292
07-01-2026 10:40||NIFTY27JAN2625400CE,0.11725526893115154
07-01-2026 10:40||NIFTY27JAN2625600CE,0.10684260262072624
07-01-2026 10:40||NIFTY27JAN2625800CE,0.10014448653051053
07-01-2026 10:40||NIFTY27JAN2626100CE,0.09262927109149108
07-01-2026 10:40||NIFTY27JAN2626300CE,0.08886007110801285
07-01-2026 10:45||NIFTY27JAN2624000PE,0.17087039361744782
07-01-2026 10:45||NIFTY27JAN2625100PE,0.11190488171764504
07-01-2026 10:45||NIFTY27JAN2625300CE,0.11976437921078799
07-01-2026 10:45||NIFTY27JAN2626000CE,0.09472986555808219
07-01-2026 10:45||NIFTY27JAN2626400CE,0.0871295376533221
07-01-2026 10:50||NIFTY27JAN2623900PE,0.176488171525006
07-01-2026 10:50||NIFTY27JAN2624200PE,0.1598368746102732
07-01-2026 10:50||NIFTY27JAN2625600CE,0.11269674547364934
07-01-2026 10:50||NIFTY27JAN2625800CE,0.10305796110531237
07-01-2026 10:55||NIFTY27JAN2624300PE,0.1556376187021868
07-01-2026 10:55||NIFTY27JAN2624900PE,0.12345085309731382
07-01-2026 10:55||NIFTY27JAN2625500CE,0.10366446948305913
07-01-2026 11:00||NIFTY27JAN2624200PE,0.16074620960037422
07-01-2026 11:00||NIFTY27JAN2626500CE,0.08697564776595873
07-01-2026 11:05||NIFTY27JAN2624300PE,0.15647534583116743
07-01-2026 11:05||NIFTY27JAN2624600PE,0.14034365998580273
07-01-2026 11:05||NIFTY27JAN2624800PE,0.12978609133512917
07-01-2026 11:05||NIFTY27JAN2625200CE,0.0748329370260312
07-01-2026 11:05||NIFTY27JAN2626000CE,0.09733980297305223
07-01-2026 11:05||NIFTY27JAN2626200CE,0.09062895588722036
07-01-2026 11:10||NIFTY27JAN2624400PE,0.14973506053121807
07-01-2026 11:10||NIFTY27JAN2624800PE,0.12884346669967311
07-01-2026 11:10||NIFTY27JAN2625200CE,0.11428409896224076
07-01-2026 11:10||NIFTY27JAN2625500CE,0.10993538670363981
07-01-2026 11:10||NIFTY27JAN2625700CE,0.10137417999017923
07-01-2026 11:10||NIFTY27JAN2625900CE,0.09533536701247583
07-01-2026 11:10||NIFTY27JAN2626300CE,0.08651051946023079
07-01-2026 11:15||NIFTY27JAN2624000PE,0.17105427421467367
07-01-2026 11:15||NIFTY27JAN2624800PE,0.12739851188874796
07-01-2026 11:15||NIFTY27JAN2625400CE,0.12040010880269349
07-01-2026 11:15||NIFTY27JAN2626100CE,0.09473501043455163
07-01-2026 11:15||NIFTY27JAN2626300CE,0.09119205294891793
07-01-2026 11:20||NIFTY27JAN2623800PE,0.18243422000519943
07-01-2026 11:20||NIFTY27JAN2624200PE,0.15993157419141008
07-01-2026 11:20||NIFTY27JAN2624900PE,0.12217436251601521
07-01-2026 11:20||NIFTY27JAN2625300CE,0.131262965097459
07-01-2026 11:20||NIFTY27JAN2625700CE,0.10067483764579668
07-01-2026 11:20||NIFTY27JAN2626000CE,0.09261074191429595
07-01-2026 11:25||NIFTY27JAN2623800PE,0.1816917330872393
07-01-2026 11:25||NIFTY27JAN2624400PE,0.14821759061345469
07-01-2026 11:25||NIFTY27JAN2624800PE,0.12658612448106718
07-01-2026 11:25||NIFTY27JAN2625300CE,0.13717196029025713
07-01-2026 11:25||NIFTY27JAN2625700CE,0.10666244006353558
07-01-2026 11:25||NIFTY27JAN2625800CE,0.10244561941164229
07-01-2026 11:25||NIFTY27JAN2625900CE,0.09895057470121538
07-01-2026 11:25||NIFTY27JAN2626000CE,0.09597597633266172
07-01-2026 11:25||NIFTY27JAN2626200CE,0.0908341021139992
07-01-2026 11:30||NIFTY27JAN2624300PE,0.15410967806674342
07-01-2026 11:30||NIFTY27JAN2624400PE,0.1486886809028711
07-01-2026 11:35||NIFTY27JAN2624900PE,0.12250100136132763
07-01-2026 11:35||NIFTY27JAN2626300CE,0.08747603066937441
07-01-2026 11:40||NIFTY27JAN2624000PE,0.17098072069438913
07-01-2026 11:40||NIFTY27JAN2624500PE,0.14316310224698908
07-01-2026 11:40||NIFTY27JAN2625200CE,0.13304514086969388
07-01-2026 11:40||NIFTY27JAN2625900CE,0.10083611484346378
07-01-2026 11:45||NIFTY27JAN2624000PE,0.17034951948172822
07-01-2026 11:45||NIFTY27JAN2625000PE,0.1157931465667079
07-01-2026 11:45||NIFTY27JAN2625500CE,0.11831771435561991
07-01-2026 11:45||NIFTY27JAN2625600CE,0.11273391786567688
07-01-2026 11:45||NIFTY27JAN2626400CE,0.08891366405830237
07-01-2026 11:50||NIFTY27JAN2624000PE,0.17031196762140882
07-01-2026 11:50||NIFTY27JAN2624600PE,0.13715423545194172
07-01-2026 11:50||NIFTY27JAN2625700CE,0.10275702441947238
07-01-2026 11:50||NIFTY27JAN2626400CE,0.08600466662272506
07-01-2026 11:55||NIFTY27JAN2623900PE,0.17566499630392435
07-01-2026 11:55||NIFTY27JAN2625200CE,0.1472541484658731
07-01-2026 11:55||NIFTY27JAN2625400CE,0.12344150527529377
07-01-2026 11:55||NIFTY27JAN2626100CE,0.09250070067911823
07-01-2026 11:55||NIFTY27JAN2626300CE,0.08897783144653185
07-01-2026 12:00||NIFTY27JAN2624300PE,0.15230023788590957
07-01-2026 12:00||NIFTY27JAN2624500PE,0.14131184090027885
07-01-2026 12:00||NIFTY27JAN2625500CE,0.11686652592434177
07-01-2026 12:00||NIFTY27JAN2625600CE,0.11051211611514108
07-01-2026 12:00||NIFTY27JAN2626400CE,0.08780899408036333
07-01-2026 12:05||NIFTY27JAN2624200PE,0.15768061241297304
07-01-2026 12:05||NIFTY27JAN2624300PE,0.15199068730436677
07-01-2026 12:05||NIFTY27JAN2625300CE,0.14642709086941255
07-01-2026 12:05||NIFTY27JAN2625900CE,0.09943352831991893
07-01-2026 12:05||NIFTY27JAN2626000CE,0.09649362032970843
07-01-2026 12:05||NIFTY27JAN2626300CE,0.09078062525840117
07-01-2026 12:05||NIFTY27JAN2626400CE,0.08949134607179914
07-01-2026 12:10||NIFTY27JAN2624000PE,0.16853958987720347
07-01-2026 12:10||NIFTY27JAN2625200CE,0.15813199808630124
07-01-2026 12:10||NIFTY27JAN2625600CE,0.11567653553768045
07-01-2026 12:10||NIFTY27JAN2626500CE,0.08702404989036717
07-01-2026 12:15||NIFTY27JAN2624300PE,0.15132244543111872
07-01-2026 12:15||NIFTY27JAN2625000PE,0.1150176299033147
07-01-2026 12:15||NIFTY27JAN2625100PE,0.11015161729027023
07-01-2026 12:15||NIFTY27JAN2625300CE,0.14908726188998433
07-01-2026 12:15||NIFTY27JAN2625500CE,0.12406094995810962
07-01-2026 12:15||NIFTY27JAN2625600CE,0.1166608240286261
07-01-2026 12:20||NIFTY27JAN2624000PE,0.16834611546381645
07-01-2026 12:20||NIFTY27JAN2624400PE,0.1457390060767865
07-01-2026 12:20||NIFTY27JAN2625100PE,0.11003143799086755
07-01-2026 12:20||NIFTY27JAN2626100CE,0.09552640994155209
07-01-2026 12:25||NIFTY27JAN2624400PE,0.14605082514891715
07-01-2026 12:25||NIFTY27JAN2624600PE,0.1357213754406539
07-01-2026 12:25||NIFTY27JAN2624700PE,0.130637310417883
07-01-2026 12:25||NIFTY27JAN2625300CE,0.13589315562479787
07-01-2026 12:25||NIFTY27JAN2626300CE,0.09027004205897164
07-01-2026 12:30||NIFTY27JAN2623800PE,0.1796596803315441
07-01-2026 12:30||NIFTY27JAN2624000PE,0.16827266335907348
07-01-2026 12:30||NIFTY27JAN2624100PE,0.16271026906205113
07-01-2026 12:30||NIFTY27JAN2624500PE,0.1413276149456828
07-01-2026 12:30||NIFTY27JAN2624600PE,0.13590857119937347
07-01-2026 12:30||NIFTY27JAN2625200CE,0.14082919515461487
07-01-2026 12:30||NIFTY27JAN2626300CE,0.09143998875590179
07-01-2026 12:35||NIFTY27JAN2625100PE,0.11049638497969005
07-01-2026 12:35||NIFTY27JAN2625300CE,0.13042491318156227
07-01-2026 12:35||NIFTY27JAN2625400CE,0.12325669571938525
07-01-2026 12:35||NIFTY27JAN2626300CE,0.09146612750596964
07-01-2026 12:35||NIFTY27JAN2626500CE,0.0874332307327795
07-01-2026 12:40||NIFTY27JAN2625100PE,0.11119650787319972
07-01-2026 12:40||NIFTY27JAN2625700CE,0.09977673681267608
07-01-2026 12:45||NIFTY27JAN2623800PE,0.17778742154817617
07-01-2026 12:45||NIFTY27JAN2624000PE,0.16652119768350965
07-01-2026 12:45||NIFTY27JAN2624900PE,0.11941335716369623
07-01-2026 12:45||NIFTY27JAN2625000PE,0.11442720788114422
07-01-2026 12:45||NIFTY27JAN2625800CE,0.10215244039450178
07-01-2026 12:45||NIFTY27JAN2626400CE,0.08758549672884472
07-01-2026 12:50||NIFTY27JAN2624400PE,0.14522767266766465
07-01-2026 12:50||NIFTY27JAN2624700PE,0.1292214266997587
07-01-2026 12:50||NIFTY27JAN2625100PE,0.10913216265214178
07-01-2026 12:50||NIFTY27JAN2626300CE,0.09049170839708515
07-01-2026 12:55||NIFTY27JAN2623800PE,0.1792007290010385
07-01-2026 12:55||NIFTY27JAN2623900PE,0.17333078391454224
07-01-2026 12:55||NIFTY27JAN2625100PE,0.10933508344564487
07-01-2026 12:55||NIFTY27JAN2625200CE,0.13473519086438138
07-01-2026 12:55||NIFTY27JAN2625300CE,0.1293308883231803
07-01-2026 13:00||NIFTY27JAN2624000PE,0.1684184833938161
07-01-2026 13:00||NIFTY27JAN2624400PE,0.14581981921190812
07-01-2026 13:00||NIFTY27JAN2624600PE,0.13487971796559317
07-01-2026 13:00||NIFTY27JAN2625300CE,0.12940547982120376
07-01-2026 13:00||NIFTY27JAN2625800CE,0.10492776981610293
07-01-2026 13:05||NIFTY27JAN2623900PE,0.17418456896552736
07-01-2026 13:05||NIFTY27JAN2624700PE,0.1298977601043533
07-01-2026 13:05||NIFTY27JAN2625200CE,0.12368675580985682
07-01-2026 13:05||NIFTY27JAN2625400CE,0.11754426827104564
07-01-2026 13:05||NIFTY27JAN2626100CE,0.09397387208151067
07-01-2026 13:10||NIFTY27JAN2624400PE,0.14612571911913314
07-01-2026 13:10||NIFTY27JAN2624700PE,0.13021773071687376
07-01-2026 13:10||NIFTY27JAN2625400CE,0.11779879870831655
07-01-2026 13:10||NIFTY27JAN2625900CE,0.09779019563287461
07-01-2026 13:10||NIFTY27JAN2626400CE,0.08674728564405128
07-01-2026 13:15||NIFTY27JAN2624600PE,0.13499477691271083
07-01-2026 13:15||NIFTY27JAN2625400CE,0.12028388515910392
07-01-2026 13:15||NIFTY27JAN2625500CE,0.11666854166479654
07-01-2026 13:15||NIFTY27JAN2625700CE,0.10815671714462932
07-01-2026 13:15||NIFTY27JAN2625800CE,0.10392020041383425
07-01-2026 13:15||NIFTY27JAN2626400CE,0.08786779011417037
07-01-2026 13:20||NIFTY27JAN2624000PE,0.16749535743412391
07-01-2026 13:20||NIFTY27JAN2624500PE,0.14015418241212108
07-01-2026 13:20||NIFTY27JAN2624800PE,0.12461728517977622
07-01-2026 13:20||NIFTY27JAN2624900PE,0.11947833638440697
07-01-2026 13:20||NIFTY27JAN2625000PE,0.11437423290772286
07-01-2026 13:20||NIFTY27JAN2626300CE,0.08738302921219929
07-01-2026 13:25||NIFTY27JAN2624200PE,0.15545647097984472
07-01-2026 13:25||NIFTY27JAN2624600PE,0.133518826677831
07-01-2026 13:25||NIFTY27JAN2624700PE,0.12823684228941415
07-01-2026 13:25||NIFTY27JAN2625100PE,0.10823495870068563
07-01-2026 13:25||NIFTY27JAN2626300CE,0.09251828447938591
07-01-2026 13:25||NIFTY27JAN2626400CE,0.09457781993396289
07-01-2026 13:25||NIFTY27JAN2626500CE,0.09876698774299432
07-01-2026 13:30||NIFTY27JAN2624000PE,0.1663266498411588
07-01-2026 13:30||NIFTY27JAN2624400PE,0.14414264909188418
07-01-2026 13:30||NIFTY27JAN2624600PE,0.13319498392487678
07-01-2026 13:30||NIFTY27JAN2624900PE,0.117578283247808
07-01-2026 13:30||NIFTY27JAN2625300CE,0.13886060345161522
07-01-2026 13:30||NIFTY27JAN2625700CE,0.10973247718512491
07-01-2026 13:30||NIFTY27JAN2625800CE,0.10497851641040258
07-01-2026 13:30||NIFTY27JAN2626500CE,0.08855966705575642
07-01-2026 13:35||NIFTY27JAN2623900PE,0.17265887256211093
07-01-2026 13:35||NIFTY27JAN2624200PE,0.15551156507029945
07-01-2026 13:35||NIFTY27JAN2624300PE,0.14999800154522752
07-01-2026 13:35||NIFTY27JAN2625100PE,0.10722405191910028
07-01-2026 13:35||NIFTY27JAN2625200CE,0.15259544087197097
07-01-2026 13:35||NIFTY27JAN2625300CE,0.14193956407483294
07-01-2026 13:40||NIFTY27JAN2624300PE,0.1496750255758189
07-01-2026 13:40||NIFTY27JAN2625000PE,0.1125702507059396
07-01-2026 13:40||NIFTY27JAN2625700CE,0.10975991957982818
07-01-2026 13:40||NIFTY27JAN2626100CE,0.09451439402434077
07-01-2026 13:45||NIFTY27JAN2623900PE,0.1724295167603674
07-01-2026 13:45||NIFTY27JAN2624200PE,0.1550711271825022
07-01-2026 13:45||NIFTY27JAN2624600PE,0.1328400299987658
07-01-2026 13:45||NIFTY27JAN2625200CE,0.1443130464897993
07-01-2026 13:45||NIFTY27JAN2625400CE,0.13097335753770992
07-01-2026 13:50||NIFTY27JAN2623800PE,0.17914545404053372
07-01-2026 13:50||NIFTY27JAN2623900PE,0.17281618047937936
07-01-2026 13:50||NIFTY27JAN2624100PE,0.16116703653426062
07-01-2026 13:55||NIFTY27JAN2624400PE,0.14427675318885336
07-01-2026 13:55||NIFTY27JAN2625100PE,0.10768717204319017
07-01-2026 13:55||NIFTY27JAN2625300CE,0.1332845790933645
07-01-2026 13:55||NIFTY27JAN2625800CE,0.10751566904716106
07-01-2026 13:55||NIFTY27JAN2626400CE,0.08912225890114475
07-01-2026 14:00||NIFTY27JAN2623800PE,0.17818361792265172
07-01-2026 14:00||NIFTY27JAN2623900PE,0.17237584653049318
07-01-2026 14:00||NIFTY27JAN2625400CE,0.12086806115644197
07-01-2026 14:00||NIFTY27JAN2625500CE,0.11505946649319351
07-01-2026 14:00||NIFTY27JAN2625900CE,0.10196032896523333
07-01-2026 14:00||NIFTY27JAN2626200CE,0.09281968148874988
07-01-2026 14:05||NIFTY27JAN2624000PE,0.1669273586881972
07-01-2026 14:05||NIFTY27JAN2624200PE,0.15618998426569541
07-01-2026 14:05||NIFTY27JAN2624400PE,0.14515181712696812
07-01-2026 14:05||NIFTY27JAN2625900CE,0.09974064801607091
07-01-2026 14:05||NIFTY27JAN2626000CE,0.096442167741385
07-01-2026 14:05||NIFTY27JAN2626300CE,0.08899568809856502
07-01-2026 14:10||NIFTY27JAN2623800PE,0.17756264020491722
07-01-2026 14:10||NIFTY27JAN2624000PE,0.1671885480154354
07-01-2026 14:10||NIFTY27JAN2624700PE,0.12959988828480073
07-01-2026 14:10||NIFTY27JAN2626100CE,0.09249928352052324
07-01-2026 14:10||NIFTY27JAN2626200CE,0.08988348209057521
07-01-2026 14:10||NIFTY27JAN2626400CE,0.08594859166233706
07-01-2026 14:15||NIFTY27JAN2625200CE,0.1239313925483712
07-01-2026 14:15||NIFTY27JAN2625600CE,0.10714413820431655
07-01-2026 14:15||NIFTY27JAN2625900CE,0.0959057971198449
07-01-2026 14:15||NIFTY27JAN2626200CE,0.08913360006362947
07-01-2026 14:20||NIFTY27JAN2623800PE,0.17709440143009253
07-01-2026 14:20||NIFTY27JAN2624500PE,0.1395908709880816
07-01-2026 14:20||NIFTY27JAN2625400CE,0.11892924293204352
07-01-2026 14:20||NIFTY27JAN2625700CE,0.10499917696216476
07-01-2026 14:20||NIFTY27JAN2626300CE,0.08780168473037968
07-01-2026 14:25||NIFTY27JAN2623900PE,0.17256423889081343
07-01-2026 14:25||NIFTY27JAN2625400CE,0.11879947317232031
07-01-2026 14:25||NIFTY27JAN2625700CE,0.10668555316381871
07-01-2026 14:25||NIFTY27JAN2625900CE,0.09945332341239863
07-01-2026 14:25||NIFTY27JAN2626300CE,0.08910828393086644
07-01-2026 14:30||NIFTY27JAN2624800PE,0.12399335369759891
07-01-2026 14:30||NIFTY27JAN2625100PE,0.10857834353309839
07-01-2026 14:30||NIFTY27JAN2625300CE,0.1164413987430187
07-01-2026 14:30||NIFTY27JAN2626300CE,0.08598521902618256
07-01-2026 14:35||NIFTY27JAN2624000PE,0.16651218311949822
07-01-2026 14:35||NIFTY27JAN2624100PE,0.1616265341521929
07-01-2026 14:35||NIFTY27JAN2624400PE,0.14532685988941257
07-01-2026 14:35||NIFTY27JAN2624700PE,0.12910284904282884
07-01-2026 14:35||NIFTY27JAN2625000PE,0.11309996933405841
07-01-2026 14:35||NIFTY27JAN2626400CE,0.08852767057192257
07-01-2026 14:35||NIFTY27JAN2626500CE,0.08810796602913944
07-01-2026 14:40||NIFTY27JAN2623800PE,0.17817133457867645
07-01-2026 14:40||NIFTY27JAN2624100PE,0.16288171188391112
07-01-2026 14:40||NIFTY27JAN2625100PE,0.10812112879738242
07-01-2026 14:40||NIFTY27JAN2625400CE,0.11983171072361487
07-01-2026 14:40||NIFTY27JAN2626200CE,0.09205845539002304
07-01-2026 14:45||NIFTY27JAN2623800PE,0.17864078511391432
07-01-2026 14:45||NIFTY27JAN2624000PE,0.16864520974786062
07-01-2026 14:45||NIFTY27JAN2624200PE,0.15767722887567925
07-01-2026 14:45||NIFTY27JAN2624500PE,0.14080827122069867
07-01-2026 14:45||NIFTY27JAN2624900PE,0.11938684994140462
07-01-2026 14:50||NIFTY27JAN2623900PE,0.17264530339890716
07-01-2026 14:50||NIFTY27JAN2624900PE,0.11844845133459259
07-01-2026 14:50||NIFTY27JAN2625600CE,0.11722560277933504
07-01-2026 14:50||NIFTY27JAN2626400CE,0.0898263032653371
07-01-2026 14:50||NIFTY27JAN2626500CE,0.09056593318081538
07-01-2026 14:55||NIFTY27JAN2624100PE,0.1638179363011177
07-01-2026 14:55||NIFTY27JAN2624300PE,0.1524689478614886
07-01-2026 14:55||NIFTY27JAN2624600PE,0.13546830837539808
07-01-2026 14:55||NIFTY27JAN2625900CE,0.09835922263704214
07-01-2026 14:55||NIFTY27JAN2626300CE,0.08827146039916364
07-01-2026 15:00||NIFTY27JAN2623900PE,0.17400815646216455
07-01-2026 15:00||NIFTY27JAN2625100PE,0.10969100809562908
07-01-2026 15:00||NIFTY27JAN2625700CE,0.10126986467136834
07-01-2026 15:00||NIFTY27JAN2626000CE,0.09255875797239438
07-01-2026 15:00||NIFTY27JAN2626400CE,0.08570027941236855
07-01-2026 15:05||NIFTY27JAN2624200PE,0.1587537891649588
07-01-2026 15:05||NIFTY27JAN2624500PE,0.1421757511059712
07-01-2026 15:05||NIFTY27JAN2625400CE,0.11016434572627193
07-01-2026 15:05||NIFTY27JAN2626000CE,0.09271401986519925
07-01-2026 15:05||NIFTY27JAN2626400CE,0.08505259393930706
07-01-2026 15:10||NIFTY27JAN2623800PE,0.17944379020600096
07-01-2026 15:10||NIFTY27JAN2624000PE,0.17009975637923908
07-01-2026 15:10||NIFTY27JAN2624400PE,0.14874025346034947
07-01-2026 15:10||NIFTY27JAN2624500PE,0.14324389476334048
07-01-2026 15:10||NIFTY27JAN2626500CE,0.08654490239431663
07-01-2026 15:15||NIFTY27JAN2624200PE,0.1600211063281646
07-01-2026 15:15||NIFTY27JAN2624900PE,0.1219470693257913
07-01-2026 15:15||NIFTY27JAN2625100PE,0.11141298696521673
07-01-2026 15:15||NIFTY27JAN2625600CE,0.09560666928043023
07-01-2026 15:20||NIFTY27JAN2624100PE,0.1654734932447887
07-01-2026 15:20||NIFTY27JAN2625900CE,0.09226457809446363
07-01-2026 15:20||NIFTY27JAN2626300CE,0.08565963237098512
07-01-2026 15:25||NIFTY27JAN2624700PE,0.13169323241223846
07-01-2026 15:25||NIFTY27JAN2625500CE,0.10590281620675791
07-01-2026 15:25||NIFTY27JAN2626100CE,0.08858441656714572
07-01-2026 15:25||NIFTY27JAN2626400CE,0.08656546785104187
07-01-2026 15:25||NIFTY27JAN2626500CE,0.08761181875109837
08-01-2026 09:15||NIFTY27JAN2624100PE,0.1652571931746374
08-01-2026 09:15||NIFTY27JAN2624300PE,0.153577841395028
08-01-2026 09:15||NIFTY27JAN2625100PE,0.10940195456866576
08-01-2026 09:15||NIFTY27JAN2625300CE,0.10539288295121488
08-01-2026 09:15||NIFTY27JAN2626300CE,0.08770215775200309
08-01-2026 09:20||NIFTY27JAN2623800PE,0.18378072088378178
08-01-2026 09:20||NIFTY27JAN2624100PE,0.16578675369139578
08-01-2026 09:20||NIFTY27JAN2624800PE,0.12568421517044903
08-01-2026 09:20||NIFTY27JAN2624900PE,0.12050401665275648
08-01-2026 09:20||NIFTY27JAN2625300CE,0.09499469702989596
08-01-2026 09:20||NIFTY27JAN2625900CE,0.08707873554290013
08-01-2026 09:20||NIFTY27JAN2626000CE,0.08640002593980996
08-01-2026 09:20||NIFTY27JAN2626400CE,0.07941146083775047
08-01-2026 09:20||NIFTY27JAN2626500CE,0.07439401556510433
08-01-2026 09:25||NIFTY27JAN2623900PE,0.17695311386740503
08-01-2026 09:25||NIFTY27JAN2624100PE,0.1648908346452111
08-01-2026 09:25||NIFTY27JAN2624200PE,0.15858738556570592
08-01-2026 09:25||NIFTY27JAN2625300CE,0.10763691881140898
08-01-2026 09:25||NIFTY27JAN2626200CE,0.08340842104005682
08-01-2026 09:25||NIFTY27JAN2626400CE,0.08296463904773312
08-01-2026 09:30||NIFTY27JAN2624100PE,0.16314132993825683
08-01-2026 09:30||NIFTY27JAN2624700PE,0.12878307457867383
08-01-2026 09:30||NIFTY27JAN2624800PE,0.12359117808383749
08-01-2026 09:30||NIFTY27JAN2624900PE,0.11849195678085778
08-01-2026 09:30||NIFTY27JAN2625000PE,0.11346189488090153
08-01-2026 09:30||NIFTY27JAN2626200CE,0.08781264343578768
08-01-2026 09:30||NIFTY27JAN2626300CE,0.08686850101565835
08-01-2026 09:35||NIFTY27JAN2623900PE,0.17336458357364185
08-01-2026 09:35||NIFTY27JAN2624100PE,0.16260315472212342
08-01-2026 09:35||NIFTY27JAN2624400PE,0.14530888234895972
08-01-2026 09:35||NIFTY27JAN2625300CE,0.13325429345843148
08-01-2026 09:35||NIFTY27JAN2625400CE,0.12663001318757294
08-01-2026 09:35||NIFTY27JAN2626100CE,0.09552729115883718
08-01-2026 09:35||NIFTY27JAN2626200CE,0.09313759697850019
08-01-2026 09:35||NIFTY27JAN2626500CE,0.08827421961581493
08-01-2026 09:40||NIFTY27JAN2623800PE,0.181789801063599
08-01-2026 09:40||NIFTY27JAN2624800PE,0.12514004135162288
08-01-2026 09:40||NIFTY27JAN2624900PE,0.11988827945707033
08-01-2026 09:40||NIFTY27JAN2625000PE,0.11476963468967458
08-01-2026 09:40||NIFTY27JAN2625200CE,0.08624489709914264
08-01-2026 09:40||NIFTY27JAN2625700CE,0.09604325042615658
08-01-2026 09:40||NIFTY27JAN2626200CE,0.08540825605130223
08-01-2026 09:40||NIFTY27JAN2626400CE,0.08361592134708956
08-01-2026 09:45||NIFTY27JAN2624200PE,0.1589927169062073
08-01-2026 09:45||NIFTY27JAN2624600PE,0.1355063206642836
08-01-2026 09:45||NIFTY27JAN2625400CE,0.10401739667554606
08-01-2026 09:45||NIFTY27JAN2625900CE,0.09312663996511364
08-01-2026 09:45||NIFTY27JAN2626500CE,0.08347705308705679
08-01-2026 09:50||NIFTY27JAN2624400PE,0.1463665804942081
08-01-2026 09:50||NIFTY27JAN2625100PE,0.10951983779098948
08-01-2026 09:50||NIFTY27JAN2625500CE,0.11702628806578519
08-01-2026 09:50||NIFTY27JAN2625600CE,0.11265238747015885
08-01-2026 09:50||NIFTY27JAN2626400CE,0.08856863624562364
08-01-2026 09:55||NIFTY27JAN2624200PE,0.1599407795132245
08-01-2026 09:55||NIFTY27JAN2624600PE,0.13700746905680208
08-01-2026 09:55||NIFTY27JAN2625000PE,0.11589418882665833
08-01-2026 09:55||NIFTY27JAN2625100PE,0.11127141824213085
08-01-2026 09:55||NIFTY27JAN2625300CE,0.1148122453586407
08-01-2026 09:55||NIFTY27JAN2626000CE,0.09048170611618736
08-01-2026 09:55||NIFTY27JAN2626200CE,0.08722128021678122
08-01-2026 10:00||NIFTY27JAN2624600PE,0.13645397595254963
08-01-2026 10:00||NIFTY27JAN2625900CE,0.08821479735113222
08-01-2026 10:00||NIFTY27JAN2626100CE,0.08495674912859888
08-01-2026 10:00||NIFTY27JAN2626200CE,0.08434146412939866
08-01-2026 10:05||NIFTY27JAN2624800PE,0.12498681350425697
08-01-2026 10:05||NIFTY27JAN2625500CE,0.10231969318946843
08-01-2026 10:05||NIFTY27JAN2625800CE,0.09051464597589433
08-01-2026 10:05||NIFTY27JAN2626000CE,0.08693113600885034
08-01-2026 10:05||NIFTY27JAN2626500CE,0.08330000550305966
08-01-2026 10:10||NIFTY27JAN2624100PE,0.16339414091626667
08-01-2026 10:10||NIFTY27JAN2625000PE,0.1130963268350445
08-01-2026 10:10||NIFTY27JAN2625100PE,0.10778175897956607
08-01-2026 10:10||NIFTY27JAN2625200CE,0.1409792676679521
08-01-2026 10:10||NIFTY27JAN2625600CE,0.10780715668667074
08-01-2026 10:10||NIFTY27JAN2625800CE,0.09920819612316589
08-01-2026 10:10||NIFTY27JAN2626400CE,0.0864018118005699
08-01-2026 10:15||NIFTY27JAN2625100PE,0.10940366412285407
08-01-2026 10:15||NIFTY27JAN2625700CE,0.09455780980718076
08-01-2026 10:15||NIFTY27JAN2625800CE,0.09065433225915438
08-01-2026 10:15||NIFTY27JAN2626500CE,0.08532663120904165
08-01-2026 10:20||NIFTY27JAN2625200CE,0.122258136967212
08-01-2026 10:20||NIFTY27JAN2626400CE,0.08618649244996532
08-01-2026 10:25||NIFTY27JAN2623900PE,0.1739466019029541
08-01-2026 10:25||NIFTY27JAN2624000PE,0.1686213718572172
08-01-2026 10:25||NIFTY27JAN2624400PE,0.14555957107085513
08-01-2026 10:25||NIFTY27JAN2624800PE,0.12343753599768724
08-01-2026 10:25||NIFTY27JAN2625000PE,0.11287208671246844
08-01-2026 10:25||NIFTY27JAN2625100PE,0.10756266440246687
08-01-2026 10:25||NIFTY27JAN2625200CE,0.1255566321082418
08-01-2026 10:25||NIFTY27JAN2625500CE,0.11077702319763441
08-01-2026 10:25||NIFTY27JAN2625600CE,0.10658275028171674
08-01-2026 10:25||NIFTY27JAN2625700CE,0.10303148287524326
08-01-2026 10:25||NIFTY27JAN2626100CE,0.09202123309010837
08-01-2026 10:25||NIFTY27JAN2626500CE,0.08623445974383981
08-01-2026 10:30||NIFTY27JAN2623800PE,0.1793836877030287
08-01-2026 10:30||NIFTY27JAN2624000PE,0.16909671974734264
08-01-2026 10:30||NIFTY27JAN2624400PE,0.14593256627341314
08-01-2026 10:30||NIFTY27JAN2624500PE,0.1402323015819384
08-01-2026 10:30||NIFTY27JAN2626000CE,0.09431946145247759
08-01-2026 10:30||NIFTY27JAN2626400CE,0.08858686957950969
08-01-2026 10:30||NIFTY27JAN2626500CE,0.08792769431289005
08-01-2026 10:35||NIFTY27JAN2624000PE,0.16938309295778786
08-01-2026 10:35||NIFTY27JAN2624200PE,0.1580462597150384
08-01-2026 10:35||NIFTY27JAN2625800CE,0.09507986565164492
08-01-2026 10:35||NIFTY27JAN2626300CE,0.08677185717630406
08-01-2026 10:35||NIFTY27JAN2626500CE,0.08587150869622522
08-01-2026 10:40||NIFTY27JAN2624000PE,0.16766151092129775
08-01-2026 10:40||NIFTY27JAN2624300PE,0.1507420639016235
08-01-2026 10:40||NIFTY27JAN2625000PE,0.11279875070804246
08-01-2026 10:40||NIFTY27JAN2625500CE,0.1128924209429704
08-01-2026 10:40||NIFTY27JAN2625900CE,0.09627692190753728
08-01-2026 10:40||NIFTY27JAN2626100CE,0.0915064637728593
08-01-2026 10:40||NIFTY27JAN2626300CE,0.08827347723947246
08-01-2026 10:40||NIFTY27JAN2626400CE,0.08703098063980949
08-01-2026 10:45||NIFTY27JAN2623900PE,0.17355545553003363
08-01-2026 10:45||NIFTY27JAN2624200PE,0.1571111706361675
08-01-2026 10:45||NIFTY27JAN2625200CE,0.1291441227480214
08-01-2026 10:45||NIFTY27JAN2625300CE,0.1225756140638621
08-01-2026 10:45||NIFTY27JAN2625600CE,0.10445719527668218
08-01-2026 10:45||NIFTY27JAN2626400CE,0.08672039706072943
08-01-2026 10:45||NIFTY27JAN2626500CE,0.08616307390870995
08-01-2026 10:50||NIFTY27JAN2623900PE,0.17322346619010293
08-01-2026 10:50||NIFTY27JAN2625500CE,0.10369485259373336
08-01-2026 10:50||NIFTY27JAN2625800CE,0.0957617498539354
08-01-2026 10:50||NIFTY27JAN2626100CE,0.09014233017644288
08-01-2026 10:50||NIFTY27JAN2626500CE,0.08653715220112893
08-01-2026 10:55||NIFTY27JAN2624000PE,0.16727289334166762
08-01-2026 10:55||NIFTY27JAN2624700PE,0.12879582054853583
08-01-2026 10:55||NIFTY27JAN2624800PE,0.12338602228962632
08-01-2026 10:55||NIFTY27JAN2625100PE,0.10847990791343419
08-01-2026 10:55||NIFTY27JAN2625400CE,0.11794082880701412
08-01-2026 10:55||NIFTY27JAN2625600CE,0.10483067184477975
08-01-2026 11:00||NIFTY27JAN2623800PE,0.1791997178661766
08-01-2026 11:00||NIFTY27JAN2623900PE,0.17331129729140743
08-01-2026 11:00||NIFTY27JAN2624000PE,0.16781288168762748
08-01-2026 11:00||NIFTY27JAN2624300PE,0.15049634665424685
08-01-2026 11:00||NIFTY27JAN2624600PE,0.13427832529965628
08-01-2026 11:00||NIFTY27JAN2625000PE,0.11436739764446015
08-01-2026 11:00||NIFTY27JAN2625100PE,0.10956092277577256
08-01-2026 11:00||NIFTY27JAN2626200CE,0.09011054519771652
08-01-2026 11:00||NIFTY27JAN2626500CE,0.08633888275900799
08-01-2026 11:05||NIFTY27JAN2623800PE,0.18166888148652544
08-01-2026 11:05||NIFTY27JAN2624200PE,0.1558599131940309
08-01-2026 11:05||NIFTY27JAN2624400PE,0.14472095041807656
08-01-2026 11:05||NIFTY27JAN2624800PE,0.12405810373582235
08-01-2026 11:05||NIFTY27JAN2625400CE,0.11941042624838975
08-01-2026 11:05||NIFTY27JAN2626000CE,0.09382006658747746
08-01-2026 11:05||NIFTY27JAN2626200CE,0.09022751113072094
08-01-2026 11:05||NIFTY27JAN2626300CE,0.08899049946479161
08-01-2026 11:10||NIFTY27JAN2624000PE,0.16729669856720703
08-01-2026 11:10||NIFTY27JAN2624200PE,0.15563940697016804
08-01-2026 11:10||NIFTY27JAN2624400PE,0.14501449328110325
08-01-2026 11:10||NIFTY27JAN2624600PE,0.1350913416558327
08-01-2026 11:10||NIFTY27JAN2624700PE,0.1300875041487367
08-01-2026 11:10||NIFTY27JAN2625200CE,0.1364387791370119
08-01-2026 11:10||NIFTY27JAN2625600CE,0.10481191481692051
08-01-2026 11:10||NIFTY27JAN2625900CE,0.09512295332711176
08-01-2026 11:10||NIFTY27JAN2626000CE,0.09279752570205659
08-01-2026 11:15||NIFTY27JAN2624100PE,0.16427821505094223
08-01-2026 11:15||NIFTY27JAN2624200PE,0.1583732131829513
08-01-2026 11:15||NIFTY27JAN2624900PE,0.1208564354325107
08-01-2026 11:15||NIFTY27JAN2625200CE,0.1283191030410711
08-01-2026 11:15||NIFTY27JAN2626200CE,0.0899281687983767
08-01-2026 11:15||NIFTY27JAN2626400CE,0.0882111160656857
08-01-2026 11:20||NIFTY27JAN2624300PE,0.15419543424905424
08-01-2026 11:20||NIFTY27JAN2625700CE,0.09679228437253598
08-01-2026 11:20||NIFTY27JAN2626400CE,0.08999665967581266
08-01-2026 11:20||NIFTY27JAN2626500CE,0.08856034021375027
08-01-2026 11:25||NIFTY27JAN2623800PE,0.17870808334884225
08-01-2026 11:25||NIFTY27JAN2624300PE,0.15361555741356517
08-01-2026 11:25||NIFTY27JAN2624400PE,0.14772293005970535
08-01-2026 11:25||NIFTY27JAN2624700PE,0.13111218152981852
08-01-2026 11:25||NIFTY27JAN2625400CE,0.12678070033658628
08-01-2026 11:25||NIFTY27JAN2626200CE,0.09326197329848279
08-01-2026 11:30||NIFTY27JAN2623800PE,0.18062990442599924
08-01-2026 11:30||NIFTY27JAN2624100PE,0.16453994799245417
08-01-2026 11:30||NIFTY27JAN2624200PE,0.15882780090552032
08-01-2026 11:30||NIFTY27JAN2625200CE,0.1502306343056221
08-01-2026 11:30||NIFTY27JAN2625400CE,0.1301328864737193
08-01-2026 11:30||NIFTY27JAN2625500CE,0.12008197562530074
08-01-2026 11:30||NIFTY27JAN2625800CE,0.1018877199926085
08-01-2026 11:30||NIFTY27JAN2626000CE,0.09618593785508343
08-01-2026 11:30||NIFTY27JAN2626100CE,0.09440172693264183
08-01-2026 11:35||NIFTY27JAN2623800PE,0.18042459650293807
08-01-2026 11:35||NIFTY27JAN2624100PE,0.164098811488114
08-01-2026 11:35||NIFTY27JAN2624400PE,0.14644674015985742
08-01-2026 11:35||NIFTY27JAN2624500PE,0.14086691413856073
08-01-2026 11:35||NIFTY27JAN2624700PE,0.13004311219491704
08-01-2026 11:35||NIFTY27JAN2624900PE,0.11952187168171369
08-01-2026 11:35||NIFTY27JAN2625200CE,0.13226768043386397
08-01-2026 11:35||NIFTY27JAN2625300CE,0.12949809700634565
08-01-2026 11:35||NIFTY27JAN2626500CE,0.09111361706144078
08-01-2026 11:40||NIFTY27JAN2624100PE,0.16468422280764017
08-01-2026 11:40||NIFTY27JAN2624200PE,0.15884227372852291
08-01-2026 11:40||NIFTY27JAN2624400PE,0.14724911414235875
08-01-2026 11:40||NIFTY27JAN2624900PE,0.12020926818876979
08-01-2026 11:40||NIFTY27JAN2625600CE,0.10525455086390094
08-01-2026 11:40||NIFTY27JAN2625800CE,0.09860157060938346
08-01-2026 11:45||NIFTY27JAN2624200PE,0.1580263506196693
08-01-2026 11:45||NIFTY27JAN2625500CE,0.10878893015804775
08-01-2026 11:45||NIFTY27JAN2625900CE,0.09554990745256133
08-01-2026 11:45||NIFTY27JAN2626100CE,0.09228084056410711
08-01-2026 11:50||NIFTY27JAN2623800PE,0.1807028365896792
08-01-2026 11:50||NIFTY27JAN2625700CE,0.10552309825401338
08-01-2026 11:50||NIFTY27JAN2625800CE,0.10215257104409194
08-01-2026 11:50||NIFTY27JAN2626500CE,0.09023829160212898
08-01-2026 11:55||NIFTY27JAN2624200PE,0.15860128608077673
08-01-2026 11:55||NIFTY27JAN2624700PE,0.13128714472805386
08-01-2026 11:55||NIFTY27JAN2625100PE,0.11196806150704053
08-01-2026 11:55||NIFTY27JAN2625400CE,0.10854747540822386
08-01-2026 11:55||NIFTY27JAN2625600CE,0.10105652508575245
08-01-2026 11:55||NIFTY27JAN2625800CE,0.09516118269881456
08-01-2026 12:00||NIFTY27JAN2624500PE,0.1417809801480155
08-01-2026 12:00||NIFTY27JAN2624700PE,0.131945371081808
08-01-2026 12:00||NIFTY27JAN2625000PE,0.11753823795718427
08-01-2026 12:00||NIFTY27JAN2625500CE,0.10559742187870727
08-01-2026 12:00||NIFTY27JAN2626300CE,0.0916194079858989
08-01-2026 12:05||NIFTY27JAN2624000PE,0.169337135450144
08-01-2026 12:05||NIFTY27JAN2624200PE,0.15629082237390124
08-01-2026 12:05||NIFTY27JAN2624500PE,0.13892271040182952
08-01-2026 12:05||NIFTY27JAN2624900PE,0.11940553392498734
08-01-2026 12:05||NIFTY27JAN2625300CE,0.13587091347838942
08-01-2026 12:05||NIFTY27JAN2625800CE,0.10964646346315804
08-01-2026 12:05||NIFTY27JAN2625900CE,0.10668254209213741
08-01-2026 12:05||NIFTY27JAN2626400CE,0.09752857214982219
08-01-2026 12:10||NIFTY27JAN2624000PE,0.1699436774448892
08-01-2026 12:10||NIFTY27JAN2624400PE,0.14600147287612522
08-01-2026 12:15||NIFTY27JAN2624100PE,0.16640684503870956
08-01-2026 12:15||NIFTY27JAN2624400PE,0.14907207152815585
08-01-2026 12:15||NIFTY27JAN2625200CE,0.12906545648796305
08-01-2026 12:15||NIFTY27JAN2625400CE,0.11774841646837057
08-01-2026 12:15||NIFTY27JAN2625500CE,0.11300445571087082
08-01-2026 12:15||NIFTY27JAN2625700CE,0.10495808932426258
08-01-2026 12:20||NIFTY27JAN2624800PE,0.12828353532962558
08-01-2026 12:20||NIFTY27JAN2625800CE,0.10448728590201725
08-01-2026 12:20||NIFTY27JAN2626300CE,0.0952066425045096
08-01-2026 12:25||NIFTY27JAN2624100PE,0.16848652944835052
08-01-2026 12:25||NIFTY27JAN2624400PE,0.15141612845804608
08-01-2026 12:25||NIFTY27JAN2624900PE,0.12311380263184035
08-01-2026 12:25||NIFTY27JAN2625700CE,0.10698269120938655
08-01-2026 12:25||NIFTY27JAN2626000CE,0.09934804512479921
08-01-2026 12:30||NIFTY27JAN2624200PE,0.16392697857014266
08-01-2026 12:30||NIFTY27JAN2624300PE,0.15762447031212437
08-01-2026 12:30||NIFTY27JAN2625100PE,0.11525251635301402
08-01-2026 12:30||NIFTY27JAN2625700CE,0.10263909682139391
08-01-2026 12:30||NIFTY27JAN2626000CE,0.09600168405027117
08-01-2026 12:35||NIFTY27JAN2624800PE,0.12711675640224274
08-01-2026 12:35||NIFTY27JAN2625000PE,0.11694672126590439
08-01-2026 12:35||NIFTY27JAN2625400CE,0.12733641427268616
08-01-2026 12:35||NIFTY27JAN2625500CE,0.12120008622440304
08-01-2026 12:35||NIFTY27JAN2625800CE,0.10700250603765983
08-01-2026 12:35||NIFTY27JAN2626100CE,0.09955021976862757
08-01-2026 12:35||NIFTY27JAN2626200CE,0.09773911307046432
08-01-2026 12:40||NIFTY27JAN2624100PE,0.16745115525384807
08-01-2026 12:40||NIFTY27JAN2624400PE,0.1506155454919717
08-01-2026 12:40||NIFTY27JAN2624800PE,0.1269896269773454
08-01-2026 12:40||NIFTY27JAN2625000PE,0.11695363221454261
08-01-2026 12:40||NIFTY27JAN2625200CE,0.13788589522474448
08-01-2026 12:40||NIFTY27JAN2626000CE,0.10117889947954647
08-01-2026 12:45||NIFTY27JAN2624400PE,0.15117463900474107
08-01-2026 12:45||NIFTY27JAN2624600PE,0.13893584323585545
08-01-2026 12:45||NIFTY27JAN2625000PE,0.11797285459461959
08-01-2026 12:45||NIFTY27JAN2625300CE,0.12540711369177737
08-01-2026 12:45||NIFTY27JAN2625800CE,0.10357373789359257
08-01-2026 12:45||NIFTY27JAN2626200CE,0.09648593182905871
08-01-2026 12:45||NIFTY27JAN2626300CE,0.0953381394865115
08-01-2026 12:50||NIFTY27JAN2623800PE,0.18374015923892306
08-01-2026 12:50||NIFTY27JAN2624900PE,0.12191808639399809
08-01-2026 12:50||NIFTY27JAN2625600CE,0.11466702808977014
08-01-2026 12:50||NIFTY27JAN2626300CE,0.09687777401907964
08-01-2026 12:50||NIFTY27JAN2626400CE,0.09585878218679136
08-01-2026 12:55||NIFTY27JAN2624200PE,0.16220596296445744
08-01-2026 12:55||NIFTY27JAN2624300PE,0.1561026266967735
08-01-2026 12:55||NIFTY27JAN2624400PE,0.14998033708452463
08-01-2026 12:55||NIFTY27JAN2626100CE,0.09862599311922327
08-01-2026 13:00||NIFTY27JAN2624200PE,0.16227453208108306
08-01-2026 13:00||NIFTY27JAN2624500PE,0.1439788273395971
08-01-2026 13:00||NIFTY27JAN2624600PE,0.1380609724591459
08-01-2026 13:00||NIFTY27JAN2624700PE,0.13226059727283973
08-01-2026 13:00||NIFTY27JAN2625000PE,0.11611592867520962
08-01-2026 13:00||NIFTY27JAN2625100PE,0.11066398506627914
08-01-2026 13:00||NIFTY27JAN2625400CE,0.12935857874550888
08-01-2026 13:00||NIFTY27JAN2625800CE,0.10931175431198065
08-01-2026 13:05||NIFTY27JAN2623800PE,0.18536795719153387
08-01-2026 13:05||NIFTY27JAN2624600PE,0.13882440009738622
08-01-2026 13:05||NIFTY27JAN2625700CE,0.10762110317654679
08-01-2026 13:05||NIFTY27JAN2625800CE,0.1045957893335648
08-01-2026 13:05||NIFTY27JAN2626000CE,0.10000155408565133
08-01-2026 13:05||NIFTY27JAN2626100CE,0.09793666350525795
08-01-2026 13:05||NIFTY27JAN2626200CE,0.09614260382225115
08-01-2026 13:05||NIFTY27JAN2626300CE,0.09468074723767184
08-01-2026 13:10||NIFTY27JAN2624100PE,0.16814700824518264
08-01-2026 13:10||NIFTY27JAN2624900PE,0.12133375873454966
08-01-2026 13:10||NIFTY27JAN2625400CE,0.12261625037335132
08-01-2026 13:10||NIFTY27JAN2625700CE,0.1083424579624521
08-01-2026 13:10||NIFTY27JAN2625800CE,0.10560817181540447
08-01-2026 13:10||NIFTY27JAN2626100CE,0.09893596780677644
08-01-2026 13:10||NIFTY27JAN2626200CE,0.0972550881604464
08-01-2026 13:15||NIFTY27JAN2624300PE,0.15746704933182148
08-01-2026 13:15||NIFTY27JAN2625000PE,0.11660016933198902
08-01-2026 13:15||NIFTY27JAN2625900CE,0.10056206394638413
08-01-2026 13:15||NIFTY27JAN2626300CE,0.0943581506653656
08-01-2026 13:20||NIFTY27JAN2623800PE,0.1849755981947456
08-01-2026 13:20||NIFTY27JAN2624000PE,0.1739678253409193
08-01-2026 13:20||NIFTY27JAN2624400PE,0.15075494389491786
08-01-2026 13:20||NIFTY27JAN2625000PE,0.11641472784659257
08-01-2026 13:20||NIFTY27JAN2625300CE,0.1316161224865701
08-01-2026 13:20||NIFTY27JAN2625400CE,0.12373631454366422
08-01-2026 13:20||NIFTY27JAN2626200CE,0.09584269300264496
08-01-2026 13:25||NIFTY27JAN2624600PE,0.13946784646164676
08-01-2026 13:25||NIFTY27JAN2624900PE,0.12355198190144714
08-01-2026 13:25||NIFTY27JAN2625400CE,0.11481642029671585
08-01-2026 13:25||NIFTY27JAN2625500CE,0.1094384680289589
08-01-2026 13:25||NIFTY27JAN2625900CE,0.09720705956995723
08-01-2026 13:25||NIFTY27JAN2626000CE,0.09585112408246135
08-01-2026 13:25||NIFTY27JAN2626100CE,0.09479653299216168
08-01-2026 13:30||NIFTY27JAN2624300PE,0.1546772084428608
08-01-2026 13:30||NIFTY27JAN2624400PE,0.14856400047116994
08-01-2026 13:30||NIFTY27JAN2625600CE,0.11520105634943717
08-01-2026 13:30||NIFTY27JAN2625700CE,0.11074238298084507
08-01-2026 13:30||NIFTY27JAN2626100CE,0.10062188059639056
08-01-2026 13:30||NIFTY27JAN2626500CE,0.09298141470277659
08-01-2026 13:35||NIFTY27JAN2624600PE,0.13765887495935586
08-01-2026 13:35||NIFTY27JAN2624700PE,0.13203301150863703
08-01-2026 13:35||NIFTY27JAN2624800PE,0.12655050320348538
08-01-2026 13:35||NIFTY27JAN2624900PE,0.12103603927409731
08-01-2026 13:40||NIFTY27JAN2624100PE,0.1672400535041186
08-01-2026 13:40||NIFTY27JAN2624800PE,0.12519247370791547
08-01-2026 13:40||NIFTY27JAN2624900PE,0.12002218289470531
08-01-2026 13:40||NIFTY27JAN2625300CE,0.12584097062333416
08-01-2026 13:40||NIFTY27JAN2625600CE,0.11295927651763384
08-01-2026 13:40||NIFTY27JAN2625700CE,0.1089925307955451
08-01-2026 13:40||NIFTY27JAN2626000CE,0.10084061789631962
08-01-2026 13:40||NIFTY27JAN2626200CE,0.09711469860458874
08-01-2026 13:40||NIFTY27JAN2626300CE,0.0956905247984306
08-01-2026 13:45||NIFTY27JAN2624600PE,0.13676037642861172
08-01-2026 13:45||NIFTY27JAN2624700PE,0.13093286595490944
08-01-2026 13:45||NIFTY27JAN2625100PE,0.10929787250683774
08-01-2026 13:45||NIFTY27JAN2625600CE,0.11257169763683511
08-01-2026 13:45||NIFTY27JAN2625700CE,0.10917898955825292
08-01-2026 13:50||NIFTY27JAN2624600PE,0.13580358779636803
08-01-2026 13:50||NIFTY27JAN2625500CE,0.11719696058596654
08-01-2026 13:55||NIFTY27JAN2624200PE,0.16120607813784932
08-01-2026 13:55||NIFTY27JAN2624600PE,0.13601715397166597
08-01-2026 13:55||NIFTY27JAN2625000PE,0.1139924492787181
08-01-2026 13:55||NIFTY27JAN2625200CE,0.13035914703169496
08-01-2026 13:55||NIFTY27JAN2625700CE,0.10677639051885895
08-01-2026 14:00||NIFTY27JAN2623800PE,0.18553293913765798
08-01-2026 14:00||NIFTY27JAN2623900PE,0.17963868588232354
08-01-2026 14:00||NIFTY27JAN2625300CE,0.10990612898938205
08-01-2026 14:00||NIFTY27JAN2625400CE,0.1098157023206971
08-01-2026 14:00||NIFTY27JAN2625900CE,0.09955906298621492
08-01-2026 14:00||NIFTY27JAN2626000CE,0.09754731304587796
08-01-2026 14:00||NIFTY27JAN2626100CE,0.09562349417265811
08-01-2026 14:00||NIFTY27JAN2626200CE,0.09389486811474304
08-01-2026 14:00||NIFTY27JAN2626300CE,0.09238942181441775
08-01-2026 14:05||NIFTY27JAN2623900PE,0.17862398051350148
08-01-2026 14:05||NIFTY27JAN2624500PE,0.14241493382288334
08-01-2026 14:05||NIFTY27JAN2625300CE,0.1138194030215898
08-01-2026 14:05||NIFTY27JAN2626000CE,0.0961997607553933
08-01-2026 14:05||NIFTY27JAN2626200CE,0.0929179435498556
08-01-2026 14:05||NIFTY27JAN2626300CE,0.09161199009557905
08-01-2026 14:05||NIFTY27JAN2626500CE,0.09045098009213914
08-01-2026 14:10||NIFTY27JAN2624800PE,0.12438303947035845
08-01-2026 14:10||NIFTY27JAN2625000PE,0.11398665059359045
08-01-2026 14:10||NIFTY27JAN2625200CE,0.12627438978602323
08-01-2026 14:10||NIFTY27JAN2625300CE,0.12534279759179412
08-01-2026 14:10||NIFTY27JAN2625700CE,0.10958440478161965
08-01-2026 14:15||NIFTY27JAN2623800PE,0.18372475190321927
08-01-2026 14:15||NIFTY27JAN2624200PE,0.16012184993489048
08-01-2026 14:15||NIFTY27JAN2624300PE,0.15374435300374778
08-01-2026 14:15||NIFTY27JAN2625000PE,0.11311332785005905
08-01-2026 14:15||NIFTY27JAN2625200CE,0.12224539476794627
08-01-2026 14:15||NIFTY27JAN2625600CE,0.11357164126229666
08-01-2026 14:15||NIFTY27JAN2626100CE,0.09713994863551828
08-01-2026 14:15||NIFTY27JAN2626400CE,0.09205310254590743
08-01-2026 14:20||NIFTY27JAN2624500PE,0.14114793073022935
08-01-2026 14:20||NIFTY27JAN2625000PE,0.11328214295859881
08-01-2026 14:20||NIFTY27JAN2625700CE,0.10387552377750586
08-01-2026 14:20||NIFTY27JAN2626400CE,0.08975260586431906
08-01-2026 14:25||NIFTY27JAN2624600PE,0.1362677510115513
08-01-2026 14:25||NIFTY27JAN2624800PE,0.12481184280791892
08-01-2026 14:25||NIFTY27JAN2625200CE,0.13738965514204238
08-01-2026 14:25||NIFTY27JAN2625600CE,0.10617397218208596
08-01-2026 14:25||NIFTY27JAN2625900CE,0.09703896204262966
08-01-2026 14:25||NIFTY27JAN2626000CE,0.09498590042357682
08-01-2026 14:30||NIFTY27JAN2624500PE,0.14026312337433358
08-01-2026 14:30||NIFTY27JAN2626200CE,0.097612439229317
08-01-2026 14:30||NIFTY27JAN2626400CE,0.09444849793268852
08-01-2026 14:30||NIFTY27JAN2626500CE,0.09512981797217035
08-01-2026 14:35||NIFTY27JAN2624200PE,0.1598993848840792
08-01-2026 14:35||NIFTY27JAN2624800PE,0.12363629388529417
08-01-2026 14:35||NIFTY27JAN2625100PE,0.10814867619884214
08-01-2026 14:35||NIFTY27JAN2626100CE,0.09536246236887158
08-01-2026 14:40||NIFTY27JAN2624200PE,0.15935513087063422
08-01-2026 14:40||NIFTY27JAN2624600PE,0.13502296183365559
08-01-2026 14:40||NIFTY27JAN2625000PE,0.11283525750784051
08-01-2026 14:40||NIFTY27JAN2625300CE,0.12019162225174115
08-01-2026 14:40||NIFTY27JAN2625400CE,0.1166185240196801
08-01-2026 14:40||NIFTY27JAN2625500CE,0.11243041278641744
08-01-2026 14:40||NIFTY27JAN2626200CE,0.09298977327947627
08-01-2026 14:40||NIFTY27JAN2626300CE,0.09143838435140439
08-01-2026 14:45||NIFTY27JAN2624000PE,0.1703827014298413
08-01-2026 14:45||NIFTY27JAN2624700PE,0.12863930044992405
08-01-2026 14:45||NIFTY27JAN2625000PE,0.112291291324103
08-01-2026 14:45||NIFTY27JAN2625300CE,0.12234986955107643
08-01-2026 14:45||NIFTY27JAN2625700CE,0.1061334803788398
08-01-2026 14:50||NIFTY27JAN2624100PE,0.16517496131937864
08-01-2026 14:50||NIFTY27JAN2624300PE,0.15328647706396564
08-01-2026 14:50||NIFTY27JAN2625100PE,0.10853496859753155
08-01-2026 14:50||NIFTY27JAN2625400CE,0.11317185906509367
08-01-2026 14:50||NIFTY27JAN2625500CE,0.1082316478241577
08-01-2026 14:50||NIFTY27JAN2626000CE,0.09315550861008469
08-01-2026 14:50||NIFTY27JAN2626200CE,0.09020680869054279
08-01-2026 14:55||NIFTY27JAN2626300CE,0.09068686721681622
08-01-2026 15:00||NIFTY27JAN2623900PE,0.17469032415102959
08-01-2026 15:00||NIFTY27JAN2624000PE,0.1686868581355525
08-01-2026 15:00||NIFTY27JAN2624900PE,0.11771512367392918
08-01-2026 15:00||NIFTY27JAN2625100PE,0.10818163492152288
08-01-2026 15:00||NIFTY27JAN2625200CE,0.1254885891032096
08-01-2026 15:00||NIFTY27JAN2625600CE,0.09904412646818671
08-01-2026 15:00||NIFTY27JAN2625700CE,0.09616262988385904
08-01-2026 15:00||NIFTY27JAN2626300CE,0.08885248721891491
08-01-2026 15:00||NIFTY27JAN2626400CE,0.08847978712686039
08-01-2026 15:05||NIFTY27JAN2624400PE,0.14279744813295114
08-01-2026 15:05||NIFTY27JAN2624800PE,0.1200282314779482
08-01-2026 15:05||NIFTY27JAN2624900PE,0.11496860161481864
08-01-2026 15:05||NIFTY27JAN2626000CE,0.09759647260265616
08-01-2026 15:05||NIFTY27JAN2626100CE,0.09572807706626259
08-01-2026 15:05||NIFTY27JAN2626200CE,0.09415250163574816
08-01-2026 15:10||NIFTY27JAN2624000PE,0.16667629249982152
08-01-2026 15:10||NIFTY27JAN2624200PE,0.15505598137762627
08-01-2026 15:10||NIFTY27JAN2624600PE,0.13138989354570513
08-01-2026 15:10||NIFTY27JAN2625100PE,0.10596613919740468
08-01-2026 15:10||NIFTY27JAN2625700CE,0.10415869239235231
08-01-2026 15:10||NIFTY27JAN2626100CE,0.09449197529995462
08-01-2026 15:10||NIFTY27JAN2626300CE,0.0922629790778141
08-01-2026 15:10||NIFTY27JAN2626500CE,0.09096048078474858
08-01-2026 15:15||NIFTY27JAN2624800PE,0.1202204724092614
08-01-2026 15:15||NIFTY27JAN2625100PE,0.10607606128389512
08-01-2026 15:15||NIFTY27JAN2625500CE,0.11064842081513299
08-01-2026 15:15||NIFTY27JAN2626100CE,0.09376879670480166
08-01-2026 15:20||NIFTY27JAN2624000PE,0.16684420607857436
08-01-2026 15:20||NIFTY27JAN2624500PE,0.13710102747912387
08-01-2026 15:20||NIFTY27JAN2624800PE,0.12050644852312388
08-01-2026 15:20||NIFTY27JAN2625000PE,0.11084839044838637
08-01-2026 15:20||NIFTY27JAN2625600CE,0.10461325579887978
08-01-2026 15:20||NIFTY27JAN2626100CE,0.09251456457015506
08-01-2026 15:20||NIFTY27JAN2626400CE,0.08987290548473525
08-01-2026 15:20||NIFTY27JAN2626500CE,0.08914697027966029
08-01-2026 15:25||NIFTY27JAN2623800PE,0.18015152831208692
08-01-2026 15:25||NIFTY27JAN2624100PE,0.16046844000430732
08-01-2026 15:25||NIFTY27JAN2624300PE,0.14903616749590243
08-01-2026 15:25||NIFTY27JAN2624600PE,0.1317696605042485
08-01-2026 15:25||NIFTY27JAN2625100PE,0.10727843925590042
08-01-2026 15:25||NIFTY27JAN2625800CE,0.09575520271919506
08-01-2026 15:25||NIFTY27JAN2626100CE,0.09133786844501958
09-01-2026 09:15||NIFTY27JAN2624400PE,0.14514334140282287
09-01-2026 09:15||NIFTY27JAN2625000PE,0.11208780584647945
09-01-2026 09:15||NIFTY27JAN2625400CE,0.12402639653884999
09-01-2026 09:15||NIFTY27JAN2625500CE,0.11930956252798118
09-01-2026 09:15||NIFTY27JAN2625800CE,0.10653858121311041
09-01-2026 09:15||NIFTY27JAN2626300CE,0.09414302967354482
09-01-2026 09:20||NIFTY27JAN2624100PE,0.1634825787246422
09-01-2026 09:20||NIFTY27JAN2624200PE,0.1576061099590397
09-01-2026 09:20||NIFTY27JAN2624800PE,0.12444990600850829
09-01-2026 09:20||NIFTY27JAN2625000PE,0.11526715522018037
09-01-2026 09:20||NIFTY27JAN2625300CE,0.11272423507436291
09-01-2026 09:25||NIFTY27JAN2624100PE,0.1603163347508165
09-01-2026 09:25||NIFTY27JAN2625000PE,0.11173873934020116
09-01-2026 09:25||NIFTY27JAN2625400CE,0.11850244621651645
09-01-2026 09:25||NIFTY27JAN2626100CE,0.09347691150267293
09-01-2026 09:30||NIFTY27JAN2624300PE,0.14878222855724677
09-01-2026 09:30||NIFTY27JAN2624500PE,0.13732307420141457
09-01-2026 09:30||NIFTY27JAN2624600PE,0.13173096618053065
09-01-2026 09:30||NIFTY27JAN2625300CE,0.11472993800030652
09-01-2026 09:30||NIFTY27JAN2625400CE,0.11067933513432701
09-01-2026 09:30||NIFTY27JAN2626100CE,0.09299600128058573
09-01-2026 09:30||NIFTY27JAN2626400CE,0.09037832851813188
09-01-2026 09:35||NIFTY27JAN2624800PE,0.11986722323035062
09-01-2026 09:35||NIFTY27JAN2626000CE,0.097659484172611
09-01-2026 09:35||NIFTY27JAN2626200CE,0.09400280280964601
09-01-2026 09:40||NIFTY27JAN2625500CE,0.13519336542299448
09-01-2026 09:40||NIFTY27JAN2625600CE,0.13000627450891705
09-01-2026 09:40||NIFTY27JAN2625700CE,0.12485497830272357
09-01-2026 09:40||NIFTY27JAN2625900CE,0.11466798448637232
09-01-2026 09:45||NIFTY27JAN2624000PE,0.16468881063314714
09-01-2026 09:45||NIFTY27JAN2624300PE,0.1471558872679093
09-01-2026 09:45||NIFTY27JAN2624400PE,0.1411319383932853
09-01-2026 09:45||NIFTY27JAN2624700PE,0.12387159931382029
09-01-2026 09:45||NIFTY27JAN2624900PE,0.11339116475624685
09-01-2026 09:45||NIFTY27JAN2625600CE,0.12379340447428364
09-01-2026 09:45||NIFTY27JAN2625900CE,0.10882661931675591
09-01-2026 09:50||NIFTY27JAN2624100PE,0.15969768391269695
09-01-2026 09:50||NIFTY27JAN2624400PE,0.14210095579417997
09-01-2026 09:50||NIFTY27JAN2624600PE,0.13043333716579786
09-01-2026 09:50||NIFTY27JAN2624700PE,0.12482213686492455
09-01-2026 09:50||NIFTY27JAN2624900PE,0.11456774610988578
09-01-2026 09:50||NIFTY27JAN2625300CE,0.1383846376331087
09-01-2026 09:50||NIFTY27JAN2625600CE,0.11917097606239327
09-01-2026 09:50||NIFTY27JAN2626000CE,0.1029154972350405
09-01-2026 09:50||NIFTY27JAN2626100CE,0.10020804569708235
09-01-2026 09:50||NIFTY27JAN2626400CE,0.09480097414411305
09-01-2026 09:55||NIFTY27JAN2623800PE,0.17796889124127754
09-01-2026 09:55||NIFTY27JAN2624800PE,0.12062260903879303
09-01-2026 09:55||NIFTY27JAN2624900PE,0.11560090369719432
09-01-2026 09:55||NIFTY27JAN2625000PE,0.11119320091820063
09-01-2026 09:55||NIFTY27JAN2625200CE,0.14015122096343896
09-01-2026 10:00||NIFTY27JAN2624100PE,0.16200843198583995
09-01-2026 10:00||NIFTY27JAN2624300PE,0.14980649756199782
09-01-2026 10:00||NIFTY27JAN2625100PE,0.10781647865253619
09-01-2026 10:00||NIFTY27JAN2625500CE,0.1069543762877557
09-01-2026 10:00||NIFTY27JAN2626100CE,0.09302966000955046
09-01-2026 10:05||NIFTY27JAN2624500PE,0.13638842865219974
09-01-2026 10:05||NIFTY27JAN2624800PE,0.11969352639628064
09-01-2026 10:05||NIFTY27JAN2625600CE,0.11958388596576633
09-01-2026 10:05||NIFTY27JAN2626100CE,0.09900407969248766
09-01-2026 10:10||NIFTY27JAN2624400PE,0.14328494285558818
09-01-2026 10:10||NIFTY27JAN2626300CE,0.09126019028809344
09-01-2026 10:10||NIFTY27JAN2626400CE,0.09077023233950204
09-01-2026 10:15||NIFTY27JAN2625100PE,0.10653690370643706
09-01-2026 10:15||NIFTY27JAN2625600CE,0.10831354401310027
09-01-2026 10:15||NIFTY27JAN2626200CE,0.09224239157157921
09-01-2026 10:15||NIFTY27JAN2626300CE,0.09137241451801015
09-01-2026 10:20||NIFTY27JAN2623900PE,0.17322539380501556
09-01-2026 10:20||NIFTY27JAN2624000PE,0.16710937509402615
09-01-2026 10:20||NIFTY27JAN2625200CE,0.14526706637142775
09-01-2026 10:20||NIFTY27JAN2625700CE,0.11247229966727151
09-01-2026 10:25||NIFTY27JAN2624200PE,0.15495595870210255
09-01-2026 10:25||NIFTY27JAN2625000PE,0.10941885871927517
09-01-2026 10:25||NIFTY27JAN2625600CE,0.12070956947839778
09-01-2026 10:25||NIFTY27JAN2626200CE,0.09673233952946578
09-01-2026 10:25||NIFTY27JAN2626500CE,0.09312675372818575
09-01-2026 10:30||NIFTY27JAN2624300PE,0.14996904620010984
09-01-2026 10:30||NIFTY27JAN2624900PE,0.11688808983672397
09-01-2026 10:35||NIFTY27JAN2624300PE,0.1489297190937702
09-01-2026 10:35||NIFTY27JAN2624800PE,0.12020387735149571
09-01-2026 10:35||NIFTY27JAN2626300CE,0.09150848783584448
09-01-2026 10:40||NIFTY27JAN2624000PE,0.16610810556889288
09-01-2026 10:40||NIFTY27JAN2624700PE,0.1250049550147926
09-01-2026 10:40||NIFTY27JAN2625000PE,0.10948914123846788
09-01-2026 10:40||NIFTY27JAN2625500CE,0.11653629604833458
09-01-2026 10:40||NIFTY27JAN2626000CE,0.09735503098682138
09-01-2026 10:40||NIFTY27JAN2626100CE,0.09545326218159428
09-01-2026 10:40||NIFTY27JAN2626400CE,0.09180855661620269
09-01-2026 10:40||NIFTY27JAN2626500CE,0.09170754197309933
09-01-2026 10:45||NIFTY27JAN2624400PE,0.14240167856287028
09-01-2026 10:45||NIFTY27JAN2625000PE,0.10961252224932252
09-01-2026 10:45||NIFTY27JAN2625200CE,0.134749604184599
09-01-2026 10:45||NIFTY27JAN2625400CE,0.12048197830875519
09-01-2026 10:45||NIFTY27JAN2625500CE,0.11448731241605942
09-01-2026 10:45||NIFTY27JAN2626300CE,0.09084589677418714
09-01-2026 10:50||NIFTY27JAN2624100PE,0.16093604858634566
09-01-2026 10:50||NIFTY27JAN2625800CE,0.0948781504308334
09-01-2026 10:50||NIFTY27JAN2625900CE,0.09273113593204349
09-01-2026 10:50||NIFTY27JAN2626000CE,0.0910894933094292
09-01-2026 10:50||NIFTY27JAN2626400CE,0.08927098094266483
09-01-2026 10:50||NIFTY27JAN2626500CE,0.08965127867271089
09-01-2026 10:55||NIFTY27JAN2623800PE,0.17726109913956473
09-01-2026 10:55||NIFTY27JAN2624700PE,0.12428818847445075
09-01-2026 10:55||NIFTY27JAN2624900PE,0.11446305356190736
09-01-2026 10:55||NIFTY27JAN2626300CE,0.09092575352043819
09-01-2026 11:00||NIFTY27JAN2624900PE,0.11301345922588603
09-01-2026 11:00||NIFTY27JAN2625000PE,0.10830432636135967
09-01-2026 11:00||NIFTY27JAN2625200CE,0.1464711750044917
09-01-2026 11:00||NIFTY27JAN2625700CE,0.10208616120253981
09-01-2026 11:00||NIFTY27JAN2625800CE,0.09845315774449717
09-01-2026 11:05||NIFTY27JAN2624000PE,0.16316896884800733
09-01-2026 11:05||NIFTY27JAN2624400PE,0.13891499442553729
09-01-2026 11:05||NIFTY27JAN2625100PE,0.10402349369479211
09-01-2026 11:05||NIFTY27JAN2625300CE,0.1261042297998141
09-01-2026 11:05||NIFTY27JAN2625500CE,0.11366010033685733
09-01-2026 11:05||NIFTY27JAN2625700CE,0.10527333085091946
09-01-2026 11:10||NIFTY27JAN2623900PE,0.17043547175509643
09-01-2026 11:10||NIFTY27JAN2624700PE,0.12380191792867642
09-01-2026 11:10||NIFTY27JAN2625100PE,0.10495911309973172
09-01-2026 11:10||NIFTY27JAN2625200CE,0.12302330998112411
09-01-2026 11:10||NIFTY27JAN2625500CE,0.10625623406062054
09-01-2026 11:10||NIFTY27JAN2625800CE,0.09536277667618329
09-01-2026 11:15||NIFTY27JAN2624200PE,0.15190270404871484
09-01-2026 11:15||NIFTY27JAN2624600PE,0.12838944446674644
09-01-2026 11:15||NIFTY27JAN2625700CE,0.10169603530796673
09-01-2026 11:15||NIFTY27JAN2626400CE,0.0915827953139911
09-01-2026 11:20||NIFTY27JAN2625200CE,0.12946028697700004
09-01-2026 11:20||NIFTY27JAN2625500CE,0.11061689769061794
09-01-2026 11:25||NIFTY27JAN2624600PE,0.12769634108111028
09-01-2026 11:25||NIFTY27JAN2625100PE,0.10309616115522865
09-01-2026 11:25||NIFTY27JAN2625600CE,0.1092609002567651
09-01-2026 11:30||NIFTY27JAN2624000PE,0.16292439347869803
09-01-2026 11:30||NIFTY27JAN2624100PE,0.15726362709332453
09-01-2026 11:30||NIFTY27JAN2624500PE,0.13426496161653914
09-01-2026 11:30||NIFTY27JAN2624600PE,0.1286011804090963
09-01-2026 11:30||NIFTY27JAN2624900PE,0.11320770208097689
09-01-2026 11:30||NIFTY27JAN2625000PE,0.10856092439070081
09-01-2026 11:30||NIFTY27JAN2625300CE,0.12179027988868837
09-01-2026 11:30||NIFTY27JAN2626200CE,0.09008000447625925
09-01-2026 11:35||NIFTY27JAN2624100PE,0.15720531924955586
09-01-2026 11:35||NIFTY27JAN2624600PE,0.12800513998503468
09-01-2026 11:35||NIFTY27JAN2625200CE,0.12332873109261444
09-01-2026 11:35||NIFTY27JAN2625300CE,0.11808232368824984
09-01-2026 11:35||NIFTY27JAN2625700CE,0.10099119627925308
09-01-2026 11:35||NIFTY27JAN2625800CE,0.09816909883925413
09-01-2026 11:40||NIFTY27JAN2624600PE,0.12771641766870281
09-01-2026 11:40||NIFTY27JAN2624700PE,0.122577550789156
09-01-2026 11:40||NIFTY27JAN2625000PE,0.10847216606275377
09-01-2026 11:40||NIFTY27JAN2625300CE,0.11829315806128013
09-01-2026 11:40||NIFTY27JAN2625800CE,0.09804490341087227
09-01-2026 11:40||NIFTY27JAN2625900CE,0.09621654023199686
09-01-2026 11:45||NIFTY27JAN2625900CE,0.09673472245490003
09-01-2026 11:45||NIFTY27JAN2626000CE,0.09505344087546073
09-01-2026 11:45||NIFTY27JAN2626200CE,0.09313597833525798
09-01-2026 11:45||NIFTY27JAN2626500CE,0.09313750258207246
09-01-2026 11:50||NIFTY27JAN2625000PE,0.10839493948299608
09-01-2026 11:50||NIFTY27JAN2625200CE,0.12020162579815064
09-01-2026 11:50||NIFTY27JAN2625400CE,0.11243893285522093
09-01-2026 11:50||NIFTY27JAN2625500CE,0.10918268517043149
09-01-2026 11:50||NIFTY27JAN2626000CE,0.09652756879840427
09-01-2026 11:50||NIFTY27JAN2626500CE,0.0936436857913617
09-01-2026 11:55||NIFTY27JAN2624200PE,0.1514038196194516
09-01-2026 11:55||NIFTY27JAN2624300PE,0.14465736743329566
09-01-2026 11:55||NIFTY27JAN2624500PE,0.13298161003066025
09-01-2026 11:55||NIFTY27JAN2624900PE,0.11329652135976523
09-01-2026 11:55||NIFTY27JAN2625400CE,0.11452318175327213
09-01-2026 11:55||NIFTY27JAN2625600CE,0.10621336119468046
09-01-2026 11:55||NIFTY27JAN2625800CE,0.10018618257951281
09-01-2026 11:55||NIFTY27JAN2626300CE,0.09370974672057031
09-01-2026 12:00||NIFTY27JAN2623800PE,0.1748436601257486
09-01-2026 12:00||NIFTY27JAN2624400PE,0.1380697862514876
09-01-2026 12:00||NIFTY27JAN2624800PE,0.11546615929300717
09-01-2026 12:00||NIFTY27JAN2625600CE,0.11101313862261641
09-01-2026 12:00||NIFTY27JAN2625800CE,0.10348391237213483
09-01-2026 12:00||NIFTY27JAN2626300CE,0.09521234235363883
09-01-2026 12:05||NIFTY27JAN2624600PE,0.1278610469408387
09-01-2026 12:05||NIFTY27JAN2625500CE,0.1090611144390234
09-01-2026 12:05||NIFTY27JAN2626000CE,0.09540538603247026
09-01-2026 12:05||NIFTY27JAN2626500CE,0.09461790637841397
09-01-2026 12:10||NIFTY27JAN2624200PE,0.15184534759308013
09-01-2026 12:10||NIFTY27JAN2624300PE,0.14540653946555177
09-01-2026 12:10||NIFTY27JAN2625500CE,0.1063314335478894
09-01-2026 12:10||NIFTY27JAN2625900CE,0.0962869782185066
09-01-2026 12:10||NIFTY27JAN2626300CE,0.093323757601588
09-01-2026 12:15||NIFTY27JAN2623800PE,0.17616769127760726
09-01-2026 12:15||NIFTY27JAN2624100PE,0.15682445198459083
09-01-2026 12:15||NIFTY27JAN2624200PE,0.15032199795863016
09-01-2026 12:15||NIFTY27JAN2624300PE,0.14386855202156035
09-01-2026 12:15||NIFTY27JAN2625400CE,0.11112720396733361
09-01-2026 12:15||NIFTY27JAN2625500CE,0.1074398879146723
09-01-2026 12:15||NIFTY27JAN2625800CE,0.09925388691932341
09-01-2026 12:15||NIFTY27JAN2625900CE,0.09759093753384149
09-01-2026 12:15||NIFTY27JAN2626200CE,0.09367888221511668
09-01-2026 12:15||NIFTY27JAN2626300CE,0.09292087055591847
09-01-2026 12:15||NIFTY27JAN2626400CE,0.0920885607365372
09-01-2026 12:15||NIFTY27JAN2626500CE,0.0913646043484003
09-01-2026 12:20||NIFTY27JAN2624000PE,0.16248657171257685
09-01-2026 12:20||NIFTY27JAN2624700PE,0.12106224551232853
09-01-2026 12:20||NIFTY27JAN2624800PE,0.11623206017471291
09-01-2026 12:20||NIFTY27JAN2625000PE,0.10741811646491661
09-01-2026 12:25||NIFTY27JAN2624200PE,0.1501566506288199
09-01-2026 12:25||NIFTY27JAN2624400PE,0.13833623094212288
09-01-2026 12:25||NIFTY27JAN2624600PE,0.1271063651357142
09-01-2026 12:25||NIFTY27JAN2625000PE,0.10853283664745442
09-01-2026 12:30||NIFTY27JAN2623800PE,0.17192222080054512
09-01-2026 12:30||NIFTY27JAN2624400PE,0.1380749219837633
09-01-2026 12:30||NIFTY27JAN2624900PE,0.11221019941398494
09-01-2026 12:30||NIFTY27JAN2626400CE,0.09465913555434688
09-01-2026 12:35||NIFTY27JAN2624100PE,0.15844262109552298
09-01-2026 12:35||NIFTY27JAN2624300PE,0.1460263198394177
09-01-2026 12:35||NIFTY27JAN2624700PE,0.12401886704510032
09-01-2026 12:35||NIFTY27JAN2624900PE,0.1153344223123784
09-01-2026 12:35||NIFTY27JAN2625700CE,0.0976598183786688
09-01-2026 12:35||NIFTY27JAN2626400CE,0.09591290870956778
09-01-2026 12:40||NIFTY27JAN2624100PE,0.1581058602161324
09-01-2026 12:40||NIFTY27JAN2625800CE,0.09888951677009503
09-01-2026 12:40||NIFTY27JAN2626100CE,0.09599877668915277
09-01-2026 12:45||NIFTY27JAN2623900PE,0.17019590391389489
09-01-2026 12:45||NIFTY27JAN2624100PE,0.15787318452441
09-01-2026 12:45||NIFTY27JAN2624200PE,0.15157787977105452
09-01-2026 12:45||NIFTY27JAN2625100PE,0.10730338712385781
09-01-2026 12:45||NIFTY27JAN2625300CE,0.10609761880128375
09-01-2026 12:45||NIFTY27JAN2625800CE,0.0967993241157385
09-01-2026 12:45||NIFTY27JAN2625900CE,0.09596554441438825
09-01-2026 12:45||NIFTY27JAN2626000CE,0.09539825251796852
09-01-2026 12:45||NIFTY27JAN2626400CE,0.09827077870898973
09-01-2026 12:50||NIFTY27JAN2623800PE,0.17786511443364575
09-01-2026 12:50||NIFTY27JAN2624100PE,0.1557074583284777
09-01-2026 12:50||NIFTY27JAN2625300CE,0.12121508174410042
09-01-2026 12:50||NIFTY27JAN2625500CE,0.11088000215292315
09-01-2026 12:50||NIFTY27JAN2626200CE,0.09773951919794494
09-01-2026 12:55||NIFTY27JAN2624100PE,0.15755822444927248
09-01-2026 12:55||NIFTY27JAN2624500PE,0.13273726897328386
09-01-2026 12:55||NIFTY27JAN2624800PE,0.11720411721905269
09-01-2026 12:55||NIFTY27JAN2625600CE,0.10444562497220608
09-01-2026 12:55||NIFTY27JAN2625700CE,0.10187167849958817
09-01-2026 13:00||NIFTY27JAN2624200PE,0.15097977047376426
09-01-2026 13:00||NIFTY27JAN2624900PE,0.11355823921142058
09-01-2026 13:00||NIFTY27JAN2625200CE,0.11749097008808089
09-01-2026 13:00||NIFTY27JAN2625600CE,0.10396807945682629
09-01-2026 13:00||NIFTY27JAN2625800CE,0.099416097681862
09-01-2026 13:00||NIFTY27JAN2626400CE,0.09810204871905714
09-01-2026 13:05||NIFTY27JAN2623900PE,0.17020034012414176
09-01-2026 13:05||NIFTY27JAN2624100PE,0.1579267828715497
09-01-2026 13:05||NIFTY27JAN2624300PE,0.1453633629655114
09-01-2026 13:05||NIFTY27JAN2624400PE,0.13919874566843113
09-01-2026 13:05||NIFTY27JAN2624700PE,0.12189555037298372
09-01-2026 13:05||NIFTY27JAN2624800PE,0.11705582681271046
09-01-2026 13:05||NIFTY27JAN2624900PE,0.1125408221640753
09-01-2026 13:05||NIFTY27JAN2625000PE,0.10845001527065673
09-01-2026 13:05||NIFTY27JAN2626000CE,0.09791360587392249
09-01-2026 13:05||NIFTY27JAN2626400CE,0.09874835857689489
09-01-2026 13:05||NIFTY27JAN2626500CE,0.10067243790998577
09-01-2026 13:10||NIFTY27JAN2624000PE,0.16357523331714835
09-01-2026 13:10||NIFTY27JAN2624100PE,0.1574754609385362
09-01-2026 13:10||NIFTY27JAN2624300PE,0.14532063253883593
09-01-2026 13:10||NIFTY27JAN2625200CE,0.12323657999443896
09-01-2026 13:10||NIFTY27JAN2625900CE,0.09924541185933108
09-01-2026 13:10||NIFTY27JAN2626100CE,0.09735761402336582
09-01-2026 13:10||NIFTY27JAN2626400CE,0.09866435075640802
09-01-2026 13:15||NIFTY27JAN2624100PE,0.15783249353572593
09-01-2026 13:15||NIFTY27JAN2624400PE,0.13895077305503026
09-01-2026 13:15||NIFTY27JAN2625000PE,0.10847538033637363
09-01-2026 13:15||NIFTY27JAN2625300CE,0.11637239799688898
09-01-2026 13:15||NIFTY27JAN2625700CE,0.10378151014136244
09-01-2026 13:15||NIFTY27JAN2625800CE,0.10169611756123925
09-01-2026 13:15||NIFTY27JAN2625900CE,0.09996146714074244
09-01-2026 13:15||NIFTY27JAN2626100CE,0.09786169983617074
09-01-2026 13:15||NIFTY27JAN2626200CE,0.09762060546054416
09-01-2026 13:20||NIFTY27JAN2624100PE,0.1577936840559287
09-01-2026 13:20||NIFTY27JAN2625000PE,0.10848081923104491
09-01-2026 13:20||NIFTY27JAN2625200CE,0.12035318731947292
09-01-2026 13:20||NIFTY27JAN2625600CE,0.10395103712475168
09-01-2026 13:25||NIFTY27JAN2624500PE,0.13343478102004805
09-01-2026 13:25||NIFTY27JAN2625100PE,0.10519110663270106
09-01-2026 13:25||NIFTY27JAN2625300CE,0.1171180050178533
09-01-2026 13:25||NIFTY27JAN2626200CE,0.09697300262626664
09-01-2026 13:30||NIFTY27JAN2624300PE,0.14626024969953733
09-01-2026 13:30||NIFTY27JAN2624900PE,0.11495078130111518
09-01-2026 13:30||NIFTY27JAN2625900CE,0.09604855337686644
09-01-2026 13:30||NIFTY27JAN2626400CE,0.09740828402932174
09-01-2026 13:35||NIFTY27JAN2623900PE,0.16920388542172468
09-01-2026 13:35||NIFTY27JAN2624100PE,0.15727022729615195
09-01-2026 13:35||NIFTY27JAN2624400PE,0.13918161667355367
09-01-2026 13:35||NIFTY27JAN2624600PE,0.127071269203749
09-01-2026 13:35||NIFTY27JAN2625100PE,0.10480096942716233
09-01-2026 13:35||NIFTY27JAN2625300CE,0.12118404895710035
09-01-2026 13:35||NIFTY27JAN2625400CE,0.11595614078762548
09-01-2026 13:35||NIFTY27JAN2625900CE,0.10046040045087914
09-01-2026 13:35||NIFTY27JAN2626100CE,0.09817163849270663
09-01-2026 13:40||NIFTY27JAN2624500PE,0.13412531554924734
09-01-2026 13:40||NIFTY27JAN2624800PE,0.11904589054232284
09-01-2026 13:40||NIFTY27JAN2625100PE,0.10725206640977616
09-01-2026 13:40||NIFTY27JAN2625300CE,0.1066948398012134
09-01-2026 13:40||NIFTY27JAN2625500CE,0.10126306290282083
09-01-2026 13:40||NIFTY27JAN2626500CE,0.09861999155350074
09-01-2026 13:45||NIFTY27JAN2623900PE,0.16870834685824243
09-01-2026 13:45||NIFTY27JAN2624100PE,0.15661511091505106
09-01-2026 13:45||NIFTY27JAN2624300PE,0.1445568262872443
09-01-2026 13:45||NIFTY27JAN2624400PE,0.13862451974034032
09-01-2026 13:45||NIFTY27JAN2625200CE,0.11513839067114855
09-01-2026 13:45||NIFTY27JAN2626000CE,0.09657223866095262
09-01-2026 13:50||NIFTY27JAN2623800PE,0.17269390638104262
09-01-2026 13:50||NIFTY27JAN2624600PE,0.12796854250519696
09-01-2026 13:50||NIFTY27JAN2624700PE,0.12286792414473562
09-01-2026 13:50||NIFTY27JAN2625400CE,0.10913398167256042
09-01-2026 13:50||NIFTY27JAN2625800CE,0.0985248168710264
09-01-2026 13:50||NIFTY27JAN2626100CE,0.09615755114298291
09-01-2026 13:55||NIFTY27JAN2624000PE,0.16023096054446728
09-01-2026 13:55||NIFTY27JAN2625400CE,0.1163988024140541
09-01-2026 13:55||NIFTY27JAN2625500CE,0.11261056136473226
09-01-2026 13:55||NIFTY27JAN2626400CE,0.10107805814853058
09-01-2026 14:00||NIFTY27JAN2624200PE,0.15098168946852897
09-01-2026 14:00||NIFTY27JAN2624300PE,0.14515074040630238
09-01-2026 14:00||NIFTY27JAN2624400PE,0.1393718153040779
09-01-2026 14:00||NIFTY27JAN2625500CE,0.10541987797188389
09-01-2026 14:00||NIFTY27JAN2625800CE,0.09869049112794129
09-01-2026 14:00||NIFTY27JAN2626000CE,0.09626210824440745
09-01-2026 14:05||NIFTY27JAN2624100PE,0.15677755683620004
09-01-2026 14:05||NIFTY27JAN2624300PE,0.14440440469971966
09-01-2026 14:05||NIFTY27JAN2624400PE,0.13848684747292767
09-01-2026 14:05||NIFTY27JAN2625200CE,0.12405705069700772
09-01-2026 14:05||NIFTY27JAN2625400CE,0.11443242061513989
09-01-2026 14:10||NIFTY27JAN2624300PE,0.14429261793515108
09-01-2026 14:10||NIFTY27JAN2624700PE,0.12262669410247273
09-01-2026 14:10||NIFTY27JAN2625300CE,0.11319864458249165
09-01-2026 14:10||NIFTY27JAN2626300CE,0.09655551499442633
09-01-2026 14:10||NIFTY27JAN2626400CE,0.09700523652135563
09-01-2026 14:10||NIFTY27JAN2626500CE,0.09755344785498263
09-01-2026 14:15||NIFTY27JAN2625500CE,0.10508258903266562
09-01-2026 14:20||NIFTY27JAN2624100PE,0.1563310026679845
09-01-2026 14:20||NIFTY27JAN2624300PE,0.14427225768405783
09-01-2026 14:20||NIFTY27JAN2624400PE,0.13858997125091066
09-01-2026 14:20||NIFTY27JAN2625000PE,0.1088499976544721
09-01-2026 14:20||NIFTY27JAN2625200CE,0.11550782641346219
09-01-2026 14:20||NIFTY27JAN2625400CE,0.1088092607596346
09-01-2026 14:20||NIFTY27JAN2625900CE,0.09754506264358265
09-01-2026 14:25||NIFTY27JAN2624100PE,0.15701857044506853
09-01-2026 14:25||NIFTY27JAN2624200PE,0.15086706908263292
09-01-2026 14:25||NIFTY27JAN2624300PE,0.14471819062059166
09-01-2026 14:25||NIFTY27JAN2625100PE,0.10693100914292554
09-01-2026 14:25||NIFTY27JAN2625300CE,0.11046610971464117
09-01-2026 14:25||NIFTY27JAN2625600CE,0.10049264410182217
09-01-2026 14:30||NIFTY27JAN2624000PE,0.16164107320132912
09-01-2026 14:30||NIFTY27JAN2624200PE,0.1486980347096065
09-01-2026 14:30||NIFTY27JAN2625900CE,0.10039834849715193
09-01-2026 14:30||NIFTY27JAN2626300CE,0.0990574086559644
09-01-2026 14:35||NIFTY27JAN2624200PE,0.1495337489788922
09-01-2026 14:35||NIFTY27JAN2624300PE,0.1434941182535221
09-01-2026 14:35||NIFTY27JAN2624600PE,0.12689331950515306
09-01-2026 14:35||NIFTY27JAN2625800CE,0.1003745005035313
09-01-2026 14:40||NIFTY27JAN2623800PE,0.1756535739878983
09-01-2026 14:40||NIFTY27JAN2625200CE,0.1234512902496544
09-01-2026 14:40||NIFTY27JAN2625600CE,0.10680114561392806
09-01-2026 14:40||NIFTY27JAN2625900CE,0.09978905654709508
09-01-2026 14:40||NIFTY27JAN2626100CE,0.0980482453579846
09-01-2026 14:40||NIFTY27JAN2626400CE,0.10011786611398288
09-01-2026 14:45||NIFTY27JAN2624500PE,0.13251767877711196
09-01-2026 14:45||NIFTY27JAN2624600PE,0.1270765288027744
09-01-2026 14:45||NIFTY27JAN2625300CE,0.11471363148317443
09-01-2026 14:45||NIFTY27JAN2625600CE,0.1046069455152831
09-01-2026 14:50||NIFTY27JAN2623900PE,0.16887516574953867
09-01-2026 14:50||NIFTY27JAN2626000CE,0.09742306504329143
09-01-2026 14:50||NIFTY27JAN2626300CE,0.0978996242672002
09-01-2026 14:55||NIFTY27JAN2623900PE,0.16814076796137123
09-01-2026 14:55||NIFTY27JAN2624000PE,0.16238871747623743
09-01-2026 14:55||NIFTY27JAN2624800PE,0.11737801309987882
09-01-2026 14:55||NIFTY27JAN2625600CE,0.10304181281766353
09-01-2026 14:55||NIFTY27JAN2625900CE,0.09730086352364983
09-01-2026 15:00||NIFTY27JAN2624000PE,0.16181666201291192
09-01-2026 15:00||NIFTY27JAN2624300PE,0.14383002240787376
09-01-2026 15:00||NIFTY27JAN2625400CE,0.11265615691694017
09-01-2026 15:00||NIFTY27JAN2625600CE,0.10568411003343996
09-01-2026 15:00||NIFTY27JAN2625700CE,0.10280670083318491
09-01-2026 15:00||NIFTY27JAN2625800CE,0.10036107966421007
09-01-2026 15:00||NIFTY27JAN2626500CE,0.10094915132796764
09-01-2026 15:05||NIFTY27JAN2624200PE,0.1501594226499897
09-01-2026 15:05||NIFTY27JAN2624300PE,0.14397717845200483
09-01-2026 15:05||NIFTY27JAN2625000PE,0.10762656598096627
09-01-2026 15:05||NIFTY27JAN2625100PE,0.10397424609964712
09-01-2026 15:05||NIFTY27JAN2625600CE,0.10542387144656855
09-01-2026 15:05||NIFTY27JAN2626500CE,0.10059063705794483
09-01-2026 15:10||NIFTY27JAN2623800PE,0.1734219363783122
09-01-2026 15:10||NIFTY27JAN2624000PE,0.1620022963270863
09-01-2026 15:10||NIFTY27JAN2624600PE,0.12690875203723084
09-01-2026 15:10||NIFTY27JAN2625000PE,0.10845508129230617
09-01-2026 15:10||NIFTY27JAN2625100PE,0.10489789754182152
09-01-2026 15:10||NIFTY27JAN2625200CE,0.12089683155502234
09-01-2026 15:10||NIFTY27JAN2626200CE,0.09679772860196091
09-01-2026 15:15||NIFTY27JAN2624200PE,0.15125252324870295
09-01-2026 15:15||NIFTY27JAN2624300PE,0.1451285393864935
09-01-2026 15:15||NIFTY27JAN2624500PE,0.13352016152549107
09-01-2026 15:15||NIFTY27JAN2624700PE,0.12320433340874806
09-01-2026 15:15||NIFTY27JAN2624900PE,0.11437961021073967
09-01-2026 15:15||NIFTY27JAN2625200CE,0.11614294697302731
09-01-2026 15:15||NIFTY27JAN2625900CE,0.09659824604648978
09-01-2026 15:15||NIFTY27JAN2626000CE,0.09580414546979088
09-01-2026 15:20||NIFTY27JAN2623800PE,0.17466320753701547
09-01-2026 15:20||NIFTY27JAN2624700PE,0.12375390427031356
09-01-2026 15:20||NIFTY27JAN2625100PE,0.10659960644514774
09-01-2026 15:20||NIFTY27JAN2625200CE,0.12236314145501241
09-01-2026 15:20||NIFTY27JAN2625300CE,0.11612949075971932
09-01-2026 15:20||NIFTY27JAN2625600CE,0.10488268157190116
09-01-2026 15:20||NIFTY27JAN2625800CE,0.1002525318216814
09-01-2026 15:20||NIFTY27JAN2626100CE,0.09721513314491181
09-01-2026 15:25||NIFTY27JAN2624100PE,0.1582143854130584
09-01-2026 15:25||NIFTY27JAN2624200PE,0.15227066393813216
09-01-2026 15:25||NIFTY27JAN2624400PE,0.14044381611964693
09-01-2026 15:25||NIFTY27JAN2625500CE,0.1159082243352884
09-01-2026 15:25||NIFTY27JAN2626000CE,0.10161740138920856
09-01-2026 15:25||NIFTY27JAN2626100CE,0.10038113653108655
12-01-2026 09:15||NIFTY27JAN2624000PE,0.1759734565099309
12-01-2026 09:15||NIFTY27JAN2624900PE,0.1242962142868417
12-01-2026 09:15||NIFTY27JAN2625200CE,0.11945638941659914
12-01-2026 09:15||NIFTY27JAN2626000CE,0.10212328783666982
12-01-2026 09:15||NIFTY27JAN2626100CE,0.10209353600372437
12-01-2026 09:20||NIFTY27JAN2624200PE,0.16303848577443167
12-01-2026 09:20||NIFTY27JAN2624600PE,0.13850635201004635
12-01-2026 09:20||NIFTY27JAN2624800PE,0.12821161163859282
12-01-2026 09:20||NIFTY27JAN2625000PE,0.11992067423216357
12-01-2026 09:20||NIFTY27JAN2625100PE,0.11653575099973379
12-01-2026 09:20||NIFTY27JAN2625200CE,0.1262161245077695
12-01-2026 09:20||NIFTY27JAN2625600CE,0.11305230486952621
12-01-2026 09:20||NIFTY27JAN2625800CE,0.10943499886243238
12-01-2026 09:25||NIFTY27JAN2624700PE,0.13249485189194787
12-01-2026 09:25||NIFTY27JAN2625800CE,0.11384273582209192
12-01-2026 09:25||NIFTY27JAN2626200CE,0.11291514193940821
12-01-2026 09:30||NIFTY27JAN2623900PE,0.18086951933141548
12-01-2026 09:30||NIFTY27JAN2624000PE,0.17461918617599764
12-01-2026 09:30||NIFTY27JAN2624400PE,0.14871848599503087
12-01-2026 09:30||NIFTY27JAN2625200CE,0.1397094536467998
12-01-2026 09:30||NIFTY27JAN2625600CE,0.12308752744829003
12-01-2026 09:30||NIFTY27JAN2625800CE,0.11667978300040419
12-01-2026 09:30||NIFTY27JAN2626000CE,0.11418259148428153
12-01-2026 09:35||NIFTY27JAN2623900PE,0.179498658554807
12-01-2026 09:35||NIFTY27JAN2624500PE,0.14258671228550857
12-01-2026 09:35||NIFTY27JAN2624600PE,0.13702425998589873
12-01-2026 09:35||NIFTY27JAN2624700PE,0.13164740822569237
12-01-2026 09:35||NIFTY27JAN2625000PE,0.11690168511944153
12-01-2026 09:35||NIFTY27JAN2625700CE,0.11774515071134807
12-01-2026 09:35||NIFTY27JAN2625800CE,0.11486972515428814
12-01-2026 09:35||NIFTY27JAN2625900CE,0.1137619192832896
12-01-2026 09:35||NIFTY27JAN2626200CE,0.11310400761884601
12-01-2026 09:35||NIFTY27JAN2626500CE,0.12001613926391791
12-01-2026 09:40||NIFTY27JAN2623900PE,0.18043266767062588
12-01-2026 09:40||NIFTY27JAN2624600PE,0.13898268095975833
12-01-2026 09:40||NIFTY27JAN2624700PE,0.13355935989809337
12-01-2026 09:40||NIFTY27JAN2625200CE,0.13435350114359323
12-01-2026 09:40||NIFTY27JAN2625400CE,0.1242891237131094
12-01-2026 09:45||NIFTY27JAN2623900PE,0.1808841580179382
12-01-2026 09:45||NIFTY27JAN2624800PE,0.12593735310272797
12-01-2026 09:45||NIFTY27JAN2625000PE,0.11558910413551163
12-01-2026 09:45||NIFTY27JAN2626400CE,0.11780735614802544
12-01-2026 09:45||NIFTY27JAN2626500CE,0.12127032925814002
12-01-2026 09:50||NIFTY27JAN2625000PE,0.11913269005923836
12-01-2026 09:50||NIFTY27JAN2625400CE,0.12708440316102493
12-01-2026 09:50||NIFTY27JAN2625900CE,0.11187125053817827
12-01-2026 09:50||NIFTY27JAN2626000CE,0.11077855281188961
12-01-2026 09:55||NIFTY27JAN2623800PE,0.18883813781978653
12-01-2026 09:55||NIFTY27JAN2625000PE,0.12037545829424745
12-01-2026 09:55||NIFTY27JAN2625100PE,0.11607937524380296
12-01-2026 09:55||NIFTY27JAN2625400CE,0.11745033041048727
12-01-2026 09:55||NIFTY27JAN2625700CE,0.10931761255442352
12-01-2026 09:55||NIFTY27JAN2625900CE,0.10729435108918563
12-01-2026 09:55||NIFTY27JAN2626200CE,0.10841946793598188
12-01-2026 09:55||NIFTY27JAN2626400CE,0.11303923284448131
12-01-2026 10:00||NIFTY27JAN2624800PE,0.12512833297439954
12-01-2026 10:00||NIFTY27JAN2625200CE,0.1407326601485112
12-01-2026 10:00||NIFTY27JAN2625700CE,0.12007199749904604
12-01-2026 10:00||NIFTY27JAN2626100CE,0.11324885297384837
12-01-2026 10:00||NIFTY27JAN2626200CE,0.11371207988008658
12-01-2026 10:05||NIFTY27JAN2623900PE,0.1825415554661296
12-01-2026 10:05||NIFTY27JAN2624300PE,0.15743005908600022
12-01-2026 10:05||NIFTY27JAN2624600PE,0.13957342557341215
12-01-2026 10:05||NIFTY27JAN2624700PE,0.1338789170452553
12-01-2026 10:05||NIFTY27JAN2624800PE,0.12860846534377596
12-01-2026 10:05||NIFTY27JAN2625100PE,0.11275181655776811
12-01-2026 10:10||NIFTY27JAN2624000PE,0.17498017722845455
12-01-2026 10:10||NIFTY27JAN2624100PE,0.16881312254501918
12-01-2026 10:10||NIFTY27JAN2624900PE,0.12270336519621765
12-01-2026 10:10||NIFTY27JAN2625600CE,0.11624166970265642
12-01-2026 10:10||NIFTY27JAN2626300CE,0.1127675651553591
12-01-2026 10:10||NIFTY27JAN2626400CE,0.11526066660675367
12-01-2026 10:15||NIFTY27JAN2623800PE,0.18691883825106934
12-01-2026 10:15||NIFTY27JAN2624500PE,0.14203776624145686
12-01-2026 10:15||NIFTY27JAN2624800PE,0.12455823088630923
12-01-2026 10:15||NIFTY27JAN2625000PE,0.1148502456645703
12-01-2026 10:15||NIFTY27JAN2625100PE,0.11051212539142297
12-01-2026 10:15||NIFTY27JAN2626200CE,0.11262972879359517
12-01-2026 10:15||NIFTY27JAN2626400CE,0.1154059881919801
12-01-2026 10:15||NIFTY27JAN2626500CE,0.11856422835972755
12-01-2026 10:20||NIFTY27JAN2624200PE,0.16336448934943493
12-01-2026 10:20||NIFTY27JAN2624800PE,0.12755403062640397
12-01-2026 10:20||NIFTY27JAN2624900PE,0.1222687503348639
12-01-2026 10:20||NIFTY27JAN2625200CE,0.13479981422727563
12-01-2026 10:20||NIFTY27JAN2626500CE,0.1169709032826329
12-01-2026 10:25||NIFTY27JAN2623800PE,0.18819013045749503
12-01-2026 10:25||NIFTY27JAN2624300PE,0.15631160131567476
12-01-2026 10:25||NIFTY27JAN2624400PE,0.15010571199826603
12-01-2026 10:25||NIFTY27JAN2624900PE,0.12122166815426827
12-01-2026 10:25||NIFTY27JAN2625200CE,0.14396383805207202
12-01-2026 10:25||NIFTY27JAN2625800CE,0.11324430481372375
12-01-2026 10:25||NIFTY27JAN2625900CE,0.1112806948950199
12-01-2026 10:25||NIFTY27JAN2626000CE,0.10998851036604237
12-01-2026 10:30||NIFTY27JAN2624500PE,0.14499652415908867
12-01-2026 10:30||NIFTY27JAN2625200CE,0.13263623566553256
12-01-2026 10:30||NIFTY27JAN2625800CE,0.10924122405058187
12-01-2026 10:30||NIFTY27JAN2626200CE,0.1079814281393346
12-01-2026 10:35||NIFTY27JAN2624600PE,0.1377759410769125
12-01-2026 10:35||NIFTY27JAN2625400CE,0.12383509920289879
12-01-2026 10:35||NIFTY27JAN2625700CE,0.11319531115128
12-01-2026 10:35||NIFTY27JAN2626400CE,0.11347409913794831
12-01-2026 10:40||NIFTY27JAN2625000PE,0.11719446925721604
12-01-2026 10:40||NIFTY27JAN2625100PE,0.1127613828206893
12-01-2026 10:40||NIFTY27JAN2625300CE,0.1295727425112755
12-01-2026 10:40||NIFTY27JAN2625400CE,0.12377095239079329
12-01-2026 10:40||NIFTY27JAN2625500CE,0.11888246056474107
12-01-2026 10:40||NIFTY27JAN2626400CE,0.1127765004569207
12-01-2026 10:45||NIFTY27JAN2624400PE,0.14904040336501462
12-01-2026 10:45||NIFTY27JAN2625000PE,0.11543084443293741
12-01-2026 10:45||NIFTY27JAN2626000CE,0.1100187320822486
12-01-2026 10:45||NIFTY27JAN2626200CE,0.11075459844632754
12-01-2026 10:45||NIFTY27JAN2626300CE,0.11238282123576301
12-01-2026 10:50||NIFTY27JAN2623900PE,0.18315128708865036
12-01-2026 10:50||NIFTY27JAN2624900PE,0.12337848372054815
12-01-2026 10:50||NIFTY27JAN2625500CE,0.11241693386011985
12-01-2026 10:50||NIFTY27JAN2625600CE,0.11023911324860498
12-01-2026 10:50||NIFTY27JAN2626200CE,0.10622393774535438
12-01-2026 10:55||NIFTY27JAN2624000PE,0.17520097048956032
12-01-2026 10:55||NIFTY27JAN2624300PE,0.15615539261976313
12-01-2026 10:55||NIFTY27JAN2624400PE,0.14993818650583995
12-01-2026 10:55||NIFTY27JAN2624900PE,0.12181339535961862
12-01-2026 10:55||NIFTY27JAN2625100PE,0.11319361383355453
12-01-2026 10:55||NIFTY27JAN2625500CE,0.1170290150742724
12-01-2026 10:55||NIFTY27JAN2626200CE,0.10836349142642036
12-01-2026 10:55||NIFTY27JAN2626400CE,0.11299601602095648
12-01-2026 11:00||NIFTY27JAN2623800PE,0.1876761462433706
12-01-2026 11:00||NIFTY27JAN2624000PE,0.17455844205041962
12-01-2026 11:00||NIFTY27JAN2624500PE,0.1425044868561986
12-01-2026 11:00||NIFTY27JAN2624800PE,0.1261278775485296
12-01-2026 11:00||NIFTY27JAN2624900PE,0.12122127024756665
12-01-2026 11:00||NIFTY27JAN2625000PE,0.11675067711443013
12-01-2026 11:00||NIFTY27JAN2625200CE,0.13071114544536247
12-01-2026 11:00||NIFTY27JAN2625400CE,0.12242463277295454
12-01-2026 11:00||NIFTY27JAN2625600CE,0.11567486144409744
12-01-2026 11:00||NIFTY27JAN2626000CE,0.1084831862045521
12-01-2026 11:00||NIFTY27JAN2626300CE,0.11158005171819933
12-01-2026 11:05||NIFTY27JAN2624100PE,0.16705271595131396
12-01-2026 11:05||NIFTY27JAN2624700PE,0.13033681819173476
12-01-2026 11:05||NIFTY27JAN2625200CE,0.13227672953022596
12-01-2026 11:05||NIFTY27JAN2625500CE,0.1199053686970173
12-01-2026 11:05||NIFTY27JAN2625600CE,0.11658855512809845
12-01-2026 11:05||NIFTY27JAN2625700CE,0.113851166553976
12-01-2026 11:10||NIFTY27JAN2624400PE,0.1488245495746464
12-01-2026 11:10||NIFTY27JAN2624500PE,0.14278802540411434
12-01-2026 11:10||NIFTY27JAN2625200CE,0.12790549742898777
12-01-2026 11:10||NIFTY27JAN2625800CE,0.10898981943745474
12-01-2026 11:10||NIFTY27JAN2626000CE,0.10702467692310498
12-01-2026 11:15||NIFTY27JAN2625400CE,0.11864840868328883
12-01-2026 11:15||NIFTY27JAN2625700CE,0.11094914364099687
12-01-2026 11:15||NIFTY27JAN2625800CE,0.1094429743355452
12-01-2026 11:20||NIFTY27JAN2624800PE,0.12396024260044106
12-01-2026 11:20||NIFTY27JAN2626400CE,0.11641513979858131
12-01-2026 11:25||NIFTY27JAN2623800PE,0.18279866403038936
12-01-2026 11:25||NIFTY27JAN2624200PE,0.15752261784108731
12-01-2026 11:25||NIFTY27JAN2624300PE,0.15140610109040792
12-01-2026 11:25||NIFTY27JAN2624700PE,0.1285321667765652
12-01-2026 11:25||NIFTY27JAN2625400CE,0.1206384181238056
12-01-2026 11:30||NIFTY27JAN2623900PE,0.17627485788062158
12-01-2026 11:30||NIFTY27JAN2624000PE,0.17037526851019918
12-01-2026 11:35||NIFTY27JAN2624200PE,0.15708687175411687
12-01-2026 11:35||NIFTY27JAN2624400PE,0.14518295593665811
12-01-2026 11:35||NIFTY27JAN2624700PE,0.12848065482485455
12-01-2026 11:35||NIFTY27JAN2624900PE,0.1192805621080419
12-01-2026 11:35||NIFTY27JAN2625300CE,0.12404561579627608
12-01-2026 11:35||NIFTY27JAN2625600CE,0.11500656750632095
12-01-2026 11:35||NIFTY27JAN2625800CE,0.11133727418796857
12-01-2026 11:40||NIFTY27JAN2624300PE,0.15161280595226195
12-01-2026 11:40||NIFTY27JAN2624400PE,0.14580987897216768
12-01-2026 11:40||NIFTY27JAN2625000PE,0.11558221548520974
12-01-2026 11:40||NIFTY27JAN2625200CE,0.1282537132678642
12-01-2026 11:40||NIFTY27JAN2625300CE,0.12359539245192802
12-01-2026 11:50||NIFTY27JAN2624700PE,0.12815580795603534
12-01-2026 11:50||NIFTY27JAN2625600CE,0.11570334864770045
12-01-2026 11:50||NIFTY27JAN2625800CE,0.11192328071605141
12-01-2026 11:50||NIFTY27JAN2625900CE,0.11107942006277687
12-01-2026 11:55||NIFTY27JAN2624000PE,0.16953176443412768
12-01-2026 11:55||NIFTY27JAN2624900PE,0.1186176533621514
12-01-2026 11:55||NIFTY27JAN2625100PE,0.11075077025774309
12-01-2026 11:55||NIFTY27JAN2625700CE,0.1137653047532476
12-01-2026 11:55||NIFTY27JAN2626000CE,0.11078889097124386
12-01-2026 11:55||NIFTY27JAN2626500CE,0.12155533179885769
12-01-2026 12:00||NIFTY27JAN2624100PE,0.16322635396739227
12-01-2026 12:00||NIFTY27JAN2624900PE,0.11871129978826592
12-01-2026 12:00||NIFTY27JAN2625100PE,0.11119332543725274
12-01-2026 12:00||NIFTY27JAN2625900CE,0.11008328711304016
12-01-2026 12:05||NIFTY27JAN2624000PE,0.16956876811700186
12-01-2026 12:05||NIFTY27JAN2624900PE,0.11752473304911003
12-01-2026 12:05||NIFTY27JAN2625500CE,0.11895115318339194
12-01-2026 12:05||NIFTY27JAN2625800CE,0.11192981999568077
12-01-2026 12:05||NIFTY27JAN2626000CE,0.110319418090565
12-01-2026 12:10||NIFTY27JAN2623800PE,0.18353673427055248
12-01-2026 12:10||NIFTY27JAN2624200PE,0.1563637566324537
12-01-2026 12:10||NIFTY27JAN2624700PE,0.12453545601928712
12-01-2026 12:10||NIFTY27JAN2624800PE,0.11898868792400732
12-01-2026 12:10||NIFTY27JAN2625000PE,0.10896273072381535
12-01-2026 12:10||NIFTY27JAN2625800CE,0.1196080591508202
12-01-2026 12:15||NIFTY27JAN2625100PE,0.10805129180235766
12-01-2026 12:15||NIFTY27JAN2625900CE,0.11424120639071829
12-01-2026 12:15||NIFTY27JAN2626200CE,0.11286906762627724
12-01-2026 12:20||NIFTY27JAN2624400PE,0.1488749058023635
12-01-2026 12:20||NIFTY27JAN2624700PE,0.13045295195757317
12-01-2026 12:20||NIFTY27JAN2625100PE,0.10887161588021944
12-01-2026 12:20||NIFTY27JAN2625300CE,0.14416327783940203
12-01-2026 12:20||NIFTY27JAN2625500CE,0.13263708346786734
12-01-2026 12:20||NIFTY27JAN2626400CE,0.11711359811304657
12-01-2026 12:25||NIFTY27JAN2624800PE,0.12917498214873954
12-01-2026 12:25||NIFTY27JAN2625200CE,0.13537975768947585
12-01-2026 12:25||NIFTY27JAN2626300CE,0.11204585487131659
12-01-2026 12:30||NIFTY27JAN2623800PE,0.1889309502776072
12-01-2026 12:30||NIFTY27JAN2624800PE,0.12982766148415137
12-01-2026 12:30||NIFTY27JAN2624900PE,0.12499974205059913
12-01-2026 12:30||NIFTY27JAN2625500CE,0.13329937253681684
12-01-2026 12:30||NIFTY27JAN2625700CE,0.12448293031484964
12-01-2026 12:30||NIFTY27JAN2626500CE,0.11820719387390996
12-01-2026 12:35||NIFTY27JAN2624300PE,0.1621842703355162
12-01-2026 12:35||NIFTY27JAN2624600PE,0.14457741608930194
12-01-2026 12:35||NIFTY27JAN2624900PE,0.1288575912652707
12-01-2026 12:35||NIFTY27JAN2625100PE,0.1188459637766199
12-01-2026 12:35||NIFTY27JAN2626000CE,0.11058653830682706
12-01-2026 12:35||NIFTY27JAN2626300CE,0.11136603623583316
12-01-2026 12:40||NIFTY27JAN2624300PE,0.15899670285314443
12-01-2026 12:40||NIFTY27JAN2624400PE,0.15287866273499856
12-01-2026 12:40||NIFTY27JAN2624500PE,0.1466626415336347
12-01-2026 12:40||NIFTY27JAN2625000PE,0.11903739334127521
12-01-2026 12:40||NIFTY27JAN2625300CE,0.14794087986328536
12-01-2026 12:40||NIFTY27JAN2625500CE,0.13694075670834605
12-01-2026 12:40||NIFTY27JAN2626000CE,0.11949139727629196
12-01-2026 12:40||NIFTY27JAN2626200CE,0.11712079437798473
12-01-2026 12:45||NIFTY27JAN2624300PE,0.16440307769482826
12-01-2026 12:45||NIFTY27JAN2624500PE,0.15215276563333563
12-01-2026 12:45||NIFTY27JAN2624800PE,0.13487238121594303
12-01-2026 12:45||NIFTY27JAN2625000PE,0.12537547931830223
12-01-2026 12:45||NIFTY27JAN2625300CE,0.12842721624418837
12-01-2026 12:45||NIFTY27JAN2625700CE,0.11474975272828997
12-01-2026 12:45||NIFTY27JAN2625800CE,0.11240000097931925
12-01-2026 12:45||NIFTY27JAN2626000CE,0.10965619278522054
12-01-2026 12:45||NIFTY27JAN2626200CE,0.10924511419492729
12-01-2026 12:45||NIFTY27JAN2626400CE,0.11171674436060781
12-01-2026 12:50||NIFTY27JAN2624500PE,0.15099944837394944
12-01-2026 12:50||NIFTY27JAN2625300CE,0.1367293409152915
12-01-2026 12:50||NIFTY27JAN2625800CE,0.11916848322431747
12-01-2026 12:55||NIFTY27JAN2624500PE,0.15100789038153623
12-01-2026 12:55||NIFTY27JAN2624600PE,0.1452886612549816
12-01-2026 12:55||NIFTY27JAN2624700PE,0.1396284108431576
12-01-2026 12:55||NIFTY27JAN2625000PE,0.12399196137218955
12-01-2026 12:55||NIFTY27JAN2625400CE,0.13029230161254127
12-01-2026 12:55||NIFTY27JAN2625900CE,0.11291229112144643
12-01-2026 12:55||NIFTY27JAN2626200CE,0.11121230304879612
12-01-2026 13:00||NIFTY27JAN2624200PE,0.1676302837600821
12-01-2026 13:00||NIFTY27JAN2624500PE,0.14962921115920624
12-01-2026 13:00||NIFTY27JAN2624600PE,0.14363932235932567
12-01-2026 13:00||NIFTY27JAN2625500CE,0.12736718051878837
12-01-2026 13:00||NIFTY27JAN2626000CE,0.11467401637096339
12-01-2026 13:00||NIFTY27JAN2626100CE,0.11352405087545489
12-01-2026 13:00||NIFTY27JAN2626300CE,0.11295893477437768
12-01-2026 13:00||NIFTY27JAN2626500CE,0.11564338124447654
12-01-2026 13:05||NIFTY27JAN2623900PE,0.1861814051267195
12-01-2026 13:05||NIFTY27JAN2624200PE,0.16810994238164223
12-01-2026 13:05||NIFTY27JAN2624500PE,0.14960496718761285
12-01-2026 13:05||NIFTY27JAN2624900PE,0.12777568038022133
12-01-2026 13:05||NIFTY27JAN2625300CE,0.14027251314700762
12-01-2026 13:05||NIFTY27JAN2625500CE,0.130264080040666
12-01-2026 13:05||NIFTY27JAN2626400CE,0.11487256419663076
12-01-2026 13:10||NIFTY27JAN2624700PE,0.13838803200036787
12-01-2026 13:10||NIFTY27JAN2624800PE,0.13313500059115402
12-01-2026 13:10||NIFTY27JAN2626400CE,0.11278757301137401
12-01-2026 13:15||NIFTY27JAN2623800PE,0.19049099437761424
12-01-2026 13:15||NIFTY27JAN2624500PE,0.1513449038344033
12-01-2026 13:15||NIFTY27JAN2624700PE,0.14002872767525942
12-01-2026 13:15||NIFTY27JAN2624800PE,0.13492478161225271
12-01-2026 13:15||NIFTY27JAN2625100PE,0.12166560631088891
12-01-2026 13:15||NIFTY27JAN2625500CE,0.11717515457814143
12-01-2026 13:15||NIFTY27JAN2625800CE,0.10998549877076041
12-01-2026 13:15||NIFTY27JAN2626100CE,0.10709265518490196
12-01-2026 13:15||NIFTY27JAN2626300CE,0.1081309058988145
12-01-2026 13:15||NIFTY27JAN2626400CE,0.10950549927913603
12-01-2026 13:20||NIFTY27JAN2624200PE,0.1671647363744264
12-01-2026 13:20||NIFTY27JAN2624300PE,0.16131568916460964
12-01-2026 13:20||NIFTY27JAN2625000PE,0.12248320382717658
12-01-2026 13:20||NIFTY27JAN2625200CE,0.13867421208412015
12-01-2026 13:20||NIFTY27JAN2625500CE,0.12620943511404253
12-01-2026 13:20||NIFTY27JAN2626200CE,0.11092765950209779
12-01-2026 13:20||NIFTY27JAN2626500CE,0.11401927678546082
12-01-2026 13:25||NIFTY27JAN2624300PE,0.1622584693985576
12-01-2026 13:25||NIFTY27JAN2624500PE,0.15085886856707348
12-01-2026 13:25||NIFTY27JAN2624600PE,0.14521725434242533
12-01-2026 13:25||NIFTY27JAN2624800PE,0.13469121741832688
12-01-2026 13:25||NIFTY27JAN2625500CE,0.1170734011869843
12-01-2026 13:25||NIFTY27JAN2625800CE,0.1099917494017881
12-01-2026 13:25||NIFTY27JAN2626000CE,0.10774984307286879
12-01-2026 13:25||NIFTY27JAN2626400CE,0.11005181022035435
12-01-2026 13:25||NIFTY27JAN2626500CE,0.11125581004491965
12-01-2026 13:30||NIFTY27JAN2623900PE,0.18378221272320325
12-01-2026 13:30||NIFTY27JAN2624400PE,0.15448286395996438
12-01-2026 13:30||NIFTY27JAN2624800PE,0.13098651082580415
12-01-2026 13:30||NIFTY27JAN2624900PE,0.12586184922345012
12-01-2026 13:30||NIFTY27JAN2625100PE,0.11656740958893784
12-01-2026 13:30||NIFTY27JAN2625300CE,0.15079091830894809
12-01-2026 13:30||NIFTY27JAN2625500CE,0.13787604101550544
12-01-2026 13:30||NIFTY27JAN2625600CE,0.13185355755365324
12-01-2026 13:30||NIFTY27JAN2625700CE,0.12685490968555707
12-01-2026 13:35||NIFTY27JAN2624700PE,0.140177438386886
12-01-2026 13:35||NIFTY27JAN2624900PE,0.12975173584137484
12-01-2026 13:35||NIFTY27JAN2625500CE,0.12053999687733831
12-01-2026 13:35||NIFTY27JAN2625600CE,0.11745151558923778
12-01-2026 13:35||NIFTY27JAN2625900CE,0.11118449836951737
12-01-2026 13:40||NIFTY27JAN2623900PE,0.18644244887621175
12-01-2026 13:40||NIFTY27JAN2624000PE,0.1808127964729751
12-01-2026 13:40||NIFTY27JAN2624100PE,0.1751228875157073
12-01-2026 13:40||NIFTY27JAN2624800PE,0.13483833395302428
12-01-2026 13:40||NIFTY27JAN2624900PE,0.12998254554094665
12-01-2026 13:40||NIFTY27JAN2625200CE,0.1393264646730246
12-01-2026 13:40||NIFTY27JAN2625400CE,0.12593651153548532
12-01-2026 13:40||NIFTY27JAN2626100CE,0.10742186773012495
12-01-2026 13:40||NIFTY27JAN2626200CE,0.10749777572078074
12-01-2026 13:45||NIFTY27JAN2623800PE,0.19293923858945297
12-01-2026 13:45||NIFTY27JAN2623900PE,0.187372818916675
12-01-2026 13:45||NIFTY27JAN2624600PE,0.14471876039946785
12-01-2026 13:45||NIFTY27JAN2625100PE,0.1200013692007213
12-01-2026 13:50||NIFTY27JAN2624200PE,0.1694825757939381
12-01-2026 13:50||NIFTY27JAN2625200CE,0.14308945196897205
12-01-2026 13:50||NIFTY27JAN2625300CE,0.13614878330856822
12-01-2026 13:50||NIFTY27JAN2625400CE,0.13045679540361046
12-01-2026 13:50||NIFTY27JAN2626200CE,0.10888832199626376
12-01-2026 13:55||NIFTY27JAN2623800PE,0.19475171832486357
12-01-2026 13:55||NIFTY27JAN2624000PE,0.18285764342758162
12-01-2026 13:55||NIFTY27JAN2624100PE,0.17676811905304754
12-01-2026 13:55||NIFTY27JAN2624700PE,0.14026263691109983
12-01-2026 13:55||NIFTY27JAN2624900PE,0.1297460569074667
12-01-2026 13:55||NIFTY27JAN2626100CE,0.10784002872763473
12-01-2026 13:55||NIFTY27JAN2626400CE,0.10913956244788886
12-01-2026 14:00||NIFTY27JAN2624000PE,0.1820011032996911
12-01-2026 14:00||NIFTY27JAN2624400PE,0.15795426614250802
12-01-2026 14:00||NIFTY27JAN2624500PE,0.15189782700161908
12-01-2026 14:00||NIFTY27JAN2624600PE,0.14586781649705147
12-01-2026 14:00||NIFTY27JAN2625000PE,0.12430781034276736
12-01-2026 14:00||NIFTY27JAN2625400CE,0.12264893061839649
12-01-2026 14:00||NIFTY27JAN2625600CE,0.11642814940562264
12-01-2026 14:00||NIFTY27JAN2625700CE,0.11339217294248966
12-01-2026 14:00||NIFTY27JAN2626300CE,0.10801731734423009
12-01-2026 14:00||NIFTY27JAN2626400CE,0.10920340734765227
12-01-2026 14:05||NIFTY27JAN2624400PE,0.15721153583962572
12-01-2026 14:05||NIFTY27JAN2624600PE,0.14495470073851197
12-01-2026 14:05||NIFTY27JAN2624800PE,0.13333329472110672
12-01-2026 14:05||NIFTY27JAN2625800CE,0.11521810649390181
12-01-2026 14:05||NIFTY27JAN2626000CE,0.11094019711826054
12-01-2026 14:05||NIFTY27JAN2626200CE,0.10908588053066931
12-01-2026 14:05||NIFTY27JAN2626400CE,0.1088842378476495
12-01-2026 14:05||NIFTY27JAN2626500CE,0.1093659653282651
12-01-2026 14:10||NIFTY27JAN2624100PE,0.17668665297163233
12-01-2026 14:10||NIFTY27JAN2624600PE,0.14639094043172032
12-01-2026 14:10||NIFTY27JAN2624800PE,0.13490604338378026
12-01-2026 14:10||NIFTY27JAN2625200CE,0.1356153652638334
12-01-2026 14:10||NIFTY27JAN2625500CE,0.11776606103641589
12-01-2026 14:10||NIFTY27JAN2626400CE,0.10777061153491391
12-01-2026 14:15||NIFTY27JAN2624100PE,0.17527823741856458
12-01-2026 14:15||NIFTY27JAN2624200PE,0.16914445845826134
12-01-2026 14:15||NIFTY27JAN2624900PE,0.12849850912283414
12-01-2026 14:15||NIFTY27JAN2625800CE,0.11204398217266565
12-01-2026 14:20||NIFTY27JAN2624400PE,0.15637151326680948
12-01-2026 14:20||NIFTY27JAN2624500PE,0.15008222030033
12-01-2026 14:20||NIFTY27JAN2624600PE,0.14389483617994114
12-01-2026 14:20||NIFTY27JAN2625000PE,0.12116035006811017
12-01-2026 14:20||NIFTY27JAN2625200CE,0.15013026479396485
12-01-2026 14:20||NIFTY27JAN2625700CE,0.12276650409395427
12-01-2026 14:20||NIFTY27JAN2626200CE,0.11121661959357546
12-01-2026 14:20||NIFTY27JAN2626500CE,0.11318466024698509
12-01-2026 14:25||NIFTY27JAN2623900PE,0.188177475067141
12-01-2026 14:25||NIFTY27JAN2624200PE,0.17075871464823209
12-01-2026 14:25||NIFTY27JAN2624500PE,0.1526337502248098
12-01-2026 14:25||NIFTY27JAN2624600PE,0.14656217705911329
12-01-2026 14:25||NIFTY27JAN2626300CE,0.10665519277478831
12-01-2026 14:25||NIFTY27JAN2626500CE,0.10965179885866738
12-01-2026 14:30||NIFTY27JAN2623900PE,0.1880871643558616
12-01-2026 14:30||NIFTY27JAN2624200PE,0.17076601148186088
12-01-2026 14:30||NIFTY27JAN2625200CE,0.12562301215560398
12-01-2026 14:30||NIFTY27JAN2625700CE,0.10908906811319086
12-01-2026 14:30||NIFTY27JAN2626200CE,0.10468604877569143
12-01-2026 14:35||NIFTY27JAN2624500PE,0.14919289503451558
12-01-2026 14:35||NIFTY27JAN2625100PE,0.11648982533245994
12-01-2026 14:35||NIFTY27JAN2625900CE,0.11599411825656945
12-01-2026 14:35||NIFTY27JAN2626000CE,0.11380174572585773
12-01-2026 14:35||NIFTY27JAN2626100CE,0.11213092557411977
12-01-2026 14:35||NIFTY27JAN2626400CE,0.11113716744571281
12-01-2026 14:35||NIFTY27JAN2626500CE,0.11278707769246431
12-01-2026 14:40||NIFTY27JAN2624100PE,0.17609802873579566
12-01-2026 14:40||NIFTY27JAN2624300PE,0.16382986479597605
12-01-2026 14:40||NIFTY27JAN2624500PE,0.15178308451629605
12-01-2026 14:40||NIFTY27JAN2625100PE,0.11930528088556835
12-01-2026 14:40||NIFTY27JAN2625300CE,0.13443601312643524
12-01-2026 14:40||NIFTY27JAN2625600CE,0.11950952355914879
12-01-2026 14:40||NIFTY27JAN2626400CE,0.10905375696087213
12-01-2026 14:45||NIFTY27JAN2624000PE,0.18259195961620672
12-01-2026 14:45||NIFTY27JAN2624600PE,0.14678043698837379
12-01-2026 14:45||NIFTY27JAN2625000PE,0.12461704255874947
12-01-2026 14:45||NIFTY27JAN2625300CE,0.1277731495804243
12-01-2026 14:45||NIFTY27JAN2625500CE,0.11873705160350773
12-01-2026 14:45||NIFTY27JAN2626000CE,0.10709343406189989
12-01-2026 14:45||NIFTY27JAN2626100CE,0.10636422446374127
12-01-2026 14:45||NIFTY27JAN2626200CE,0.10606914250554184
12-01-2026 14:45||NIFTY27JAN2626500CE,0.10882119126338059
12-01-2026 14:50||NIFTY27JAN2624000PE,0.18283656519940156
12-01-2026 14:50||NIFTY27JAN2624400PE,0.1581246607825694
12-01-2026 14:50||NIFTY27JAN2624800PE,0.13409180031906953
12-01-2026 14:50||NIFTY27JAN2625100PE,0.11846976932878811
12-01-2026 14:50||NIFTY27JAN2625600CE,0.12157082601693994
12-01-2026 14:50||NIFTY27JAN2626000CE,0.10947806019551048
12-01-2026 14:50||NIFTY27JAN2626300CE,0.10713039678329729
12-01-2026 14:50||NIFTY27JAN2626400CE,0.10785085269549222
12-01-2026 14:55||NIFTY27JAN2624300PE,0.16442717858024092
12-01-2026 14:55||NIFTY27JAN2624500PE,0.15204406425006958
12-01-2026 14:55||NIFTY27JAN2624700PE,0.13996791556474913
12-01-2026 14:55||NIFTY27JAN2624900PE,0.1290329092833083
12-01-2026 14:55||NIFTY27JAN2625100PE,0.1191193175719048
12-01-2026 14:55||NIFTY27JAN2626200CE,0.10710634534451581
12-01-2026 15:00||NIFTY27JAN2623800PE,0.19580926472371601
12-01-2026 15:00||NIFTY27JAN2623900PE,0.1895452942491555
12-01-2026 15:00||NIFTY27JAN2624300PE,0.16428931591564122
12-01-2026 15:00||NIFTY27JAN2624700PE,0.1398237502677105
12-01-2026 15:00||NIFTY27JAN2624800PE,0.1343334300388464
12-01-2026 15:00||NIFTY27JAN2626000CE,0.10808432851372579
12-01-2026 15:00||NIFTY27JAN2626100CE,0.10672493999743715
12-01-2026 15:05||NIFTY27JAN2623800PE,0.1946879147910514
12-01-2026 15:05||NIFTY27JAN2624200PE,0.1715744933915837
12-01-2026 15:05||NIFTY27JAN2624300PE,0.16523046622144877
12-01-2026 15:05||NIFTY27JAN2624900PE,0.1298380787290845
12-01-2026 15:05||NIFTY27JAN2625900CE,0.10752853551637659
12-01-2026 15:05||NIFTY27JAN2626200CE,0.10472032124622997
12-01-2026 15:10||NIFTY27JAN2624000PE,0.18331141513564764
12-01-2026 15:10||NIFTY27JAN2624500PE,0.15272478323127947
12-01-2026 15:10||NIFTY27JAN2624600PE,0.14644329466510936
12-01-2026 15:10||NIFTY27JAN2625200CE,0.13307134709807206
12-01-2026 15:10||NIFTY27JAN2625600CE,0.11339048001992862
12-01-2026 15:10||NIFTY27JAN2625900CE,0.10630408510428652
12-01-2026 15:10||NIFTY27JAN2626200CE,0.10355142478816384
12-01-2026 15:10||NIFTY27JAN2626300CE,0.10392533299714093
12-01-2026 15:10||NIFTY27JAN2626400CE,0.10481339579783744
12-01-2026 15:15||NIFTY27JAN2623900PE,0.19092804765751953
12-01-2026 15:15||NIFTY27JAN2624000PE,0.18506476700464747
12-01-2026 15:15||NIFTY27JAN2624500PE,0.1535144217721799
12-01-2026 15:15||NIFTY27JAN2624900PE,0.12968497451698768
12-01-2026 15:15||NIFTY27JAN2625200CE,0.1398640408900123
12-01-2026 15:15||NIFTY27JAN2625400CE,0.12806958064827909
12-01-2026 15:15||NIFTY27JAN2625500CE,0.12251447109670362
12-01-2026 15:20||NIFTY27JAN2624100PE,0.1806558818388843
12-01-2026 15:20||NIFTY27JAN2624200PE,0.17417778459522051
12-01-2026 15:20||NIFTY27JAN2624400PE,0.16134109998469537
12-01-2026 15:20||NIFTY27JAN2624500PE,0.15490983317292967
12-01-2026 15:20||NIFTY27JAN2625000PE,0.1242471130749663
12-01-2026 15:20||NIFTY27JAN2625200CE,0.1390530473849039
12-01-2026 15:20||NIFTY27JAN2625300CE,0.1341765985814582
12-01-2026 15:20||NIFTY27JAN2626200CE,0.10481029225366001
12-01-2026 15:20||NIFTY27JAN2626300CE,0.1048547356107975
12-01-2026 15:25||NIFTY27JAN2624200PE,0.17411360639160517
12-01-2026 15:25||NIFTY27JAN2624600PE,0.14881686305582228
12-01-2026 15:25||NIFTY27JAN2625400CE,0.11892613965777135
12-01-2026 15:25||NIFTY27JAN2625500CE,0.11503884853085394
12-01-2026 15:25||NIFTY27JAN2625700CE,0.1087025452804587
13-01-2026 09:15||NIFTY27JAN2624000PE,0.18932475104933336
13-01-2026 09:15||NIFTY27JAN2624700PE,0.14487876447810163
13-01-2026 09:15||NIFTY27JAN2625500CE,0.10135213347607945
13-01-2026 09:15||NIFTY27JAN2625600CE,0.10006646883134768
13-01-2026 09:15||NIFTY27JAN2625800CE,0.09860565958191314
13-01-2026 09:15||NIFTY27JAN2625900CE,0.09808786346793247
13-01-2026 09:15||NIFTY27JAN2626100CE,0.09754538070635672
13-01-2026 09:20||NIFTY27JAN2623800PE,0.2008576510721767
13-01-2026 09:20||NIFTY27JAN2624500PE,0.15581900370922125
13-01-2026 09:20||NIFTY27JAN2624600PE,0.14934921170289506
13-01-2026 09:20||NIFTY27JAN2624800PE,0.1372908317710163
13-01-2026 09:25||NIFTY27JAN2623800PE,0.201861132292818
13-01-2026 09:25||NIFTY27JAN2624200PE,0.17623960959574764
13-01-2026 09:25||NIFTY27JAN2624400PE,0.1649325138461668
13-01-2026 09:25||NIFTY27JAN2624600PE,0.15375317329518368
13-01-2026 09:25||NIFTY27JAN2624800PE,0.14294365108135915
13-01-2026 09:25||NIFTY27JAN2625300CE,0.07899464479554519
13-01-2026 09:25||NIFTY27JAN2625500CE,0.08485907839045359
13-01-2026 09:30||NIFTY27JAN2624500PE,0.15559869042199712
13-01-2026 09:30||NIFTY27JAN2625300CE,0.09688951176609285
13-01-2026 09:30||NIFTY27JAN2625500CE,0.09846242561909598
13-01-2026 09:30||NIFTY27JAN2625700CE,0.09842294506880372
13-01-2026 09:30||NIFTY27JAN2626000CE,0.09974108756669191
13-01-2026 09:30||NIFTY27JAN2626200CE,0.10112664092576884
13-01-2026 09:35||NIFTY27JAN2624000PE,0.1856454274702556
13-01-2026 09:35||NIFTY27JAN2625000PE,0.12567383553142863
13-01-2026 09:35||NIFTY27JAN2625300CE,0.1143027475662898
13-01-2026 09:35||NIFTY27JAN2625700CE,0.10676558688540183
13-01-2026 09:35||NIFTY27JAN2625800CE,0.10626758450908769
13-01-2026 09:40||NIFTY27JAN2625200CE,0.11886411402053447
13-01-2026 09:40||NIFTY27JAN2625400CE,0.11404495786748321
13-01-2026 09:40||NIFTY27JAN2625600CE,0.11053209283093189
13-01-2026 09:45||NIFTY27JAN2623800PE,0.19685660688798662
13-01-2026 09:45||NIFTY27JAN2624500PE,0.1534168347437227
13-01-2026 09:45||NIFTY27JAN2625400CE,0.10091410012160974
13-01-2026 09:45||NIFTY27JAN2625800CE,0.09884281002525955
13-01-2026 09:45||NIFTY27JAN2625900CE,0.09903357533094406
13-01-2026 09:50||NIFTY27JAN2623900PE,0.19126476534654654
13-01-2026 09:50||NIFTY27JAN2624500PE,0.15311812828337362
13-01-2026 09:50||NIFTY27JAN2624600PE,0.14691652468929803
13-01-2026 09:50||NIFTY27JAN2625000PE,0.12548278210667974
13-01-2026 09:50||NIFTY27JAN2625100PE,0.12088373529169268
13-01-2026 09:50||NIFTY27JAN2626300CE,0.10544498532345642
13-01-2026 09:55||NIFTY27JAN2624100PE,0.17803636232730558
13-01-2026 09:55||NIFTY27JAN2624200PE,0.17154373743097134
13-01-2026 09:55||NIFTY27JAN2624300PE,0.16500970986710367
13-01-2026 09:55||NIFTY27JAN2624700PE,0.1413579364958989
13-01-2026 09:55||NIFTY27JAN2625600CE,0.10425415896644903
13-01-2026 10:00||NIFTY27JAN2624200PE,0.1692827266609223
13-01-2026 10:00||NIFTY27JAN2626300CE,0.11158556515825699
13-01-2026 10:00||NIFTY27JAN2626500CE,0.11374421553307955
13-01-2026 10:05||NIFTY27JAN2624000PE,0.18196937723329767
13-01-2026 10:05||NIFTY27JAN2624800PE,0.13424978350294758
13-01-2026 10:05||NIFTY27JAN2626400CE,0.10989496993773742
13-01-2026 10:10||NIFTY27JAN2624100PE,0.17911442904297958
13-01-2026 10:10||NIFTY27JAN2624200PE,0.1726091263629679
13-01-2026 10:10||NIFTY27JAN2624500PE,0.15375750820855802
13-01-2026 10:10||NIFTY27JAN2624700PE,0.14206473178181428
13-01-2026 10:10||NIFTY27JAN2625100PE,0.1225771922609615
13-01-2026 10:10||NIFTY27JAN2625800CE,0.10155004141719884
13-01-2026 10:15||NIFTY27JAN2624500PE,0.15297725500816878
13-01-2026 10:15||NIFTY27JAN2624800PE,0.13609247780044034
13-01-2026 10:15||NIFTY27JAN2624900PE,0.1310756004548517
13-01-2026 10:15||NIFTY27JAN2625100PE,0.12181995816003527
13-01-2026 10:15||NIFTY27JAN2625800CE,0.10247283886799192
13-01-2026 10:20||NIFTY27JAN2623900PE,0.19092661918686876
13-01-2026 10:20||NIFTY27JAN2624100PE,0.17835404204635835
13-01-2026 10:20||NIFTY27JAN2625300CE,0.11731588125664523
13-01-2026 10:20||NIFTY27JAN2625700CE,0.10598123329640237
13-01-2026 10:20||NIFTY27JAN2626500CE,0.10801807913271053
13-01-2026 10:25||NIFTY27JAN2623900PE,0.19141610690079014
13-01-2026 10:25||NIFTY27JAN2624200PE,0.17231244195384138
13-01-2026 10:25||NIFTY27JAN2624500PE,0.1520443247880439
13-01-2026 10:25||NIFTY27JAN2624700PE,0.13940497681511574
13-01-2026 10:25||NIFTY27JAN2625100PE,0.11806838716031337
13-01-2026 10:25||NIFTY27JAN2625700CE,0.11442393004595261
13-01-2026 10:30||NIFTY27JAN2623800PE,0.20038049617211548
13-01-2026 10:30||NIFTY27JAN2624400PE,0.16175674888163094
13-01-2026 10:30||NIFTY27JAN2624600PE,0.14922038568664475
13-01-2026 10:30||NIFTY27JAN2624700PE,0.14317230321377822
13-01-2026 10:30||NIFTY27JAN2624900PE,0.1316373532923577
13-01-2026 10:30||NIFTY27JAN2625300CE,0.11904371109217202
13-01-2026 10:30||NIFTY27JAN2625900CE,0.10155777481807948
13-01-2026 10:30||NIFTY27JAN2626000CE,0.10117408975318494
13-01-2026 10:30||NIFTY27JAN2626100CE,0.1011487526643747
13-01-2026 10:30||NIFTY27JAN2626400CE,0.1039508113402911
13-01-2026 10:35||NIFTY27JAN2623800PE,0.20038295107799822
13-01-2026 10:35||NIFTY27JAN2623900PE,0.1941156168581211
13-01-2026 10:35||NIFTY27JAN2624300PE,0.16758977440058823
13-01-2026 10:35||NIFTY27JAN2624600PE,0.14858725995169986
13-01-2026 10:35||NIFTY27JAN2625000PE,0.12643586604163085
13-01-2026 10:35||NIFTY27JAN2626000CE,0.10193609400791223
13-01-2026 10:35||NIFTY27JAN2626100CE,0.10207087701619481
13-01-2026 10:40||NIFTY27JAN2623900PE,0.19233528748171433
13-01-2026 10:40||NIFTY27JAN2624000PE,0.18628545175757938
13-01-2026 10:40||NIFTY27JAN2624400PE,0.1605234142038583
13-01-2026 10:40||NIFTY27JAN2624500PE,0.1543500108782161
13-01-2026 10:40||NIFTY27JAN2624800PE,0.1364423017984047
13-01-2026 10:40||NIFTY27JAN2626300CE,0.10391263588075163
13-01-2026 10:45||NIFTY27JAN2623900PE,0.19063136838309938
13-01-2026 10:45||NIFTY27JAN2624900PE,0.12863173140867867
13-01-2026 10:45||NIFTY27JAN2625200CE,0.11676275019473525
13-01-2026 10:45||NIFTY27JAN2625600CE,0.10912868179790208
13-01-2026 10:50||NIFTY27JAN2624900PE,0.13109470684101285
13-01-2026 10:50||NIFTY27JAN2625000PE,0.12594821030005507
13-01-2026 10:50||NIFTY27JAN2625500CE,0.10746217627504004
13-01-2026 10:50||NIFTY27JAN2625600CE,0.10386772060506952
13-01-2026 10:50||NIFTY27JAN2625700CE,0.10121866068298717
13-01-2026 10:50||NIFTY27JAN2625900CE,0.09857299683944223
13-01-2026 10:55||NIFTY27JAN2624300PE,0.1635476433157403
13-01-2026 10:55||NIFTY27JAN2624400PE,0.1572824892687543
13-01-2026 10:55||NIFTY27JAN2625200CE,0.12993887947715652
13-01-2026 10:55||NIFTY27JAN2625700CE,0.10991785567437896
13-01-2026 10:55||NIFTY27JAN2626400CE,0.10634690338027698
13-01-2026 11:00||NIFTY27JAN2623900PE,0.19000908072666017
13-01-2026 11:00||NIFTY27JAN2624200PE,0.17099307148337411
13-01-2026 11:00||NIFTY27JAN2625000PE,0.12416319290219899
13-01-2026 11:00||NIFTY27JAN2625700CE,0.10283441307916778
13-01-2026 11:00||NIFTY27JAN2625800CE,0.10197072166516673
13-01-2026 11:00||NIFTY27JAN2626400CE,0.10355858548568053
13-01-2026 11:05||NIFTY27JAN2624100PE,0.176186555808787
13-01-2026 11:05||NIFTY27JAN2624800PE,0.13278559454454714
13-01-2026 11:05||NIFTY27JAN2625100PE,0.1182258625990513
13-01-2026 11:05||NIFTY27JAN2625800CE,0.10907615221425906
13-01-2026 11:10||NIFTY27JAN2623900PE,0.18943519788669755
13-01-2026 11:10||NIFTY27JAN2624800PE,0.13331101534503675
13-01-2026 11:10||NIFTY27JAN2624900PE,0.12711111845646572
13-01-2026 11:10||NIFTY27JAN2625000PE,0.12157557997513926
13-01-2026 11:10||NIFTY27JAN2625100PE,0.11655944871396379
13-01-2026 11:10||NIFTY27JAN2625900CE,0.10326777949508695
13-01-2026 11:10||NIFTY27JAN2626400CE,0.10371719599954327
13-01-2026 11:15||NIFTY27JAN2624500PE,0.15109857763878703
13-01-2026 11:15||NIFTY27JAN2625100PE,0.11914876170235361
13-01-2026 11:15||NIFTY27JAN2625200CE,0.11749081441323019
13-01-2026 11:15||NIFTY27JAN2625300CE,0.11339839027193999
13-01-2026 11:20||NIFTY27JAN2624900PE,0.12827802442016079
13-01-2026 11:20||NIFTY27JAN2626100CE,0.1009752294732675
13-01-2026 11:25||NIFTY27JAN2624000PE,0.18235362086673346
13-01-2026 11:25||NIFTY27JAN2624500PE,0.1500056273782508
13-01-2026 11:25||NIFTY27JAN2624800PE,0.13247364441228648
13-01-2026 11:25||NIFTY27JAN2625600CE,0.11116003723171841
13-01-2026 11:25||NIFTY27JAN2626000CE,0.10281499856147536
13-01-2026 11:25||NIFTY27JAN2626200CE,0.10196058717544057
13-01-2026 11:25||NIFTY27JAN2626400CE,0.10348929432327064
13-01-2026 11:30||NIFTY27JAN2625100PE,0.11706799496772038
13-01-2026 11:30||NIFTY27JAN2625500CE,0.11516620372854927
13-01-2026 11:30||NIFTY27JAN2625800CE,0.10760842221809812
13-01-2026 11:30||NIFTY27JAN2625900CE,0.10563118210367231
13-01-2026 11:35||NIFTY27JAN2623800PE,0.19785447599874276
13-01-2026 11:35||NIFTY27JAN2623900PE,0.191065829847601
13-01-2026 11:35||NIFTY27JAN2624100PE,0.1775206353760393
13-01-2026 11:35||NIFTY27JAN2624900PE,0.12915080817411864
13-01-2026 11:35||NIFTY27JAN2625300CE,0.11079135283783968
13-01-2026 11:35||NIFTY27JAN2626000CE,0.0997217691826562
13-01-2026 11:35||NIFTY27JAN2626300CE,0.10012206546215685
13-01-2026 11:35||NIFTY27JAN2626500CE,0.10290311849313563
13-01-2026 11:40||NIFTY27JAN2623800PE,0.19533550187514553
13-01-2026 11:40||NIFTY27JAN2624500PE,0.1516438270284141
13-01-2026 11:40||NIFTY27JAN2624900PE,0.12977655583268885
13-01-2026 11:40||NIFTY27JAN2625300CE,0.09934162405350516
13-01-2026 11:40||NIFTY27JAN2625400CE,0.0983838037383791
13-01-2026 11:45||NIFTY27JAN2623800PE,0.19360000195440513
13-01-2026 11:45||NIFTY27JAN2625000PE,0.12213207918909544
13-01-2026 11:45||NIFTY27JAN2625400CE,0.11281052084206382
13-01-2026 11:45||NIFTY27JAN2625800CE,0.10373577394816455
13-01-2026 11:45||NIFTY27JAN2626200CE,0.10147409744224162
13-01-2026 11:45||NIFTY27JAN2626300CE,0.10234887604754946
13-01-2026 11:45||NIFTY27JAN2626400CE,0.10362626586721596
13-01-2026 11:50||NIFTY27JAN2624000PE,0.18087060856115353
13-01-2026 11:50||NIFTY27JAN2624300PE,0.16235153080780151
13-01-2026 11:50||NIFTY27JAN2625100PE,0.11875596016124097
13-01-2026 11:50||NIFTY27JAN2626200CE,0.09849195895255206
13-01-2026 11:50||NIFTY27JAN2626300CE,0.09941843810977885
13-01-2026 11:55||NIFTY27JAN2624300PE,0.16062555484920815
13-01-2026 11:55||NIFTY27JAN2624800PE,0.13176172597049007
13-01-2026 11:55||NIFTY27JAN2625000PE,0.12197584807122298
13-01-2026 11:55||NIFTY27JAN2625400CE,0.11154568786194263
13-01-2026 11:55||NIFTY27JAN2625500CE,0.10792075718243882
13-01-2026 12:00||NIFTY27JAN2624500PE,0.1476222412948306
13-01-2026 12:00||NIFTY27JAN2625000PE,0.12111629912870733
13-01-2026 12:00||NIFTY27JAN2625900CE,0.10206282954262112
13-01-2026 12:05||NIFTY27JAN2623800PE,0.191944742734247
13-01-2026 12:05||NIFTY27JAN2624500PE,0.14659106951588663
13-01-2026 12:05||NIFTY27JAN2624700PE,0.13487778849779802
13-01-2026 12:05||NIFTY27JAN2625000PE,0.11984483487297809
13-01-2026 12:05||NIFTY27JAN2625300CE,0.11249400520024065
13-01-2026 12:05||NIFTY27JAN2625800CE,0.10476787506633221
13-01-2026 12:10||NIFTY27JAN2624500PE,0.14803171822281186
13-01-2026 12:10||NIFTY27JAN2625000PE,0.12252419859040006
13-01-2026 12:10||NIFTY27JAN2625200CE,0.10922508287637792
13-01-2026 12:10||NIFTY27JAN2625500CE,0.10119203546219209
13-01-2026 12:10||NIFTY27JAN2625600CE,0.10047203992394566
13-01-2026 12:15||NIFTY27JAN2624200PE,0.16513416975832845
13-01-2026 12:15||NIFTY27JAN2624300PE,0.15884813443173282
13-01-2026 12:15||NIFTY27JAN2625300CE,0.11530931883390666
13-01-2026 12:15||NIFTY27JAN2625800CE,0.10634943208766955
13-01-2026 12:15||NIFTY27JAN2626500CE,0.10749435606134611
13-01-2026 12:20||NIFTY27JAN2624100PE,0.17131223200180487
13-01-2026 12:20||NIFTY27JAN2624700PE,0.1363339205445819
13-01-2026 12:20||NIFTY27JAN2625100PE,0.11675198630839939
13-01-2026 12:20||NIFTY27JAN2625700CE,0.10197649413355928
13-01-2026 12:25||NIFTY27JAN2623800PE,0.18813867835029507
13-01-2026 12:25||NIFTY27JAN2624200PE,0.16398937299180022
13-01-2026 12:25||NIFTY27JAN2624300PE,0.15767531128149415
13-01-2026 12:25||NIFTY27JAN2624500PE,0.14512351821428185
13-01-2026 12:25||NIFTY27JAN2625700CE,0.11090859257378316
13-01-2026 12:30||NIFTY27JAN2623900PE,0.18302679595364746
13-01-2026 12:30||NIFTY27JAN2624000PE,0.1768647361176064
13-01-2026 12:30||NIFTY27JAN2624100PE,0.17074181995151205
13-01-2026 12:30||NIFTY27JAN2624400PE,0.15296063599459925
13-01-2026 12:30||NIFTY27JAN2624700PE,0.13571084073939382
13-01-2026 12:30||NIFTY27JAN2624900PE,0.12581011779432608
13-01-2026 12:30||NIFTY27JAN2626000CE,0.10045245160466412
13-01-2026 12:30||NIFTY27JAN2626400CE,0.10494863773865373
13-01-2026 12:35||NIFTY27JAN2624200PE,0.1635773906293046
13-01-2026 12:35||NIFTY27JAN2624300PE,0.1577568319485818
13-01-2026 12:35||NIFTY27JAN2624600PE,0.14058248577577503
13-01-2026 12:35||NIFTY27JAN2624800PE,0.1295215618567773
13-01-2026 12:35||NIFTY27JAN2625100PE,0.11538843968015947
13-01-2026 12:35||NIFTY27JAN2625900CE,0.10241862439535601
13-01-2026 12:35||NIFTY27JAN2626100CE,0.10252171508487275
13-01-2026 12:35||NIFTY27JAN2626400CE,0.10615873102998814
13-01-2026 12:40||NIFTY27JAN2624100PE,0.1695566486795715
13-01-2026 12:40||NIFTY27JAN2624300PE,0.157555569658631
13-01-2026 12:40||NIFTY27JAN2624600PE,0.1406452784616718
13-01-2026 12:40||NIFTY27JAN2624700PE,0.13509276572817125
13-01-2026 12:40||NIFTY27JAN2625100PE,0.11613222183704294
13-01-2026 12:40||NIFTY27JAN2626500CE,0.10667240728987103
13-01-2026 12:45||NIFTY27JAN2625300CE,0.09957301744386508
13-01-2026 12:45||NIFTY27JAN2626200CE,0.10169103515932176
13-01-2026 12:50||NIFTY27JAN2623900PE,0.18116860460967682
13-01-2026 12:50||NIFTY27JAN2624100PE,0.16919725424409887
13-01-2026 12:50||NIFTY27JAN2624600PE,0.14033023435378814
13-01-2026 12:50||NIFTY27JAN2625400CE,0.10597492964360886
13-01-2026 12:50||NIFTY27JAN2625500CE,0.10483315815178518
13-01-2026 12:55||NIFTY27JAN2624000PE,0.1743183026515472
13-01-2026 12:55||NIFTY27JAN2624300PE,0.1568724645336064
13-01-2026 12:55||NIFTY27JAN2624500PE,0.14546111353603694
13-01-2026 12:55||NIFTY27JAN2624700PE,0.1348083367611029
13-01-2026 12:55||NIFTY27JAN2625000PE,0.12060220979745694
13-01-2026 12:55||NIFTY27JAN2625100PE,0.11615500396999218
13-01-2026 12:55||NIFTY27JAN2625300CE,0.11225393802629716
13-01-2026 12:55||NIFTY27JAN2625500CE,0.10619199632119836
13-01-2026 12:55||NIFTY27JAN2626200CE,0.10454852417280852
13-01-2026 12:55||NIFTY27JAN2626400CE,0.10769514857770923
13-01-2026 12:55||NIFTY27JAN2626500CE,0.10976019269723872
13-01-2026 13:00||NIFTY27JAN2624000PE,0.1743714697109952
13-01-2026 13:00||NIFTY27JAN2624600PE,0.13950654989758177
13-01-2026 13:00||NIFTY27JAN2624700PE,0.13405109617928967
13-01-2026 13:00||NIFTY27JAN2626400CE,0.10900934419037299
13-01-2026 13:05||NIFTY27JAN2624000PE,0.17486918774259622
13-01-2026 13:05||NIFTY27JAN2624600PE,0.13880252097151843
13-01-2026 13:05||NIFTY27JAN2625200CE,0.11775718406535278
13-01-2026 13:05||NIFTY27JAN2625700CE,0.10755198335950761
13-01-2026 13:05||NIFTY27JAN2626500CE,0.11390931471620773
13-01-2026 13:10||NIFTY27JAN2623900PE,0.1833529627537019
13-01-2026 13:10||NIFTY27JAN2624400PE,0.15211408672480936
13-01-2026 13:10||NIFTY27JAN2624500PE,0.14617138092743154
13-01-2026 13:10||NIFTY27JAN2624700PE,0.13511376810888573
13-01-2026 13:10||NIFTY27JAN2625000PE,0.12082085601804476
13-01-2026 13:10||NIFTY27JAN2625600CE,0.10406160207018922
13-01-2026 13:10||NIFTY27JAN2626000CE,0.10215896349660046
13-01-2026 13:10||NIFTY27JAN2626400CE,0.10817716065944769
13-01-2026 13:10||NIFTY27JAN2626500CE,0.1105884135761205
13-01-2026 13:15||NIFTY27JAN2623800PE,0.18857910220937496
13-01-2026 13:15||NIFTY27JAN2624000PE,0.1762443300095527
13-01-2026 13:15||NIFTY27JAN2624100PE,0.17008966131327252
13-01-2026 13:15||NIFTY27JAN2624700PE,0.13446242690353713
13-01-2026 13:15||NIFTY27JAN2625000PE,0.11992888896195711
13-01-2026 13:15||NIFTY27JAN2625800CE,0.10641753013203334
13-01-2026 13:15||NIFTY27JAN2626100CE,0.10615466885785972
13-01-2026 13:15||NIFTY27JAN2626200CE,0.10735929763734373
13-01-2026 13:15||NIFTY27JAN2626300CE,0.10898649734942122
13-01-2026 13:20||NIFTY27JAN2624300PE,0.15773304314213976
13-01-2026 13:20||NIFTY27JAN2624400PE,0.15184756674969166
13-01-2026 13:20||NIFTY27JAN2624800PE,0.1288711451086861
13-01-2026 13:20||NIFTY27JAN2625000PE,0.1194207680368011
13-01-2026 13:20||NIFTY27JAN2625300CE,0.11694079415152622
13-01-2026 13:20||NIFTY27JAN2625400CE,0.11406722560223842
13-01-2026 13:20||NIFTY27JAN2625900CE,0.10497124721121603
13-01-2026 13:20||NIFTY27JAN2626500CE,0.11309075454084241
13-01-2026 13:25||NIFTY27JAN2624000PE,0.17702774675841554
13-01-2026 13:25||NIFTY27JAN2624200PE,0.16450487017084578
13-01-2026 13:25||NIFTY27JAN2624300PE,0.15805681834924848
13-01-2026 13:25||NIFTY27JAN2624600PE,0.14016858442204616
13-01-2026 13:25||NIFTY27JAN2625600CE,0.10488756615284414
13-01-2026 13:25||NIFTY27JAN2626400CE,0.10910534374667674
13-01-2026 13:30||NIFTY27JAN2623800PE,0.1892386855215903
13-01-2026 13:30||NIFTY27JAN2624000PE,0.17642426428253094
13-01-2026 13:30||NIFTY27JAN2624100PE,0.17003914001018144
13-01-2026 13:30||NIFTY27JAN2625500CE,0.10951207283769199
13-01-2026 13:35||NIFTY27JAN2624300PE,0.1587868636638045
13-01-2026 13:35||NIFTY27JAN2624800PE,0.12990065259308797
13-01-2026 13:35||NIFTY27JAN2625700CE,0.1020585851122084
13-01-2026 13:40||NIFTY27JAN2623800PE,0.19068956367613976
13-01-2026 13:40||NIFTY27JAN2624400PE,0.14976110199443254
13-01-2026 13:40||NIFTY27JAN2624500PE,0.14373389956426796
13-01-2026 13:40||NIFTY27JAN2625500CE,0.11083629196016245
13-01-2026 13:40||NIFTY27JAN2625700CE,0.10759154463753899
13-01-2026 13:40||NIFTY27JAN2625900CE,0.10500563763454233
13-01-2026 13:40||NIFTY27JAN2626100CE,0.10466978566552224
13-01-2026 13:45||NIFTY27JAN2624000PE,0.1761505052739818
13-01-2026 13:45||NIFTY27JAN2624100PE,0.16935742039830193
13-01-2026 13:45||NIFTY27JAN2625100PE,0.11558120218761998
13-01-2026 13:45||NIFTY27JAN2625300CE,0.1109883440201499
13-01-2026 13:45||NIFTY27JAN2625800CE,0.1015154592559864
13-01-2026 13:45||NIFTY27JAN2626000CE,0.10097496740826822
13-01-2026 13:50||NIFTY27JAN2624200PE,0.16229535914219534
13-01-2026 13:50||NIFTY27JAN2624400PE,0.14999776189406305
13-01-2026 13:50||NIFTY27JAN2624500PE,0.1439676091808882
13-01-2026 13:50||NIFTY27JAN2626000CE,0.10203473074061908
13-01-2026 13:55||NIFTY27JAN2624200PE,0.1621340052395429
13-01-2026 13:55||NIFTY27JAN2624300PE,0.15583812587957702
13-01-2026 13:55||NIFTY27JAN2625000PE,0.11868846279533202
13-01-2026 13:55||NIFTY27JAN2625500CE,0.10871980461253636
13-01-2026 13:55||NIFTY27JAN2626000CE,0.10328342503339685
13-01-2026 14:00||NIFTY27JAN2623900PE,0.1807092819130361
13-01-2026 14:00||NIFTY27JAN2624000PE,0.17429895576835697
13-01-2026 14:00||NIFTY27JAN2624100PE,0.16804766984452973
13-01-2026 14:00||NIFTY27JAN2624600PE,0.13900101627740158
13-01-2026 14:00||NIFTY27JAN2625300CE,0.10468404021363051
13-01-2026 14:00||NIFTY27JAN2625700CE,0.10152168635187929
13-01-2026 14:05||NIFTY27JAN2623900PE,0.18032299624167303
13-01-2026 14:05||NIFTY27JAN2624200PE,0.16127304331944334
13-01-2026 14:05||NIFTY27JAN2624500PE,0.1434029924532486
13-01-2026 14:05||NIFTY27JAN2625700CE,0.10424217549832554
13-01-2026 14:05||NIFTY27JAN2626300CE,0.10639618337908133
13-01-2026 14:05||NIFTY27JAN2626500CE,0.11162575731607013
13-01-2026 14:10||NIFTY27JAN2624300PE,0.15473152864475034
13-01-2026 14:10||NIFTY27JAN2624700PE,0.13236474554823963
13-01-2026 14:10||NIFTY27JAN2625200CE,0.10617105675961444
13-01-2026 14:10||NIFTY27JAN2625400CE,0.10350235519941285
13-01-2026 14:10||NIFTY27JAN2626100CE,0.10147676646641068
13-01-2026 14:15||NIFTY27JAN2623800PE,0.18493005130410783
13-01-2026 14:15||NIFTY27JAN2624800PE,0.12538716015316018
13-01-2026 14:15||NIFTY27JAN2626200CE,0.10395937798501287
13-01-2026 14:20||NIFTY27JAN2624000PE,0.17146897736097522
13-01-2026 14:20||NIFTY27JAN2624400PE,0.14774302853125543
13-01-2026 14:20||NIFTY27JAN2624800PE,0.12690369968630694
13-01-2026 14:20||NIFTY27JAN2624900PE,0.12238863256753499
13-01-2026 14:20||NIFTY27JAN2625200CE,0.10951663480809637
13-01-2026 14:20||NIFTY27JAN2625800CE,0.09920900735759307
13-01-2026 14:25||NIFTY27JAN2624000PE,0.1710047533859141
13-01-2026 14:25||NIFTY27JAN2624100PE,0.1647158961539227
13-01-2026 14:25||NIFTY27JAN2624200PE,0.15846803596426282
13-01-2026 14:25||NIFTY27JAN2624500PE,0.1413020884728678
13-01-2026 14:25||NIFTY27JAN2624600PE,0.13566636538662127
13-01-2026 14:25||NIFTY27JAN2625600CE,0.10307112531012702
13-01-2026 14:25||NIFTY27JAN2626000CE,0.1015191203281707
13-01-2026 14:25||NIFTY27JAN2626200CE,0.10406327066805468
13-01-2026 14:30||NIFTY27JAN2624500PE,0.1398610113607174
13-01-2026 14:30||NIFTY27JAN2624600PE,0.13404312984503558
13-01-2026 14:30||NIFTY27JAN2624900PE,0.11914393438705596
13-01-2026 14:30||NIFTY27JAN2625100PE,0.11123604844694594
13-01-2026 14:30||NIFTY27JAN2625600CE,0.11072465192302805
13-01-2026 14:35||NIFTY27JAN2623800PE,0.18276802943467285
13-01-2026 14:35||NIFTY27JAN2624200PE,0.1581910189814939
13-01-2026 14:35||NIFTY27JAN2625100PE,0.11108117980904014
13-01-2026 14:35||NIFTY27JAN2625400CE,0.11690015900746395
13-01-2026 14:35||NIFTY27JAN2626300CE,0.10762304894004321
13-01-2026 14:35||NIFTY27JAN2626500CE,0.11332287895320342
13-01-2026 14:40||NIFTY27JAN2624500PE,0.1415041994637007
13-01-2026 14:40||NIFTY27JAN2624600PE,0.1356135162096077
13-01-2026 14:40||NIFTY27JAN2624800PE,0.124537122813706
13-01-2026 14:40||NIFTY27JAN2625300CE,0.12160555502550893
13-01-2026 14:40||NIFTY27JAN2625600CE,0.11093549966265137
13-01-2026 14:40||NIFTY27JAN2625800CE,0.10631365530818618
13-01-2026 14:45||NIFTY27JAN2625100PE,0.11333662466481789
13-01-2026 14:45||NIFTY27JAN2626000CE,0.10053421957324904
13-01-2026 14:45||NIFTY27JAN2626100CE,0.10091019719039541
13-01-2026 14:45||NIFTY27JAN2626500CE,0.1084266436233534
13-01-2026 14:50||NIFTY27JAN2624400PE,0.14843838095708306
13-01-2026 14:50||NIFTY27JAN2624500PE,0.1422229042564634
13-01-2026 14:55||NIFTY27JAN2623800PE,0.18874567338182224
13-01-2026 14:55||NIFTY27JAN2623900PE,0.18243753708640156
13-01-2026 14:55||NIFTY27JAN2624100PE,0.16939741908431813
13-01-2026 14:55||NIFTY27JAN2624400PE,0.15041796110262395
13-01-2026 14:55||NIFTY27JAN2624500PE,0.14432082635974355
13-01-2026 14:55||NIFTY27JAN2624800PE,0.1276378293630352
13-01-2026 14:55||NIFTY27JAN2624900PE,0.12274094773483016
13-01-2026 14:55||NIFTY27JAN2625100PE,0.11284100796026322
13-01-2026 14:55||NIFTY27JAN2625700CE,0.10055708765515138
13-01-2026 14:55||NIFTY27JAN2625900CE,0.0988051534571561
13-01-2026 14:55||NIFTY27JAN2626400CE,0.10320682164453793
13-01-2026 15:00||NIFTY27JAN2623900PE,0.18407447616462802
13-01-2026 15:00||NIFTY27JAN2624500PE,0.14726288103282345
13-01-2026 15:00||NIFTY27JAN2624600PE,0.14138450829985277
13-01-2026 15:00||NIFTY27JAN2625100PE,0.11629930611545883
13-01-2026 15:00||NIFTY27JAN2625700CE,0.08931810863914941
13-01-2026 15:00||NIFTY27JAN2626200CE,0.0936794868372203
13-01-2026 15:05||NIFTY27JAN2624000PE,0.1744487922795628
13-01-2026 15:05||NIFTY27JAN2624500PE,0.1425414798219594
13-01-2026 15:05||NIFTY27JAN2624900PE,0.1203847400309552
13-01-2026 15:05||NIFTY27JAN2625400CE,0.11362103142484578
13-01-2026 15:05||NIFTY27JAN2625700CE,0.10605041668827297
13-01-2026 15:05||NIFTY27JAN2625800CE,0.103074626139198
13-01-2026 15:05||NIFTY27JAN2626000CE,0.10067408329977529
13-01-2026 15:05||NIFTY27JAN2626100CE,0.1004883045698806
13-01-2026 15:05||NIFTY27JAN2626500CE,0.1058713672354427
13-01-2026 15:10||NIFTY27JAN2624000PE,0.17659319958692024
13-01-2026 15:10||NIFTY27JAN2624200PE,0.16392181658797234
13-01-2026 15:10||NIFTY27JAN2624400PE,0.1515904793773019
13-01-2026 15:10||NIFTY27JAN2624900PE,0.12385299682813566
13-01-2026 15:10||NIFTY27JAN2625300CE,0.0963607885001729
13-01-2026 15:10||NIFTY27JAN2625600CE,0.09456004714770713
13-01-2026 15:10||NIFTY27JAN2626200CE,0.09566890921334209
13-01-2026 15:15||NIFTY27JAN2623800PE,0.18778962286043496
13-01-2026 15:15||NIFTY27JAN2624200PE,0.16469015656645666
13-01-2026 15:15||NIFTY27JAN2624600PE,0.14093189696860572
13-01-2026 15:15||NIFTY27JAN2624700PE,0.13531165202956483
13-01-2026 15:15||NIFTY27JAN2625700CE,0.0922452053066808
13-01-2026 15:15||NIFTY27JAN2626000CE,0.09225848794914629
13-01-2026 15:15||NIFTY27JAN2626300CE,0.09664222832930702
13-01-2026 15:15||NIFTY27JAN2626500CE,0.10175396824052456
13-01-2026 15:20||NIFTY27JAN2623900PE,0.18262729393119842
13-01-2026 15:20||NIFTY27JAN2624300PE,0.15815391334247964
13-01-2026 15:20||NIFTY27JAN2624800PE,0.1282599120822782
13-01-2026 15:20||NIFTY27JAN2625300CE,0.10333893911591682
13-01-2026 15:20||NIFTY27JAN2625600CE,0.09812562818563673
13-01-2026 15:20||NIFTY27JAN2626200CE,0.09686373049759202
13-01-2026 15:25||NIFTY27JAN2624500PE,0.14633554120750647
13-01-2026 15:25||NIFTY27JAN2624700PE,0.13499597447005593
13-01-2026 15:25||NIFTY27JAN2624900PE,0.12433049269327781
13-01-2026 15:25||NIFTY27JAN2626000CE,0.09357850056172821
14-01-2026 09:15||NIFTY27JAN2624300PE,0.16190820255541624
14-01-2026 09:15||NIFTY27JAN2624400PE,0.15557885699604368
14-01-2026 09:15||NIFTY27JAN2625300CE,0.1278508042731763
14-01-2026 09:15||NIFTY27JAN2626100CE,0.10122317160666591
14-01-2026 09:15||NIFTY27JAN2626500CE,0.10708027544881296
14-01-2026 09:20||NIFTY27JAN2624100PE,0.17630139766127692
14-01-2026 09:25||NIFTY27JAN2624000PE,0.18281867263228313
14-01-2026 09:25||NIFTY27JAN2624200PE,0.1696420461909975
14-01-2026 09:25||NIFTY27JAN2624700PE,0.1369756444215566
14-01-2026 09:25||NIFTY27JAN2625300CE,0.12666907980065426
14-01-2026 09:25||NIFTY27JAN2626500CE,0.10868002526589075
14-01-2026 09:30||NIFTY27JAN2623800PE,0.19779135454604577
14-01-2026 09:30||NIFTY27JAN2624000PE,0.18542611452856705
14-01-2026 09:30||NIFTY27JAN2624600PE,0.1462453017522269
14-01-2026 09:30||NIFTY27JAN2624700PE,0.14006312244911417
14-01-2026 09:30||NIFTY27JAN2626200CE,0.09788820562408926
14-01-2026 09:30||NIFTY27JAN2626500CE,0.10430995075033904
14-01-2026 09:35||NIFTY27JAN2624000PE,0.18416252116887966
14-01-2026 09:35||NIFTY27JAN2625500CE,0.10149464000245821
14-01-2026 09:35||NIFTY27JAN2626400CE,0.10249050506163523
14-01-2026 09:40||NIFTY27JAN2623800PE,0.19514244860962734
14-01-2026 09:40||NIFTY27JAN2624000PE,0.18239752194895115
14-01-2026 09:40||NIFTY27JAN2624200PE,0.16968362418987962
14-01-2026 09:40||NIFTY27JAN2624700PE,0.13773059526592396
14-01-2026 09:40||NIFTY27JAN2624800PE,0.13182058556366638
14-01-2026 09:40||NIFTY27JAN2625000PE,0.12059577623443721
14-01-2026 09:40||NIFTY27JAN2625500CE,0.10084819011598327
14-01-2026 09:40||NIFTY27JAN2625800CE,0.09639645662367867
14-01-2026 09:45||NIFTY27JAN2624300PE,0.162326531676667
14-01-2026 09:45||NIFTY27JAN2624400PE,0.15581697920653237
14-01-2026 09:45||NIFTY27JAN2624500PE,0.14933167914781878
14-01-2026 09:45||NIFTY27JAN2624600PE,0.14288641846169514
14-01-2026 09:45||NIFTY27JAN2625400CE,0.10507442088830722
14-01-2026 09:50||NIFTY27JAN2623800PE,0.19400349861022748
14-01-2026 09:50||NIFTY27JAN2623900PE,0.18752832717304274
14-01-2026 09:50||NIFTY27JAN2624600PE,0.1413237345220002
14-01-2026 09:50||NIFTY27JAN2625200CE,0.13812920161516754
14-01-2026 09:50||NIFTY27JAN2625300CE,0.1321595038484733
14-01-2026 09:50||NIFTY27JAN2626400CE,0.10824715195854309
14-01-2026 09:55||NIFTY27JAN2624100PE,0.17851833091440134
14-01-2026 09:55||NIFTY27JAN2626000CE,0.0947420446463183
14-01-2026 10:00||NIFTY27JAN2624000PE,0.18206392021269652
14-01-2026 10:00||NIFTY27JAN2624400PE,0.1558025356002321
14-01-2026 10:00||NIFTY27JAN2625100PE,0.11539213966340248
14-01-2026 10:00||NIFTY27JAN2625500CE,0.10393664045955282
14-01-2026 10:00||NIFTY27JAN2626100CE,0.09671588360435852
14-01-2026 10:00||NIFTY27JAN2626500CE,0.10419281978902008
14-01-2026 10:05||NIFTY27JAN2624600PE,0.14223870562702945
14-01-2026 10:05||NIFTY27JAN2624800PE,0.13014300537667203
14-01-2026 10:05||NIFTY27JAN2625000PE,0.11892129331213167
14-01-2026 10:05||NIFTY27JAN2625300CE,0.11429723974938902
14-01-2026 10:05||NIFTY27JAN2625400CE,0.10911067781894151
14-01-2026 10:05||NIFTY27JAN2626200CE,0.09895592270983827
14-01-2026 10:05||NIFTY27JAN2626300CE,0.10093174162686842
14-01-2026 10:05||NIFTY27JAN2626400CE,0.10349181675554747
14-01-2026 10:10||NIFTY27JAN2624000PE,0.18014656754767377
14-01-2026 10:10||NIFTY27JAN2624200PE,0.1671816438507051
14-01-2026 10:10||NIFTY27JAN2624500PE,0.14766586340804236
14-01-2026 10:10||NIFTY27JAN2624600PE,0.14135862928369936
14-01-2026 10:10||NIFTY27JAN2625400CE,0.11006277477653298
14-01-2026 10:10||NIFTY27JAN2625600CE,0.10364109404581494
14-01-2026 10:10||NIFTY27JAN2626400CE,0.1044008411400461
14-01-2026 10:15||NIFTY27JAN2624100PE,0.1744893340435359
14-01-2026 10:15||NIFTY27JAN2625000PE,0.1192848843966517
14-01-2026 10:15||NIFTY27JAN2625200CE,0.10410320942977866
14-01-2026 10:15||NIFTY27JAN2625600CE,0.09729271441764659
14-01-2026 10:15||NIFTY27JAN2625900CE,0.0957583274902353
14-01-2026 10:20||NIFTY27JAN2624200PE,0.16643137264540667
14-01-2026 10:20||NIFTY27JAN2624700PE,0.1342224511545535
14-01-2026 10:20||NIFTY27JAN2625000PE,0.11736378721558037
14-01-2026 10:20||NIFTY27JAN2625500CE,0.10104045535090224
14-01-2026 10:20||NIFTY27JAN2625600CE,0.09990758855016178
14-01-2026 10:20||NIFTY27JAN2625700CE,0.0984683960362168
14-01-2026 10:20||NIFTY27JAN2625800CE,0.09755642630765599
14-01-2026 10:25||NIFTY27JAN2623800PE,0.1924991196928692
14-01-2026 10:25||NIFTY27JAN2624300PE,0.1597016705140576
14-01-2026 10:25||NIFTY27JAN2625000PE,0.11735750818167115
14-01-2026 10:25||NIFTY27JAN2626100CE,0.09920190609781009
14-01-2026 10:25||NIFTY27JAN2626200CE,0.10042644977437752
14-01-2026 10:25||NIFTY27JAN2626400CE,0.10479408610889342
14-01-2026 10:30||NIFTY27JAN2623900PE,0.1851160081431813
14-01-2026 10:30||NIFTY27JAN2624000PE,0.17910729951442195
14-01-2026 10:30||NIFTY27JAN2624700PE,0.1336914339291404
14-01-2026 10:30||NIFTY27JAN2624800PE,0.1278489934713544
14-01-2026 10:30||NIFTY27JAN2625100PE,0.11211577395428625
14-01-2026 10:30||NIFTY27JAN2625200CE,0.11950189707620021
14-01-2026 10:30||NIFTY27JAN2626500CE,0.10834372152671932
14-01-2026 10:35||NIFTY27JAN2623900PE,0.18702669680214903
14-01-2026 10:35||NIFTY27JAN2624400PE,0.15424559236407775
14-01-2026 10:35||NIFTY27JAN2625600CE,0.09863330111925234
14-01-2026 10:35||NIFTY27JAN2625700CE,0.09734932579222542
14-01-2026 10:35||NIFTY27JAN2626300CE,0.10058539275571532
14-01-2026 10:40||NIFTY27JAN2623800PE,0.19114458934374534
14-01-2026 10:40||NIFTY27JAN2624100PE,0.17348950280541275
14-01-2026 10:40||NIFTY27JAN2625300CE,0.10538970001425697
14-01-2026 10:40||NIFTY27JAN2625600CE,0.09849555677720379
14-01-2026 10:40||NIFTY27JAN2626300CE,0.10059947718709736
14-01-2026 10:40||NIFTY27JAN2626500CE,0.1062954074735873
14-01-2026 10:45||NIFTY27JAN2624000PE,0.1769147160492488
14-01-2026 10:45||NIFTY27JAN2624600PE,0.13831675170842384
14-01-2026 10:45||NIFTY27JAN2624800PE,0.12584224920038078
14-01-2026 10:45||NIFTY27JAN2625400CE,0.11886837448217646
14-01-2026 10:50||NIFTY27JAN2624000PE,0.1797288950202063
14-01-2026 10:50||NIFTY27JAN2624300PE,0.16042987283845006
14-01-2026 10:50||NIFTY27JAN2624800PE,0.1285675016515611
14-01-2026 10:50||NIFTY27JAN2625200CE,0.11713659787295977
14-01-2026 10:50||NIFTY27JAN2625400CE,0.10916823548789525
14-01-2026 10:50||NIFTY27JAN2625800CE,0.10013473132273037
14-01-2026 10:55||NIFTY27JAN2624600PE,0.14067182819408428
14-01-2026 10:55||NIFTY27JAN2625000PE,0.11665605004728949
14-01-2026 10:55||NIFTY27JAN2625200CE,0.1258159187614282
14-01-2026 10:55||NIFTY27JAN2626200CE,0.10130445378362751
14-01-2026 10:55||NIFTY27JAN2626300CE,0.1029479317681392
14-01-2026 10:55||NIFTY27JAN2626400CE,0.10572436258115428
14-01-2026 10:55||NIFTY27JAN2626500CE,0.10979561765214896
14-01-2026 11:00||NIFTY27JAN2624100PE,0.17499077716337436
14-01-2026 11:00||NIFTY27JAN2626100CE,0.09970360231046413
14-01-2026 11:00||NIFTY27JAN2626300CE,0.10152175416760217
14-01-2026 11:05||NIFTY27JAN2624000PE,0.18196749541291232
14-01-2026 11:05||NIFTY27JAN2624800PE,0.1310395322486849
14-01-2026 11:05||NIFTY27JAN2625300CE,0.1061636203840533
14-01-2026 11:05||NIFTY27JAN2626000CE,0.09670883842433525
14-01-2026 11:05||NIFTY27JAN2626100CE,0.09703586823537236
14-01-2026 11:05||NIFTY27JAN2626300CE,0.09934116240590321
14-01-2026 11:10||NIFTY27JAN2624000PE,0.18148676273571102
14-01-2026 11:10||NIFTY27JAN2624300PE,0.16199506773719416
14-01-2026 11:10||NIFTY27JAN2624500PE,0.1489138305072173
14-01-2026 11:10||NIFTY27JAN2625200CE,0.11592542600071234
14-01-2026 11:15||NIFTY27JAN2624100PE,0.17572646607414744
14-01-2026 11:15||NIFTY27JAN2624300PE,0.16244874497812067
14-01-2026 11:15||NIFTY27JAN2624400PE,0.15580562018337316
14-01-2026 11:15||NIFTY27JAN2624500PE,0.14927393101007067
14-01-2026 11:15||NIFTY27JAN2624600PE,0.1427235220363864
14-01-2026 11:15||NIFTY27JAN2625500CE,0.10929511837435618
14-01-2026 11:15||NIFTY27JAN2625800CE,0.10119265942490215
14-01-2026 11:15||NIFTY27JAN2626000CE,0.09829179110945463
14-01-2026 11:20||NIFTY27JAN2623800PE,0.1970111708260524
14-01-2026 11:20||NIFTY27JAN2623900PE,0.19036600916030696
14-01-2026 11:20||NIFTY27JAN2624600PE,0.14375814002415277
14-01-2026 11:20||NIFTY27JAN2624800PE,0.13141659405074915
14-01-2026 11:20||NIFTY27JAN2625100PE,0.11561202291058416
14-01-2026 11:20||NIFTY27JAN2625300CE,0.11055165898629757
14-01-2026 11:20||NIFTY27JAN2625600CE,0.10130866017762866
14-01-2026 11:20||NIFTY27JAN2625800CE,0.09729829832286635
14-01-2026 11:25||NIFTY27JAN2623900PE,0.1882145749118582
14-01-2026 11:25||NIFTY27JAN2624700PE,0.13541673985168928
14-01-2026 11:25||NIFTY27JAN2624900PE,0.12339157506147266
14-01-2026 11:25||NIFTY27JAN2625400CE,0.12687761209599688
14-01-2026 11:25||NIFTY27JAN2626200CE,0.101783526740548
14-01-2026 11:30||NIFTY27JAN2624200PE,0.17141108587945492
14-01-2026 11:30||NIFTY27JAN2624300PE,0.16500321132746135
14-01-2026 11:30||NIFTY27JAN2624400PE,0.15857017319524264
14-01-2026 11:30||NIFTY27JAN2625000PE,0.12149818066953577
14-01-2026 11:30||NIFTY27JAN2625300CE,0.10874991032909448
14-01-2026 11:30||NIFTY27JAN2625800CE,0.0976379503110483
14-01-2026 11:30||NIFTY27JAN2626000CE,0.09582851233464214
14-01-2026 11:35||NIFTY27JAN2623900PE,0.19032227067244734
14-01-2026 11:35||NIFTY27JAN2624400PE,0.1573138533416287
14-01-2026 11:35||NIFTY27JAN2624500PE,0.15075550735406795
14-01-2026 11:35||NIFTY27JAN2624700PE,0.1379219720738774
14-01-2026 11:35||NIFTY27JAN2625100PE,0.11543666832856118
14-01-2026 11:35||NIFTY27JAN2625500CE,0.10374295234415495
14-01-2026 11:35||NIFTY27JAN2625700CE,0.0997144902882679
14-01-2026 11:35||NIFTY27JAN2626100CE,0.0963687496090972
14-01-2026 11:40||NIFTY27JAN2623900PE,0.1903040324965295
14-01-2026 11:40||NIFTY27JAN2625500CE,0.10151419803811443
14-01-2026 11:40||NIFTY27JAN2625600CE,0.0993186795856637
14-01-2026 11:40||NIFTY27JAN2626500CE,0.10222599072389536
14-01-2026 11:45||NIFTY27JAN2623900PE,0.19028444949177065
14-01-2026 11:45||NIFTY27JAN2624300PE,0.163279337196855
14-01-2026 11:45||NIFTY27JAN2624500PE,0.14993730462552524
14-01-2026 11:45||NIFTY27JAN2626400CE,0.1020818020561786
14-01-2026 11:50||NIFTY27JAN2625100PE,0.11470451012409061
14-01-2026 11:50||NIFTY27JAN2625700CE,0.10052972718726222
14-01-2026 11:50||NIFTY27JAN2625800CE,0.09858100047980128
14-01-2026 11:50||NIFTY27JAN2626100CE,0.09608408643920445
14-01-2026 11:55||NIFTY27JAN2624200PE,0.17136253693394427
14-01-2026 11:55||NIFTY27JAN2624400PE,0.1578959134151372
14-01-2026 11:55||NIFTY27JAN2624800PE,0.1318750652889157
14-01-2026 11:55||NIFTY27JAN2625200CE,0.11416830258936772
14-01-2026 11:55||NIFTY27JAN2625600CE,0.10135866911986349
14-01-2026 12:00||NIFTY27JAN2623800PE,0.2001491314230756
14-01-2026 12:00||NIFTY27JAN2624400PE,0.15901003179081247
14-01-2026 12:00||NIFTY27JAN2624900PE,0.12642329102917338
14-01-2026 12:00||NIFTY27JAN2625000PE,0.12038030283548563
14-01-2026 12:00||NIFTY27JAN2625100PE,0.1141373687352451
14-01-2026 12:05||NIFTY27JAN2624400PE,0.15901549721994301
14-01-2026 12:05||NIFTY27JAN2624600PE,0.14574522752054042
14-01-2026 12:05||NIFTY27JAN2626500CE,0.09786086647429075
14-01-2026 12:10||NIFTY27JAN2624400PE,0.15708001502053162
14-01-2026 12:10||NIFTY27JAN2624600PE,0.1439399735206412
14-01-2026 12:10||NIFTY27JAN2624800PE,0.131670218846315
14-01-2026 12:10||NIFTY27JAN2624900PE,0.1260229223542436
14-01-2026 12:10||NIFTY27JAN2625100PE,0.11555529207778972
14-01-2026 12:10||NIFTY27JAN2625900CE,0.09199466274229903
14-01-2026 12:10||NIFTY27JAN2626300CE,0.0949121983826199
14-01-2026 12:15||NIFTY27JAN2624200PE,0.1684862941735297
14-01-2026 12:15||NIFTY27JAN2624800PE,0.12862567862136515
14-01-2026 12:15||NIFTY27JAN2626500CE,0.10350994251317522
14-01-2026 12:20||NIFTY27JAN2623800PE,0.1980411977489268
14-01-2026 12:20||NIFTY27JAN2623900PE,0.19127802001135585
14-01-2026 12:20||NIFTY27JAN2625300CE,0.10265400875524318
14-01-2026 12:20||NIFTY27JAN2626400CE,0.09752125171364974
14-01-2026 12:25||NIFTY27JAN2624500PE,0.1510201763476123
14-01-2026 12:25||NIFTY27JAN2625400CE,0.09630305512228343
14-01-2026 12:25||NIFTY27JAN2625500CE,0.0955530239380521
14-01-2026 12:25||NIFTY27JAN2625900CE,0.09173879502403492
14-01-2026 12:30||NIFTY27JAN2623900PE,0.19052929752388637
14-01-2026 12:30||NIFTY27JAN2624300PE,0.16387642421280346
14-01-2026 12:30||NIFTY27JAN2624900PE,0.12554839100537452
14-01-2026 12:30||NIFTY27JAN2625800CE,0.09601217187899147
14-01-2026 12:30||NIFTY27JAN2626300CE,0.09629912506855338
14-01-2026 12:30||NIFTY27JAN2626400CE,0.09863363595235927
14-01-2026 12:35||NIFTY27JAN2623900PE,0.1911012530494717
14-01-2026 12:35||NIFTY27JAN2625300CE,0.10556506750807992
14-01-2026 12:35||NIFTY27JAN2625500CE,0.10023159199633147
14-01-2026 12:35||NIFTY27JAN2625900CE,0.09412102141531792
14-01-2026 12:45||NIFTY27JAN2625600CE,0.09548043087514249
14-01-2026 12:45||NIFTY27JAN2625700CE,0.09363413980258553
14-01-2026 12:50||NIFTY27JAN2624900PE,0.12458282217246064
14-01-2026 12:50||NIFTY27JAN2626300CE,0.09530219918453466
14-01-2026 12:50||NIFTY27JAN2626500CE,0.10073860109901847
14-01-2026 12:55||NIFTY27JAN2623900PE,0.1884755935611912
14-01-2026 12:55||NIFTY27JAN2624300PE,0.1620017592717492
14-01-2026 12:55||NIFTY27JAN2625000PE,0.118210523602721
14-01-2026 13:00||NIFTY27JAN2624700PE,0.13647823676577586
14-01-2026 13:00||NIFTY27JAN2625400CE,0.09834235915917816
14-01-2026 13:00||NIFTY27JAN2625700CE,0.09473635724007677
14-01-2026 13:00||NIFTY27JAN2625800CE,0.0933714074175118
14-01-2026 13:00||NIFTY27JAN2626200CE,0.0934111178967751
14-01-2026 13:00||NIFTY27JAN2626300CE,0.09503730604080338
14-01-2026 13:00||NIFTY27JAN2626500CE,0.09961271742062817
14-01-2026 13:05||NIFTY27JAN2624000PE,0.1823288122465831
14-01-2026 13:05||NIFTY27JAN2624400PE,0.1557642534720378
14-01-2026 13:05||NIFTY27JAN2624800PE,0.12981259159974884
14-01-2026 13:05||NIFTY27JAN2624900PE,0.12406826561296189
14-01-2026 13:05||NIFTY27JAN2625800CE,0.09584767065897794
14-01-2026 13:05||NIFTY27JAN2626200CE,0.09473673048922523
14-01-2026 13:05||NIFTY27JAN2626300CE,0.09624733080283208
14-01-2026 13:10||NIFTY27JAN2624000PE,0.18286283382437277
14-01-2026 13:10||NIFTY27JAN2624600PE,0.1434106571463376
14-01-2026 13:10||NIFTY27JAN2624700PE,0.13702369086004496
14-01-2026 13:10||NIFTY27JAN2624900PE,0.12488771015716053
14-01-2026 13:10||NIFTY27JAN2625300CE,0.09930978392581995
14-01-2026 13:10||NIFTY27JAN2625800CE,0.0893908879366005
14-01-2026 13:10||NIFTY27JAN2625900CE,0.08915843154053091
14-01-2026 13:10||NIFTY27JAN2626400CE,0.0962381059460371
14-01-2026 13:15||NIFTY27JAN2624000PE,0.18195531073194698
14-01-2026 13:15||NIFTY27JAN2624600PE,0.1419821475113496
14-01-2026 13:15||NIFTY27JAN2624800PE,0.1296299735326742
14-01-2026 13:15||NIFTY27JAN2625200CE,0.10629288809180798
14-01-2026 13:15||NIFTY27JAN2625600CE,0.09304084541360068
14-01-2026 13:15||NIFTY27JAN2626100CE,0.09132783524713675
14-01-2026 13:15||NIFTY27JAN2626200CE,0.09256565769840445
14-01-2026 13:20||NIFTY27JAN2624400PE,0.15478140988846184
14-01-2026 13:20||NIFTY27JAN2624700PE,0.13572821115847694
14-01-2026 13:20||NIFTY27JAN2624900PE,0.12438549761716441
14-01-2026 13:20||NIFTY27JAN2625200CE,0.09467310182094929
14-01-2026 13:20||NIFTY27JAN2625900CE,0.0886629293400659
14-01-2026 13:25||NIFTY27JAN2624100PE,0.17271586102961656
14-01-2026 13:25||NIFTY27JAN2624700PE,0.13417071692999621
14-01-2026 13:25||NIFTY27JAN2624900PE,0.12254820966015201
14-01-2026 13:25||NIFTY27JAN2625200CE,0.10646336374787183
14-01-2026 13:25||NIFTY27JAN2625600CE,0.09524895676946246
14-01-2026 13:25||NIFTY27JAN2626400CE,0.09781955566296723
14-01-2026 13:25||NIFTY27JAN2626500CE,0.10084803202293414
14-01-2026 13:30||NIFTY27JAN2624200PE,0.16620608210214477
14-01-2026 13:30||NIFTY27JAN2624300PE,0.15956909425281685
14-01-2026 13:30||NIFTY27JAN2625200CE,0.09753363708979745
14-01-2026 13:30||NIFTY27JAN2625700CE,0.0899108883319919
14-01-2026 13:30||NIFTY27JAN2626500CE,0.10074616278438671
14-01-2026 13:35||NIFTY27JAN2624000PE,0.1780995313711401
14-01-2026 13:35||NIFTY27JAN2624100PE,0.17167171269835357
14-01-2026 13:35||NIFTY27JAN2625100PE,0.11432189837048132
14-01-2026 13:35||NIFTY27JAN2625500CE,0.08138411114311167
14-01-2026 13:35||NIFTY27JAN2625700CE,0.08485487377447716
14-01-2026 13:40||NIFTY27JAN2626500CE,0.10476429463545339
14-01-2026 13:45||NIFTY27JAN2624100PE,0.16805691085380758
14-01-2026 13:45||NIFTY27JAN2624200PE,0.1615782544949125
14-01-2026 13:45||NIFTY27JAN2624400PE,0.14877147825615417
14-01-2026 13:45||NIFTY27JAN2624600PE,0.13633637924056588
14-01-2026 13:45||NIFTY27JAN2624700PE,0.13036890873417684
14-01-2026 13:45||NIFTY27JAN2624800PE,0.12456194110418643
14-01-2026 13:45||NIFTY27JAN2625400CE,0.10160374858587148
14-01-2026 13:45||NIFTY27JAN2626200CE,0.09822363990707832
14-01-2026 13:45||NIFTY27JAN2626300CE,0.10077017584068784
14-01-2026 13:45||NIFTY27JAN2626400CE,0.1039281103935715
14-01-2026 13:50||NIFTY27JAN2625400CE,0.0862531826131154
14-01-2026 13:50||NIFTY27JAN2625600CE,0.08773780007036573
14-01-2026 13:50||NIFTY27JAN2626300CE,0.09836374807490425
14-01-2026 13:55||NIFTY27JAN2623800PE,0.1874408348691581
14-01-2026 13:55||NIFTY27JAN2624600PE,0.13614851597559052
14-01-2026 13:55||NIFTY27JAN2624900PE,0.11962074375452071
14-01-2026 13:55||NIFTY27JAN2625200CE,0.10067268801840686
14-01-2026 13:55||NIFTY27JAN2626200CE,0.09832393925038845
14-01-2026 14:00||NIFTY27JAN2623800PE,0.19061042058106878
14-01-2026 14:00||NIFTY27JAN2623900PE,0.18312027887406596
14-01-2026 14:00||NIFTY27JAN2624400PE,0.14923743759306252
14-01-2026 14:00||NIFTY27JAN2624500PE,0.14304542633056513
14-01-2026 14:05||NIFTY27JAN2624000PE,0.17503489352190454
14-01-2026 14:05||NIFTY27JAN2624300PE,0.1551457304311217
14-01-2026 14:05||NIFTY27JAN2624700PE,0.13023364758008468
14-01-2026 14:05||NIFTY27JAN2624800PE,0.1246319417288125
14-01-2026 14:05||NIFTY27JAN2625200CE,0.10690523195410154
14-01-2026 14:05||NIFTY27JAN2625700CE,0.09723760176299827
14-01-2026 14:05||NIFTY27JAN2625900CE,0.09616965180116963
14-01-2026 14:10||NIFTY27JAN2624200PE,0.16199369277477352
14-01-2026 14:10||NIFTY27JAN2624800PE,0.12361586666673881
14-01-2026 14:10||NIFTY27JAN2625700CE,0.09871647786425441
14-01-2026 14:15||NIFTY27JAN2624600PE,0.13784829378912203
14-01-2026 14:15||NIFTY27JAN2625300CE,0.09327935125651629
14-01-2026 14:15||NIFTY27JAN2625900CE,0.09152391194886754
14-01-2026 14:15||NIFTY27JAN2626000CE,0.09249245657377998
14-01-2026 14:15||NIFTY27JAN2626500CE,0.10665020806274039
14-01-2026 14:20||NIFTY27JAN2624400PE,0.1494436165576542
14-01-2026 14:20||NIFTY27JAN2624900PE,0.12063378926691061
14-01-2026 14:20||NIFTY27JAN2625100PE,0.11151948405522907
14-01-2026 14:25||NIFTY27JAN2623800PE,0.18735839720908012
14-01-2026 14:25||NIFTY27JAN2625600CE,0.10101448391898682
14-01-2026 14:25||NIFTY27JAN2626100CE,0.10014930636032332
14-01-2026 14:30||NIFTY27JAN2623900PE,0.18125392714627114
14-01-2026 14:30||NIFTY27JAN2624300PE,0.15438614644714804
14-01-2026 14:30||NIFTY27JAN2624500PE,0.14150826922693743
14-01-2026 14:30||NIFTY27JAN2625000PE,0.11302229506641434
14-01-2026 14:30||NIFTY27JAN2625100PE,0.10828926796010759
14-01-2026 14:30||NIFTY27JAN2625400CE,0.10666982513956921
14-01-2026 14:30||NIFTY27JAN2626000CE,0.0985624019751301
14-01-2026 14:30||NIFTY27JAN2626100CE,0.09947807864649952
14-01-2026 14:30||NIFTY27JAN2626400CE,0.10856115479654388
14-01-2026 14:30||NIFTY27JAN2626500CE,0.11388222361843721
14-01-2026 14:35||NIFTY27JAN2624000PE,0.17471309136880997
14-01-2026 14:35||NIFTY27JAN2624300PE,0.15477544613526756
14-01-2026 14:35||NIFTY27JAN2625500CE,0.10748004627261995
14-01-2026 14:35||NIFTY27JAN2625900CE,0.0994158790339611
14-01-2026 14:35||NIFTY27JAN2626400CE,0.10777638092456791
14-01-2026 14:40||NIFTY27JAN2624300PE,0.15675237882908755
14-01-2026 14:40||NIFTY27JAN2624400PE,0.1501226182947738
14-01-2026 14:40||NIFTY27JAN2624500PE,0.1435600170303239
14-01-2026 14:40||NIFTY27JAN2624700PE,0.13090021147869813
14-01-2026 14:40||NIFTY27JAN2624800PE,0.1250654829765928
14-01-2026 14:40||NIFTY27JAN2625000PE,0.11414870045845778
14-01-2026 14:40||NIFTY27JAN2625400CE,0.10624808553804066
14-01-2026 14:40||NIFTY27JAN2625800CE,0.09738475821318532
14-01-2026 14:45||NIFTY27JAN2624500PE,0.14616160819559904
14-01-2026 14:45||NIFTY27JAN2624800PE,0.1273135979712035
14-01-2026 14:45||NIFTY27JAN2625100PE,0.11095956171413346
14-01-2026 14:45||NIFTY27JAN2625400CE,0.09891300493436267
14-01-2026 14:45||NIFTY27JAN2625500CE,0.09740190300158333
14-01-2026 14:45||NIFTY27JAN2625800CE,0.09479040298130179
14-01-2026 14:45||NIFTY27JAN2626100CE,0.09631740910158951
14-01-2026 14:45||NIFTY27JAN2626200CE,0.09819572870035816
14-01-2026 14:45||NIFTY27JAN2626300CE,0.10048175222360663
14-01-2026 14:50||NIFTY27JAN2624400PE,0.15284382244250438
14-01-2026 14:50||NIFTY27JAN2624600PE,0.1398026462542526
14-01-2026 14:50||NIFTY27JAN2624900PE,0.12217774901189338
14-01-2026 14:50||NIFTY27JAN2625200CE,0.10753642875548663
14-01-2026 14:50||NIFTY27JAN2625700CE,0.09495573182885783
14-01-2026 14:50||NIFTY27JAN2625800CE,0.09426928380310362
14-01-2026 14:50||NIFTY27JAN2626300CE,0.09954041038972694
14-01-2026 14:55||NIFTY27JAN2624100PE,0.17206206026795065
14-01-2026 14:55||NIFTY27JAN2624200PE,0.1654685755700856
14-01-2026 14:55||NIFTY27JAN2624600PE,0.13945550500574014
14-01-2026 14:55||NIFTY27JAN2624800PE,0.12727596892688156
14-01-2026 14:55||NIFTY27JAN2625100PE,0.11176354648862614
14-01-2026 14:55||NIFTY27JAN2625300CE,0.09674196502057245
14-01-2026 14:55||NIFTY27JAN2625400CE,0.09438475039744633
14-01-2026 14:55||NIFTY27JAN2625600CE,0.09141952581648029
14-01-2026 14:55||NIFTY27JAN2626400CE,0.10087435586929275
14-01-2026 15:00||NIFTY27JAN2624300PE,0.15673443880331442
14-01-2026 15:00||NIFTY27JAN2624700PE,0.13142475963964123
14-01-2026 15:00||NIFTY27JAN2625800CE,0.09599241828939087
14-01-2026 15:05||NIFTY27JAN2623900PE,0.1848736976012287
14-01-2026 15:05||NIFTY27JAN2624400PE,0.15245382828796566
14-01-2026 15:05||NIFTY27JAN2624800PE,0.12816898863579362
14-01-2026 15:05||NIFTY27JAN2626300CE,0.09919294229549921
14-01-2026 15:10||NIFTY27JAN2624100PE,0.16992117624907352
14-01-2026 15:10||NIFTY27JAN2624500PE,0.1442865918832708
14-01-2026 15:10||NIFTY27JAN2624900PE,0.12214362111482703
14-01-2026 15:10||NIFTY27JAN2625500CE,0.09567222368510804
14-01-2026 15:10||NIFTY27JAN2626200CE,0.0983648747609713
14-01-2026 15:15||NIFTY27JAN2624400PE,0.14927467309637532
14-01-2026 15:15||NIFTY27JAN2624700PE,0.13066461681260155
14-01-2026 15:15||NIFTY27JAN2625100PE,0.11055129671484742
14-01-2026 15:15||NIFTY27JAN2625500CE,0.10228679609691546
14-01-2026 15:15||NIFTY27JAN2625900CE,0.09761788810477348
14-01-2026 15:15||NIFTY27JAN2626100CE,0.09888922152301433
14-01-2026 15:20||NIFTY27JAN2624500PE,0.1430390450710552
14-01-2026 15:20||NIFTY27JAN2624800PE,0.12553063025952244
14-01-2026 15:20||NIFTY27JAN2626100CE,0.09987399603022351
14-01-2026 15:20||NIFTY27JAN2626300CE,0.10391120025341682
14-01-2026 15:20||NIFTY27JAN2626400CE,0.10682926380495136
14-01-2026 15:25||NIFTY27JAN2623900PE,0.1846924626430732
14-01-2026 15:25||NIFTY27JAN2624600PE,0.1391311648692136
14-01-2026 15:25||NIFTY27JAN2625100PE,0.112754939927674
14-01-2026 15:25||NIFTY27JAN2625200CE,0.10831874100719578
14-01-2026 15:25||NIFTY27JAN2626400CE,0.10556789037077463
14-01-2026 15:25||NIFTY27JAN2626500CE,0.11041534916500673
16-01-2026 09:15||NIFTY27JAN2624100PE,0.1783062457885287
16-01-2026 09:15||NIFTY27JAN2624200PE,0.17140771722382536
16-01-2026 09:15||NIFTY27JAN2624300PE,0.16426221548868436
16-01-2026 09:15||NIFTY27JAN2624800PE,0.1307207408038195
16-01-2026 09:15||NIFTY27JAN2625000PE,0.11897201830942054
16-01-2026 09:15||NIFTY27JAN2626000CE,0.10556043640380246
16-01-2026 09:15||NIFTY27JAN2626100CE,0.10490160805099048
16-01-2026 09:20||NIFTY27JAN2624100PE,0.17801420519735567
16-01-2026 09:20||NIFTY27JAN2624400PE,0.15785202149361766
16-01-2026 09:20||NIFTY27JAN2624600PE,0.14449118678670636
16-01-2026 09:20||NIFTY27JAN2625000PE,0.12057551370865373
16-01-2026 09:20||NIFTY27JAN2625200CE,0.12577319797795322
16-01-2026 09:20||NIFTY27JAN2625400CE,0.11218667769237894
16-01-2026 09:20||NIFTY27JAN2625700CE,0.10220056830238988
16-01-2026 09:20||NIFTY27JAN2626000CE,0.09734978526947899
16-01-2026 09:25||NIFTY27JAN2624600PE,0.14124610087794273
16-01-2026 09:25||NIFTY27JAN2624700PE,0.13493721356095
16-01-2026 09:25||NIFTY27JAN2625300CE,0.1294245734351711
16-01-2026 09:25||NIFTY27JAN2625600CE,0.11052824517452353
16-01-2026 09:25||NIFTY27JAN2626300CE,0.10115280296538437
16-01-2026 09:25||NIFTY27JAN2626500CE,0.1062455485568581
16-01-2026 09:30||NIFTY27JAN2623800PE,0.19637087549686955
16-01-2026 09:30||NIFTY27JAN2624300PE,0.15955638943639372
16-01-2026 09:30||NIFTY27JAN2624400PE,0.1528096938203935
16-01-2026 09:30||NIFTY27JAN2624900PE,0.12221866451432392
16-01-2026 09:30||NIFTY27JAN2625100PE,0.11190507672488119
16-01-2026 09:30||NIFTY27JAN2625500CE,0.10597571107369175
16-01-2026 09:30||NIFTY27JAN2625700CE,0.10064336154336015
16-01-2026 09:30||NIFTY27JAN2625900CE,0.09654481901736392
16-01-2026 09:30||NIFTY27JAN2626000CE,0.09547993830954041
16-01-2026 09:35||NIFTY27JAN2624100PE,0.1739623325769259
16-01-2026 09:35||NIFTY27JAN2624200PE,0.16685219645894328
16-01-2026 09:35||NIFTY27JAN2624800PE,0.12742385492954117
16-01-2026 09:35||NIFTY27JAN2625100PE,0.1120708434369377
16-01-2026 09:35||NIFTY27JAN2626300CE,0.09864683939186453
16-01-2026 09:35||NIFTY27JAN2626400CE,0.10139310780709104
16-01-2026 09:40||NIFTY27JAN2624200PE,0.16618578929861544
16-01-2026 09:40||NIFTY27JAN2624300PE,0.159332067346842
16-01-2026 09:40||NIFTY27JAN2625900CE,0.10348689897431264
16-01-2026 09:40||NIFTY27JAN2626500CE,0.10528714108287322
16-01-2026 09:45||NIFTY27JAN2623900PE,0.1898284359364427
16-01-2026 09:45||NIFTY27JAN2624500PE,0.14655320539704456
16-01-2026 09:45||NIFTY27JAN2624800PE,0.12556194283128244
16-01-2026 09:45||NIFTY27JAN2624900PE,0.11939845711062548
16-01-2026 09:45||NIFTY27JAN2625400CE,0.12610736254344035
16-01-2026 09:45||NIFTY27JAN2626000CE,0.10148863328108554
16-01-2026 09:45||NIFTY27JAN2626100CE,0.1001653632298527
16-01-2026 09:50||NIFTY27JAN2623900PE,0.19259513295865802
16-01-2026 09:50||NIFTY27JAN2624200PE,0.17153266788822874
16-01-2026 09:50||NIFTY27JAN2624900PE,0.12151885858546463
16-01-2026 09:50||NIFTY27JAN2625500CE,0.11361135657995328
16-01-2026 09:50||NIFTY27JAN2625600CE,0.10908803627091568
16-01-2026 09:50||NIFTY27JAN2625700CE,0.10519025392053478
16-01-2026 09:50||NIFTY27JAN2625800CE,0.10179848358590186
16-01-2026 09:50||NIFTY27JAN2626000CE,0.09716650911580467
16-01-2026 09:50||NIFTY27JAN2626200CE,0.09639666072720332
16-01-2026 09:55||NIFTY27JAN2623800PE,0.2005907615349448
16-01-2026 09:55||NIFTY27JAN2624000PE,0.18657834682110752
16-01-2026 09:55||NIFTY27JAN2624200PE,0.1721617657216225
16-01-2026 09:55||NIFTY27JAN2624500PE,0.15031172500515214
16-01-2026 09:55||NIFTY27JAN2624900PE,0.12220177937942717
16-01-2026 09:55||NIFTY27JAN2625000PE,0.11625838107448583
16-01-2026 09:55||NIFTY27JAN2625300CE,0.11638481564439193
16-01-2026 09:55||NIFTY27JAN2625400CE,0.11139984926394834
16-01-2026 09:55||NIFTY27JAN2625500CE,0.10724038050746344
16-01-2026 09:55||NIFTY27JAN2625700CE,0.09998561908360337
16-01-2026 09:55||NIFTY27JAN2625900CE,0.09519285357904417
16-01-2026 09:55||NIFTY27JAN2626000CE,0.09401557351881165
16-01-2026 09:55||NIFTY27JAN2626400CE,0.09668978426164435
16-01-2026 09:55||NIFTY27JAN2626500CE,0.09912552313756685
16-01-2026 10:00||NIFTY27JAN2624000PE,0.18610017762834727
16-01-2026 10:00||NIFTY27JAN2625400CE,0.1313782576415269
16-01-2026 10:00||NIFTY27JAN2625900CE,0.10372899226634197
16-01-2026 10:00||NIFTY27JAN2626000CE,0.10133502610271465
16-01-2026 10:00||NIFTY27JAN2626400CE,0.1017465291577001
16-01-2026 10:00||NIFTY27JAN2626500CE,0.10490746779143928
16-01-2026 10:05||NIFTY27JAN2624000PE,0.1867379750236938
16-01-2026 10:05||NIFTY27JAN2624100PE,0.17995674516916615
16-01-2026 10:05||NIFTY27JAN2624400PE,0.1581398435602716
16-01-2026 10:05||NIFTY27JAN2625100PE,0.10879761372808855
16-01-2026 10:05||NIFTY27JAN2625700CE,0.10917810871905863
16-01-2026 10:05||NIFTY27JAN2626400CE,0.10048091320530442
16-01-2026 10:05||NIFTY27JAN2626500CE,0.10313227013767653
16-01-2026 10:10||NIFTY27JAN2623900PE,0.19601572140350448
16-01-2026 10:10||NIFTY27JAN2624800PE,0.13016466805017018
16-01-2026 10:10||NIFTY27JAN2625300CE,0.14044530376015704
16-01-2026 10:10||NIFTY27JAN2625600CE,0.1176658481125562
16-01-2026 10:10||NIFTY27JAN2626100CE,0.10071318714286415
16-01-2026 10:10||NIFTY27JAN2626400CE,0.1030948998780536
16-01-2026 10:15||NIFTY27JAN2623800PE,0.20641361493809426
16-01-2026 10:15||NIFTY27JAN2624400PE,0.16429764063108115
16-01-2026 10:15||NIFTY27JAN2624500PE,0.15652367917605683
16-01-2026 10:15||NIFTY27JAN2625300CE,0.15791506103018618
16-01-2026 10:20||NIFTY27JAN2623800PE,0.20933332275900549
16-01-2026 10:20||NIFTY27JAN2624300PE,0.17584230701922499
16-01-2026 10:20||NIFTY27JAN2624500PE,0.1609376346727996
16-01-2026 10:20||NIFTY27JAN2624800PE,0.13859402255104158
16-01-2026 10:20||NIFTY27JAN2625700CE,0.118993887406526
16-01-2026 10:20||NIFTY27JAN2625900CE,0.11061109462928197
16-01-2026 10:20||NIFTY27JAN2626400CE,0.10499772609016547
16-01-2026 10:25||NIFTY27JAN2624000PE,0.198015552200959
16-01-2026 10:25||NIFTY27JAN2624200PE,0.1839933336360337
16-01-2026 10:25||NIFTY27JAN2624300PE,0.1767196794513379
16-01-2026 10:25||NIFTY27JAN2624600PE,0.15434460103116726
16-01-2026 10:25||NIFTY27JAN2625400CE,0.13938042585921107
16-01-2026 10:25||NIFTY27JAN2626000CE,0.10514140453062877
16-01-2026 10:30||NIFTY27JAN2624200PE,0.1840160640051788
16-01-2026 10:30||NIFTY27JAN2624400PE,0.1694490967476153
16-01-2026 10:30||NIFTY27JAN2624800PE,0.14052762047741402
16-01-2026 10:30||NIFTY27JAN2625500CE,0.12497355415625715
16-01-2026 10:35||NIFTY27JAN2624000PE,0.1988260197912988
16-01-2026 10:35||NIFTY27JAN2624200PE,0.18485333159025089
16-01-2026 10:35||NIFTY27JAN2624900PE,0.1347797726380143
16-01-2026 10:35||NIFTY27JAN2625100PE,0.12099812096024055
16-01-2026 10:35||NIFTY27JAN2625200CE,0.14877407131640724
16-01-2026 10:35||NIFTY27JAN2625600CE,0.11952380626728808
16-01-2026 10:35||NIFTY27JAN2626300CE,0.09995083174653985
16-01-2026 10:35||NIFTY27JAN2626400CE,0.10098976485484865
16-01-2026 10:40||NIFTY27JAN2623800PE,0.21302947900303762
16-01-2026 10:40||NIFTY27JAN2624200PE,0.1856852433522721
16-01-2026 10:40||NIFTY27JAN2624700PE,0.14953672740841412
16-01-2026 10:40||NIFTY27JAN2624900PE,0.13568202228390533
16-01-2026 10:40||NIFTY27JAN2626200CE,0.09449648236580344
16-01-2026 10:45||NIFTY27JAN2623800PE,0.21231534371771665
16-01-2026 10:45||NIFTY27JAN2624000PE,0.19839525289651283
16-01-2026 10:45||NIFTY27JAN2624400PE,0.1700464659002226
16-01-2026 10:45||NIFTY27JAN2624600PE,0.1552012556498355
16-01-2026 10:45||NIFTY27JAN2624900PE,0.13429259917912434
16-01-2026 10:45||NIFTY27JAN2625200CE,0.13707028694152557
16-01-2026 10:50||NIFTY27JAN2624200PE,0.1830984576222676
16-01-2026 10:50||NIFTY27JAN2624300PE,0.17584518086647988
16-01-2026 10:50||NIFTY27JAN2624400PE,0.16863130428688367
16-01-2026 10:50||NIFTY27JAN2624600PE,0.15413138073313568
16-01-2026 10:50||NIFTY27JAN2625400CE,0.12990200320537984
16-01-2026 10:50||NIFTY27JAN2626300CE,0.09800857065986092
16-01-2026 10:50||NIFTY27JAN2626400CE,0.09944728294483747
16-01-2026 10:55||NIFTY27JAN2623800PE,0.2110386943794811
16-01-2026 10:55||NIFTY27JAN2623900PE,0.20415833025358654
16-01-2026 10:55||NIFTY27JAN2624900PE,0.13318888005664217
16-01-2026 10:55||NIFTY27JAN2625400CE,0.12406239516900341
16-01-2026 10:55||NIFTY27JAN2625800CE,0.10308044594547626
16-01-2026 10:55||NIFTY27JAN2625900CE,0.10020482646684675
16-01-2026 10:55||NIFTY27JAN2626100CE,0.0965843724247201
16-01-2026 10:55||NIFTY27JAN2626500CE,0.09968380284426466
16-01-2026 11:00||NIFTY27JAN2624400PE,0.1678815391038293
16-01-2026 11:00||NIFTY27JAN2624900PE,0.13237329948939103
16-01-2026 11:00||NIFTY27JAN2625000PE,0.12557159271135537
16-01-2026 11:00||NIFTY27JAN2625300CE,0.13721212779630632
16-01-2026 11:00||NIFTY27JAN2626000CE,0.09879302605148503
16-01-2026 11:00||NIFTY27JAN2626100CE,0.09734670149170668
16-01-2026 11:05||NIFTY27JAN2624300PE,0.17454022596145616
16-01-2026 11:05||NIFTY27JAN2624400PE,0.16732411557409851
16-01-2026 11:05||NIFTY27JAN2625100PE,0.11849233121130708
16-01-2026 11:05||NIFTY27JAN2626100CE,0.1000275094588706
16-01-2026 11:10||NIFTY27JAN2624000PE,0.19458823297037361
16-01-2026 11:10||NIFTY27JAN2625800CE,0.10162749192827114
16-01-2026 11:10||NIFTY27JAN2626000CE,0.09725769623408452
16-01-2026 11:15||NIFTY27JAN2623900PE,0.20072825126575755
16-01-2026 11:15||NIFTY27JAN2624600PE,0.1512258528656162
16-01-2026 11:15||NIFTY27JAN2625800CE,0.10151531016533788
16-01-2026 11:15||NIFTY27JAN2626200CE,0.09543917049278561
16-01-2026 11:20||NIFTY27JAN2623800PE,0.2059468297507907
16-01-2026 11:20||NIFTY27JAN2624000PE,0.19180516104983722
16-01-2026 11:20||NIFTY27JAN2624100PE,0.1848199907377142
16-01-2026 11:20||NIFTY27JAN2624900PE,0.13060166559949327
16-01-2026 11:20||NIFTY27JAN2625900CE,0.09957311485353597
16-01-2026 11:20||NIFTY27JAN2626000CE,0.09758562492566383
16-01-2026 11:20||NIFTY27JAN2626200CE,0.09616274550239562
16-01-2026 11:25||NIFTY27JAN2624200PE,0.17790343381670806
16-01-2026 11:25||NIFTY27JAN2624800PE,0.1362752066909782
16-01-2026 11:25||NIFTY27JAN2625000PE,0.12366112919757795
16-01-2026 11:25||NIFTY27JAN2626300CE,0.09840251957452228
16-01-2026 11:30||NIFTY27JAN2624300PE,0.17137488525684252
16-01-2026 11:30||NIFTY27JAN2625600CE,0.10480404890717587
16-01-2026 11:30||NIFTY27JAN2626500CE,0.09701203871429034
16-01-2026 11:35||NIFTY27JAN2624500PE,0.15620167778138117
16-01-2026 11:35||NIFTY27JAN2624800PE,0.13612269882063177
16-01-2026 11:35||NIFTY27JAN2625300CE,0.11928547753704032
16-01-2026 11:35||NIFTY27JAN2625500CE,0.11042290053730515
16-01-2026 11:35||NIFTY27JAN2626200CE,0.096162712004082
16-01-2026 11:40||NIFTY27JAN2624400PE,0.16291733385612145
16-01-2026 11:40||NIFTY27JAN2624500PE,0.15590800989763312
16-01-2026 11:40||NIFTY27JAN2625500CE,0.11208521624313478
16-01-2026 11:40||NIFTY27JAN2626100CE,0.09581847117245296
16-01-2026 11:45||NIFTY27JAN2624300PE,0.1693522340984687
16-01-2026 11:45||NIFTY27JAN2625000PE,0.1217135682010949
16-01-2026 11:45||NIFTY27JAN2625400CE,0.12347484778655063
16-01-2026 11:50||NIFTY27JAN2623900PE,0.19779990797148575
16-01-2026 11:50||NIFTY27JAN2624300PE,0.16913086460795573
16-01-2026 11:50||NIFTY27JAN2625500CE,0.11787349340137693
16-01-2026 11:55||NIFTY27JAN2624000PE,0.19068779869745583
16-01-2026 11:55||NIFTY27JAN2624500PE,0.15572831949964835
16-01-2026 11:55||NIFTY27JAN2624800PE,0.13520237879437277
16-01-2026 11:55||NIFTY27JAN2625000PE,0.12231992418376696
16-01-2026 11:55||NIFTY27JAN2625100PE,0.11625777736441176
16-01-2026 11:55||NIFTY27JAN2626200CE,0.09469079490534071
16-01-2026 12:00||NIFTY27JAN2623900PE,0.19514456449324408
16-01-2026 12:00||NIFTY27JAN2624000PE,0.18811151341785684
16-01-2026 12:00||NIFTY27JAN2624200PE,0.17394398979686956
16-01-2026 12:00||NIFTY27JAN2624400PE,0.1597329412463846
16-01-2026 12:00||NIFTY27JAN2624800PE,0.13246313645544988
16-01-2026 12:00||NIFTY27JAN2624900PE,0.12624508589856803
16-01-2026 12:00||NIFTY27JAN2625200CE,0.14803609236101417
16-01-2026 12:00||NIFTY27JAN2626200CE,0.10115488217500915
16-01-2026 12:05||NIFTY27JAN2623800PE,0.2033616623904297
16-01-2026 12:05||NIFTY27JAN2624200PE,0.17463538380743812
16-01-2026 12:05||NIFTY27JAN2624500PE,0.15315438595239467
16-01-2026 12:05||NIFTY27JAN2624800PE,0.13278599441549993
16-01-2026 12:05||NIFTY27JAN2625000PE,0.11983860456378134
16-01-2026 12:05||NIFTY27JAN2625200CE,0.15168156836862673
16-01-2026 12:05||NIFTY27JAN2625900CE,0.11148867068976351
16-01-2026 12:10||NIFTY27JAN2624800PE,0.13398972546519755
16-01-2026 12:10||NIFTY27JAN2625100PE,0.11550954031739002
16-01-2026 12:10||NIFTY27JAN2625300CE,0.1458510145693469
16-01-2026 12:10||NIFTY27JAN2625800CE,0.11325053644856319
16-01-2026 12:10||NIFTY27JAN2626000CE,0.10587775215240355
16-01-2026 12:10||NIFTY27JAN2626100CE,0.10346577882794387
16-01-2026 12:15||NIFTY27JAN2624000PE,0.19127961702395913
16-01-2026 12:15||NIFTY27JAN2624600PE,0.14769246519754087
16-01-2026 12:15||NIFTY27JAN2624800PE,0.13489307635682132
16-01-2026 12:15||NIFTY27JAN2624900PE,0.1287279374351798
16-01-2026 12:15||NIFTY27JAN2625000PE,0.12276907395222102
16-01-2026 12:15||NIFTY27JAN2625800CE,0.10489704176172152
16-01-2026 12:15||NIFTY27JAN2626000CE,0.09953470582261023
16-01-2026 12:20||NIFTY27JAN2623900PE,0.19805579094090953
16-01-2026 12:20||NIFTY27JAN2624300PE,0.16857130764448344
16-01-2026 12:20||NIFTY27JAN2624500PE,0.15440398862184979
16-01-2026 12:20||NIFTY27JAN2624900PE,0.1284969070746551
16-01-2026 12:20||NIFTY27JAN2625400CE,0.1265346594407156
16-01-2026 12:20||NIFTY27JAN2625600CE,0.11428658032778302
16-01-2026 12:20||NIFTY27JAN2625700CE,0.10958638028456148
16-01-2026 12:25||NIFTY27JAN2623800PE,0.2040020190519316
16-01-2026 12:25||NIFTY27JAN2624500PE,0.15530934614495417
16-01-2026 12:25||NIFTY27JAN2624700PE,0.14277220170746718
16-01-2026 12:25||NIFTY27JAN2624800PE,0.13707857529183448
16-01-2026 12:25||NIFTY27JAN2625000PE,0.12544888961358266
16-01-2026 12:25||NIFTY27JAN2625100PE,0.11998242867128975
16-01-2026 12:25||NIFTY27JAN2626400CE,0.09468109609530238
16-01-2026 12:30||NIFTY27JAN2623800PE,0.2002624711590757
16-01-2026 12:30||NIFTY27JAN2624400PE,0.15377264629812581
16-01-2026 12:30||NIFTY27JAN2624600PE,0.1402405446443511
16-01-2026 12:35||NIFTY27JAN2623800PE,0.20324233999045171
16-01-2026 12:35||NIFTY27JAN2623900PE,0.19382725482893576
16-01-2026 12:35||NIFTY27JAN2624800PE,0.13028454981150128
16-01-2026 12:35||NIFTY27JAN2625600CE,0.11043314030941659
16-01-2026 12:35||NIFTY27JAN2625700CE,0.10682293088906752
16-01-2026 12:35||NIFTY27JAN2625800CE,0.10368212700845067
16-01-2026 12:35||NIFTY27JAN2625900CE,0.10108301266656056
16-01-2026 12:35||NIFTY27JAN2626000CE,0.09917609667086519
16-01-2026 12:35||NIFTY27JAN2626200CE,0.09824557627323245
16-01-2026 12:40||NIFTY27JAN2623800PE,0.20247620960806484
16-01-2026 12:40||NIFTY27JAN2625200CE,0.12544805649136148
16-01-2026 12:40||NIFTY27JAN2625900CE,0.09915194637308623
16-01-2026 12:45||NIFTY27JAN2624000PE,0.18421301200328177
16-01-2026 12:45||NIFTY27JAN2624800PE,0.13043101274011737
16-01-2026 12:45||NIFTY27JAN2625700CE,0.10339943332117292
16-01-2026 12:45||NIFTY27JAN2625900CE,0.09960313919674747
16-01-2026 12:45||NIFTY27JAN2626000CE,0.09797668138543791
16-01-2026 12:45||NIFTY27JAN2626300CE,0.09939719403275593
16-01-2026 12:50||NIFTY27JAN2624300PE,0.16182000293121399
16-01-2026 12:50||NIFTY27JAN2626000CE,0.10302856486639664
16-01-2026 12:50||NIFTY27JAN2626200CE,0.10173600223103284
16-01-2026 12:55||NIFTY27JAN2623900PE,0.192507904024246
16-01-2026 12:55||NIFTY27JAN2624700PE,0.13690393935528514
16-01-2026 12:55||NIFTY27JAN2624900PE,0.12533749194790877
16-01-2026 12:55||NIFTY27JAN2625500CE,0.10649338785727798
16-01-2026 12:55||NIFTY27JAN2625800CE,0.09814660007556203
16-01-2026 13:00||NIFTY27JAN2623800PE,0.1992868179625366
16-01-2026 13:00||NIFTY27JAN2624700PE,0.13500948154175613
16-01-2026 13:00||NIFTY27JAN2624800PE,0.12914747821579603
16-01-2026 13:00||NIFTY27JAN2625400CE,0.11015609727833515
16-01-2026 13:00||NIFTY27JAN2625900CE,0.09829182845432027
16-01-2026 13:00||NIFTY27JAN2626000CE,0.097580525383902
16-01-2026 13:05||NIFTY27JAN2624100PE,0.17452362196354237
16-01-2026 13:05||NIFTY27JAN2625000PE,0.11536627871300538
16-01-2026 13:05||NIFTY27JAN2625300CE,0.12793651887741336
16-01-2026 13:10||NIFTY27JAN2625200CE,0.13091335167671647
16-01-2026 13:15||NIFTY27JAN2623800PE,0.19628917157342882
16-01-2026 13:15||NIFTY27JAN2624100PE,0.1730761052956847
16-01-2026 13:15||NIFTY27JAN2624600PE,0.13778738471411098
16-01-2026 13:15||NIFTY27JAN2624700PE,0.13153911709137328
16-01-2026 13:15||NIFTY27JAN2625800CE,0.10193773997252797
16-01-2026 13:15||NIFTY27JAN2626100CE,0.09934120315715689
16-01-2026 13:15||NIFTY27JAN2626200CE,0.10008643769747061
16-01-2026 13:20||NIFTY27JAN2624300PE,0.15727715695411923
16-01-2026 13:20||NIFTY27JAN2624700PE,0.13136538175366452
16-01-2026 13:20||NIFTY27JAN2625100PE,0.11041072025802044
16-01-2026 13:20||NIFTY27JAN2625600CE,0.10516949053806257
16-01-2026 13:20||NIFTY27JAN2626100CE,0.09862697395309133
16-01-2026 13:25||NIFTY27JAN2623900PE,0.1842095671135091
16-01-2026 13:25||NIFTY27JAN2624300PE,0.15453585235937
16-01-2026 13:25||NIFTY27JAN2624400PE,0.14766294894742432
16-01-2026 13:25||NIFTY27JAN2625200CE,0.13864958974826547
16-01-2026 13:25||NIFTY27JAN2625300CE,0.13085582111486377
16-01-2026 13:25||NIFTY27JAN2625500CE,0.12228525578181804
16-01-2026 13:25||NIFTY27JAN2625800CE,0.10971326054085836
16-01-2026 13:25||NIFTY27JAN2626400CE,0.10675645461081346
16-01-2026 13:25||NIFTY27JAN2626500CE,0.10973328766126689
16-01-2026 13:30||NIFTY27JAN2624000PE,0.17801443075178044
16-01-2026 13:30||NIFTY27JAN2624200PE,0.16334789086041285
16-01-2026 13:30||NIFTY27JAN2624400PE,0.14990727832963968
16-01-2026 13:30||NIFTY27JAN2624900PE,0.12052238128324692
16-01-2026 13:30||NIFTY27JAN2625000PE,0.11554595066577934
16-01-2026 13:30||NIFTY27JAN2625200CE,0.1289313073901818
16-01-2026 13:35||NIFTY27JAN2624400PE,0.14873401343317003
16-01-2026 13:35||NIFTY27JAN2624500PE,0.14201166802471404
16-01-2026 13:35||NIFTY27JAN2624900PE,0.11885767744128181
16-01-2026 13:35||NIFTY27JAN2625500CE,0.11801210711561588
16-01-2026 13:35||NIFTY27JAN2626100CE,0.10229421354954199
16-01-2026 13:35||NIFTY27JAN2626400CE,0.10747174532688097
16-01-2026 13:40||NIFTY27JAN2623900PE,0.18637214911325298
16-01-2026 13:40||NIFTY27JAN2624500PE,0.1437662292918165
16-01-2026 13:40||NIFTY27JAN2624700PE,0.13169833229863542
16-01-2026 13:40||NIFTY27JAN2625200CE,0.1287099297403226
16-01-2026 13:40||NIFTY27JAN2625300CE,0.12116123051336113
16-01-2026 13:40||NIFTY27JAN2625900CE,0.10039992737782542
16-01-2026 13:40||NIFTY27JAN2626000CE,0.09948954997154934
16-01-2026 13:40||NIFTY27JAN2626200CE,0.10047929131941305
16-01-2026 13:40||NIFTY27JAN2626500CE,0.10857435797469442
16-01-2026 13:45||NIFTY27JAN2623900PE,0.18622694015036753
16-01-2026 13:45||NIFTY27JAN2624100PE,0.17044543469046708
16-01-2026 13:45||NIFTY27JAN2624500PE,0.14288543019528244
16-01-2026 13:50||NIFTY27JAN2624700PE,0.13380490107611132
16-01-2026 13:50||NIFTY27JAN2625900CE,0.095939477108683
16-01-2026 13:50||NIFTY27JAN2626000CE,0.09603160830890858
16-01-2026 13:55||NIFTY27JAN2623900PE,0.1863453803981726
16-01-2026 13:55||NIFTY27JAN2624200PE,0.1634521995441235
16-01-2026 13:55||NIFTY27JAN2624300PE,0.15665044867963632
16-01-2026 13:55||NIFTY27JAN2625000PE,0.11562943278009902
16-01-2026 13:55||NIFTY27JAN2625700CE,0.10285649481277916
16-01-2026 13:55||NIFTY27JAN2626100CE,0.09986529638877048
16-01-2026 14:00||NIFTY27JAN2624500PE,0.1427981365851754
16-01-2026 14:00||NIFTY27JAN2624900PE,0.11991057568501856
16-01-2026 14:00||NIFTY27JAN2625000PE,0.11569556284195412
16-01-2026 14:00||NIFTY27JAN2625100PE,0.11073873609658408
16-01-2026 14:00||NIFTY27JAN2626000CE,0.0985777342859655
16-01-2026 14:05||NIFTY27JAN2624100PE,0.17148587841648108
16-01-2026 14:05||NIFTY27JAN2625500CE,0.10319686442995615
16-01-2026 14:05||NIFTY27JAN2625800CE,0.09759728316307256
16-01-2026 14:05||NIFTY27JAN2626100CE,0.0980578562644682
16-01-2026 14:10||NIFTY27JAN2624500PE,0.14413329201540204
16-01-2026 14:10||NIFTY27JAN2625100PE,0.11097031766441673
16-01-2026 14:10||NIFTY27JAN2625500CE,0.10899740350186041
16-01-2026 14:10||NIFTY27JAN2626400CE,0.10540726479495863
16-01-2026 14:10||NIFTY27JAN2626500CE,0.10903279685942008
16-01-2026 14:15||NIFTY27JAN2624300PE,0.15696605392264149
16-01-2026 14:15||NIFTY27JAN2624600PE,0.13653265768869535
16-01-2026 14:15||NIFTY27JAN2624900PE,0.11937665264570302
16-01-2026 14:15||NIFTY27JAN2625500CE,0.1116818710976869
16-01-2026 14:20||NIFTY27JAN2624200PE,0.1645618714306122
16-01-2026 14:20||NIFTY27JAN2624800PE,0.1251366466300624
16-01-2026 14:20||NIFTY27JAN2625100PE,0.1101567897520434
16-01-2026 14:20||NIFTY27JAN2626000CE,0.09950040527569647
16-01-2026 14:20||NIFTY27JAN2626300CE,0.10322247854316574
16-01-2026 14:25||NIFTY27JAN2623900PE,0.18937735732793756
16-01-2026 14:25||NIFTY27JAN2624900PE,0.12232392662546455
16-01-2026 14:25||NIFTY27JAN2625100PE,0.11203635270973009
16-01-2026 14:25||NIFTY27JAN2625500CE,0.10041642417766708
16-01-2026 14:25||NIFTY27JAN2626500CE,0.10722977035292253
16-01-2026 14:30||NIFTY27JAN2623800PE,0.19547176431870522
16-01-2026 14:30||NIFTY27JAN2624300PE,0.15740670209463703
16-01-2026 14:30||NIFTY27JAN2626300CE,0.1032702567672554
16-01-2026 14:35||NIFTY27JAN2623800PE,0.1972528124468383
16-01-2026 14:35||NIFTY27JAN2624800PE,0.1266676348115034
16-01-2026 14:35||NIFTY27JAN2624900PE,0.12125195919303494
16-01-2026 14:35||NIFTY27JAN2625000PE,0.11617707215192966
16-01-2026 14:35||NIFTY27JAN2625300CE,0.10493849881674353
16-01-2026 14:35||NIFTY27JAN2625900CE,0.09720064552937048
16-01-2026 14:35||NIFTY27JAN2626100CE,0.09704151709183681
16-01-2026 14:35||NIFTY27JAN2626200CE,0.09821732040764444
16-01-2026 14:35||NIFTY27JAN2626300CE,0.09998495956053352
16-01-2026 14:35||NIFTY27JAN2626500CE,0.1059242143643512
16-01-2026 14:40||NIFTY27JAN2624200PE,0.16522300183637462
16-01-2026 14:40||NIFTY27JAN2624600PE,0.1379194093659638
16-01-2026 14:40||NIFTY27JAN2624900PE,0.1205133208359675
16-01-2026 14:40||NIFTY27JAN2625800CE,0.09945217416233712
16-01-2026 14:40||NIFTY27JAN2626500CE,0.10752983709900918
16-01-2026 14:45||NIFTY27JAN2623900PE,0.18758270007117073
16-01-2026 14:45||NIFTY27JAN2624000PE,0.1796900952514583
16-01-2026 14:45||NIFTY27JAN2624100PE,0.17196258029053751
16-01-2026 14:45||NIFTY27JAN2625000PE,0.11589900238998704
16-01-2026 14:45||NIFTY27JAN2625300CE,0.11075335185175478
16-01-2026 14:45||NIFTY27JAN2625600CE,0.1013967014395229
16-01-2026 14:45||NIFTY27JAN2626300CE,0.10038421730495126
16-01-2026 14:45||NIFTY27JAN2626400CE,0.10356691821380443
16-01-2026 14:50||NIFTY27JAN2623900PE,0.1873677494300432
16-01-2026 14:50||NIFTY27JAN2624100PE,0.17212939458303586
16-01-2026 14:50||NIFTY27JAN2624200PE,0.16466496662897354
16-01-2026 14:50||NIFTY27JAN2624300PE,0.1574247809080882
16-01-2026 14:50||NIFTY27JAN2624700PE,0.13141939001046898
16-01-2026 14:50||NIFTY27JAN2625100PE,0.11107666064738578
16-01-2026 14:55||NIFTY27JAN2624200PE,0.16372467009949854
16-01-2026 14:55||NIFTY27JAN2624900PE,0.12065259387350641
16-01-2026 14:55||NIFTY27JAN2625200CE,0.1258648320193658
16-01-2026 14:55||NIFTY27JAN2625300CE,0.11970442128043943
16-01-2026 14:55||NIFTY27JAN2625600CE,0.10616767826425283
16-01-2026 14:55||NIFTY27JAN2625700CE,0.10302754182147075
16-01-2026 14:55||NIFTY27JAN2625800CE,0.10041159815716402
16-01-2026 15:00||NIFTY27JAN2624000PE,0.1795905333611801
16-01-2026 15:00||NIFTY27JAN2624800PE,0.12731839924432914
16-01-2026 15:00||NIFTY27JAN2624900PE,0.12218819619311924
16-01-2026 15:00||NIFTY27JAN2625500CE,0.10154522068079788
16-01-2026 15:05||NIFTY27JAN2623900PE,0.18684148208928134
16-01-2026 15:05||NIFTY27JAN2624100PE,0.17156545390689523
16-01-2026 15:05||NIFTY27JAN2624200PE,0.16400224175827155
16-01-2026 15:05||NIFTY27JAN2624600PE,0.1374521220627814
16-01-2026 15:05||NIFTY27JAN2624900PE,0.12130983872318535
16-01-2026 15:05||NIFTY27JAN2626200CE,0.09821711794592947
16-01-2026 15:10||NIFTY27JAN2623900PE,0.18612205192892117
16-01-2026 15:10||NIFTY27JAN2624700PE,0.1314913111940894
16-01-2026 15:10||NIFTY27JAN2624800PE,0.1262007974783927
16-01-2026 15:10||NIFTY27JAN2625100PE,0.11202816015842174
16-01-2026 15:10||NIFTY27JAN2625600CE,0.10054696551192538
16-01-2026 15:15||NIFTY27JAN2623800PE,0.19455025276159627
16-01-2026 15:15||NIFTY27JAN2624200PE,0.16277058614607284
16-01-2026 15:15||NIFTY27JAN2624400PE,0.14925177118937458
16-01-2026 15:15||NIFTY27JAN2624500PE,0.14286598166220077
16-01-2026 15:15||NIFTY27JAN2624700PE,0.13111884258689965
16-01-2026 15:15||NIFTY27JAN2624800PE,0.12563985538609773
16-01-2026 15:15||NIFTY27JAN2625000PE,0.11516751154778322
16-01-2026 15:15||NIFTY27JAN2625300CE,0.11926691157044282
16-01-2026 15:15||NIFTY27JAN2625500CE,0.109731717729911
16-01-2026 15:15||NIFTY27JAN2626000CE,0.09881437334134141
16-01-2026 15:15||NIFTY27JAN2626100CE,0.09895702971553852
16-01-2026 15:15||NIFTY27JAN2626300CE,0.101969729921238
16-01-2026 15:20||NIFTY27JAN2623900PE,0.18666459864791005
16-01-2026 15:20||NIFTY27JAN2624000PE,0.17875156408836843
16-01-2026 15:20||NIFTY27JAN2624200PE,0.16373640545760812
16-01-2026 15:20||NIFTY27JAN2624400PE,0.15010131518234243
16-01-2026 15:20||NIFTY27JAN2624600PE,0.13726789465242917
16-01-2026 15:20||NIFTY27JAN2624800PE,0.12564618826967255
16-01-2026 15:20||NIFTY27JAN2625500CE,0.10844492842288367
16-01-2026 15:20||NIFTY27JAN2625900CE,0.0989567561528304
16-01-2026 15:20||NIFTY27JAN2626100CE,0.09844200781034723
16-01-2026 15:20||NIFTY27JAN2626400CE,0.10437129408505365
16-01-2026 15:20||NIFTY27JAN2626500CE,0.10779662562523773
16-01-2026 15:25||NIFTY27JAN2626400CE,0.10265576285646648
16-01-2026 15:25||NIFTY27JAN2626500CE,0.10611971307602425
19-01-2026 09:15||NIFTY27JAN2624700PE,0.13607332673263164
19-01-2026 09:15||NIFTY27JAN2624900PE,0.1238844490839861
19-01-2026 09:15||NIFTY27JAN2625400CE,0.12888570591560744
19-01-2026 09:15||NIFTY27JAN2625500CE,0.12439759480239088
19-01-2026 09:15||NIFTY27JAN2625900CE,0.11682911429522508
19-01-2026 09:15||NIFTY27JAN2626300CE,0.12546352639953576
19-01-2026 09:15||NIFTY27JAN2626400CE,0.13012235643974496
19-01-2026 09:20||NIFTY27JAN2624600PE,0.14723876023796217
19-01-2026 09:20||NIFTY27JAN2625700CE,0.10001822209445577
19-01-2026 09:20||NIFTY27JAN2626100CE,0.10991643333362666
19-01-2026 09:20||NIFTY27JAN2626400CE,0.12166321977993244
19-01-2026 09:25||NIFTY27JAN2624500PE,0.1526080860502382
19-01-2026 09:25||NIFTY27JAN2625500CE,0.10186018860168837
19-01-2026 09:25||NIFTY27JAN2625600CE,0.10225167544030969
19-01-2026 09:25||NIFTY27JAN2625700CE,0.1039540936107444
19-01-2026 09:25||NIFTY27JAN2626100CE,0.11227123737834355
19-01-2026 09:25||NIFTY27JAN2626200CE,0.11564449568134076
19-01-2026 09:25||NIFTY27JAN2626400CE,0.12464215327540143
19-01-2026 09:30||NIFTY27JAN2623800PE,0.20828067418339907
19-01-2026 09:30||NIFTY27JAN2624000PE,0.19111882617523235
19-01-2026 09:30||NIFTY27JAN2624200PE,0.1746317069914919
19-01-2026 09:30||NIFTY27JAN2624300PE,0.16638999153833195
19-01-2026 09:30||NIFTY27JAN2624400PE,0.15823869621021852
19-01-2026 09:30||NIFTY27JAN2624800PE,0.1281965887824623
19-01-2026 09:30||NIFTY27JAN2625400CE,0.12779890325389465
19-01-2026 09:30||NIFTY27JAN2625800CE,0.11509965409661654
19-01-2026 09:30||NIFTY27JAN2626500CE,0.13792198031565697
19-01-2026 09:35||NIFTY27JAN2624500PE,0.1554198874244671
19-01-2026 09:35||NIFTY27JAN2624800PE,0.13418964286118493
19-01-2026 09:35||NIFTY27JAN2625500CE,0.10031699767478883
19-01-2026 09:35||NIFTY27JAN2625600CE,0.10072501995963914
19-01-2026 09:35||NIFTY27JAN2626200CE,0.11437839714744549
19-01-2026 09:40||NIFTY27JAN2624100PE,0.18403174955074175
19-01-2026 09:40||NIFTY27JAN2624200PE,0.17554405142409255
19-01-2026 09:40||NIFTY27JAN2624400PE,0.1589452997597431
19-01-2026 09:40||NIFTY27JAN2624500PE,0.15061303207033383
19-01-2026 09:40||NIFTY27JAN2624600PE,0.14304863746549895
19-01-2026 09:40||NIFTY27JAN2624900PE,0.12378176956859628
19-01-2026 09:40||NIFTY27JAN2625700CE,0.10904317438824382
19-01-2026 09:40||NIFTY27JAN2626200CE,0.11850406517359795
19-01-2026 09:40||NIFTY27JAN2626300CE,0.122687532608153
19-01-2026 09:40||NIFTY27JAN2626500CE,0.1339262733704505
19-01-2026 09:45||NIFTY27JAN2623900PE,0.20085071401836327
19-01-2026 09:45||NIFTY27JAN2624000PE,0.19250473810453744
19-01-2026 09:45||NIFTY27JAN2626200CE,0.11691044290999314
19-01-2026 09:50||NIFTY27JAN2623900PE,0.201399967066064
19-01-2026 09:50||NIFTY27JAN2624700PE,0.13785941947837524
19-01-2026 09:50||NIFTY27JAN2624800PE,0.13163840416895775
19-01-2026 09:50||NIFTY27JAN2625300CE,0.10077596657958852
19-01-2026 09:50||NIFTY27JAN2625900CE,0.10572920213689763
19-01-2026 09:50||NIFTY27JAN2626200CE,0.11563444309683049
19-01-2026 09:55||NIFTY27JAN2624700PE,0.13806444750132335
19-01-2026 09:55||NIFTY27JAN2625400CE,0.1010854590317745
19-01-2026 09:55||NIFTY27JAN2625700CE,0.10244588992784624
19-01-2026 09:55||NIFTY27JAN2626400CE,0.1266179886344451
19-01-2026 10:00||NIFTY27JAN2624400PE,0.15787278679215294
19-01-2026 10:00||NIFTY27JAN2625000PE,0.11923373264031306
19-01-2026 10:00||NIFTY27JAN2625700CE,0.10557583763440745
19-01-2026 10:00||NIFTY27JAN2625900CE,0.10841612911661289
19-01-2026 10:05||NIFTY27JAN2624500PE,0.1482881802490884
19-01-2026 10:05||NIFTY27JAN2624800PE,0.12726139175445414
19-01-2026 10:05||NIFTY27JAN2625200CE,0.12438089234651062
19-01-2026 10:05||NIFTY27JAN2625500CE,0.11408923458912835
19-01-2026 10:05||NIFTY27JAN2626100CE,0.11762755212620556
19-01-2026 10:05||NIFTY27JAN2626200CE,0.12161727817884987
19-01-2026 10:10||NIFTY27JAN2623800PE,0.20905332100083604
19-01-2026 10:10||NIFTY27JAN2624200PE,0.17414903507674356
19-01-2026 10:10||NIFTY27JAN2624400PE,0.15757693510826706
19-01-2026 10:10||NIFTY27JAN2625100PE,0.11561554552363891
19-01-2026 10:15||NIFTY27JAN2624200PE,0.1741251571045971
19-01-2026 10:15||NIFTY27JAN2624400PE,0.15746313853104238
19-01-2026 10:15||NIFTY27JAN2624700PE,0.1352444325129063
19-01-2026 10:15||NIFTY27JAN2624800PE,0.12926415652559287
19-01-2026 10:15||NIFTY27JAN2625100PE,0.11497831558988438
19-01-2026 10:15||NIFTY27JAN2625500CE,0.10926565571162714
19-01-2026 10:15||NIFTY27JAN2625700CE,0.10743000130876837
19-01-2026 10:15||NIFTY27JAN2626200CE,0.11953465541952146
19-01-2026 10:15||NIFTY27JAN2626500CE,0.1371812816183612
19-01-2026 10:20||NIFTY27JAN2623900PE,0.20098469870791208
19-01-2026 10:20||NIFTY27JAN2624100PE,0.18432169854232064
19-01-2026 10:20||NIFTY27JAN2625500CE,0.10665539837093285
19-01-2026 10:20||NIFTY27JAN2626300CE,0.12296868084539431
19-01-2026 10:25||NIFTY27JAN2625400CE,0.10183325216435979
19-01-2026 10:25||NIFTY27JAN2626100CE,0.11404467913716686
19-01-2026 10:25||NIFTY27JAN2626400CE,0.12992779693280074
19-01-2026 10:25||NIFTY27JAN2626500CE,0.13766045068584737
19-01-2026 10:30||NIFTY27JAN2623800PE,0.20994676883689187
19-01-2026 10:30||NIFTY27JAN2623900PE,0.200958212019824
19-01-2026 10:30||NIFTY27JAN2624600PE,0.14321203517448994
19-01-2026 10:30||NIFTY27JAN2624700PE,0.13717017009337917
19-01-2026 10:30||NIFTY27JAN2624800PE,0.13154215659133436
19-01-2026 10:30||NIFTY27JAN2624900PE,0.12622150132004784
19-01-2026 10:30||NIFTY27JAN2626200CE,0.1199860288039041
19-01-2026 10:35||NIFTY27JAN2623800PE,0.20794790551427994
19-01-2026 10:35||NIFTY27JAN2624700PE,0.13679168708156944
19-01-2026 10:35||NIFTY27JAN2624800PE,0.13129001057919953
19-01-2026 10:35||NIFTY27JAN2625000PE,0.12177404482907217
19-01-2026 10:35||NIFTY27JAN2625200CE,0.11153669685211813
19-01-2026 10:35||NIFTY27JAN2626300CE,0.12506968846615676
19-01-2026 10:40||NIFTY27JAN2623800PE,0.21105195979549485
19-01-2026 10:40||NIFTY27JAN2623900PE,0.20076539222501705
19-01-2026 10:40||NIFTY27JAN2624000PE,0.19130437332895367
19-01-2026 10:40||NIFTY27JAN2624700PE,0.1348722060158019
19-01-2026 10:40||NIFTY27JAN2625400CE,0.11721883058924229
19-01-2026 10:40||NIFTY27JAN2625700CE,0.11187224379449862
19-01-2026 10:45||NIFTY27JAN2624000PE,0.19172385519294538
19-01-2026 10:45||NIFTY27JAN2624700PE,0.13799100682857804
19-01-2026 10:45||NIFTY27JAN2625600CE,0.10689438044239062
19-01-2026 10:45||NIFTY27JAN2626200CE,0.11913477418490936
19-01-2026 10:50||NIFTY27JAN2625100PE,0.11620870773164961
19-01-2026 10:50||NIFTY27JAN2625200CE,0.12155528823747114
19-01-2026 10:50||NIFTY27JAN2626200CE,0.12058167359317674
19-01-2026 10:55||NIFTY27JAN2624100PE,0.18291679318252363
19-01-2026 10:55||NIFTY27JAN2624200PE,0.17423738821206092
19-01-2026 10:55||NIFTY27JAN2624500PE,0.14927627271405322
19-01-2026 10:55||NIFTY27JAN2625400CE,0.12117139583121342
19-01-2026 10:55||NIFTY27JAN2625500CE,0.11727005983804042
19-01-2026 10:55||NIFTY27JAN2625900CE,0.11207510294266096
19-01-2026 10:55||NIFTY27JAN2626000CE,0.11388842719132639
19-01-2026 11:00||NIFTY27JAN2623900PE,0.20281812486386697
19-01-2026 11:00||NIFTY27JAN2624400PE,0.15976243636032325
19-01-2026 11:00||NIFTY27JAN2625400CE,0.11590413971525855
19-01-2026 11:00||NIFTY27JAN2625600CE,0.11164797038738813
19-01-2026 11:00||NIFTY27JAN2625700CE,0.11030597373676398
19-01-2026 11:00||NIFTY27JAN2625800CE,0.10970809998373318
19-01-2026 11:00||NIFTY27JAN2626300CE,0.12300015062536565
19-01-2026 11:00||NIFTY27JAN2626500CE,0.13447427459279962
19-01-2026 11:05||NIFTY27JAN2623800PE,0.21274526432825822
19-01-2026 11:05||NIFTY27JAN2623900PE,0.2033552241606888
19-01-2026 11:05||NIFTY27JAN2624200PE,0.17833346024089672
19-01-2026 11:05||NIFTY27JAN2624500PE,0.15473137702600126
19-01-2026 11:05||NIFTY27JAN2625000PE,0.12486198790729061
19-01-2026 11:05||NIFTY27JAN2625600CE,0.10183458183356428
19-01-2026 11:05||NIFTY27JAN2626100CE,0.11055547021377926
19-01-2026 11:10||NIFTY27JAN2624300PE,0.16809751976890142
19-01-2026 11:10||NIFTY27JAN2625800CE,0.10557080680471487
19-01-2026 11:15||NIFTY27JAN2624400PE,0.16056574551656164
19-01-2026 11:15||NIFTY27JAN2624500PE,0.15330218506280285
19-01-2026 11:15||NIFTY27JAN2624600PE,0.1463876924730468
19-01-2026 11:15||NIFTY27JAN2624700PE,0.13974096164733418
19-01-2026 11:15||NIFTY27JAN2624900PE,0.12796947227723166
19-01-2026 11:15||NIFTY27JAN2625100PE,0.11769443948537918
19-01-2026 11:20||NIFTY27JAN2623800PE,0.20754101619613952
19-01-2026 11:20||NIFTY27JAN2624200PE,0.1739027357650027
19-01-2026 11:20||NIFTY27JAN2624300PE,0.16581222200549534
19-01-2026 11:20||NIFTY27JAN2624500PE,0.15010675992113967
19-01-2026 11:20||NIFTY27JAN2624900PE,0.125101124887407
19-01-2026 11:20||NIFTY27JAN2625400CE,0.11480476982849575
19-01-2026 11:20||NIFTY27JAN2625500CE,0.11219121959458699
19-01-2026 11:20||NIFTY27JAN2625600CE,0.1102556145422942
19-01-2026 11:20||NIFTY27JAN2625700CE,0.10911037875307691
19-01-2026 11:20||NIFTY27JAN2626200CE,0.12003974273985846
19-01-2026 11:20||NIFTY27JAN2626300CE,0.1250913004593057
19-01-2026 11:20||NIFTY27JAN2626500CE,0.13663452908978535
19-01-2026 11:25||NIFTY27JAN2624900PE,0.12538101378952274
19-01-2026 11:25||NIFTY27JAN2625300CE,0.11805599675230338
19-01-2026 11:25||NIFTY27JAN2625400CE,0.11440959284236343
19-01-2026 11:30||NIFTY27JAN2624100PE,0.1833929827558194
19-01-2026 11:30||NIFTY27JAN2624600PE,0.14364375802522453
19-01-2026 11:30||NIFTY27JAN2624900PE,0.12545479367140283
19-01-2026 11:30||NIFTY27JAN2625000PE,0.12012967205511012
19-01-2026 11:30||NIFTY27JAN2625500CE,0.11183181325080926
19-01-2026 11:30||NIFTY27JAN2625700CE,0.10927789410532926
19-01-2026 11:30||NIFTY27JAN2626500CE,0.13805953143570177
19-01-2026 11:35||NIFTY27JAN2623900PE,0.19946564754722013
19-01-2026 11:35||NIFTY27JAN2624600PE,0.1429226482416231
19-01-2026 11:35||NIFTY27JAN2625800CE,0.11018100715260401
19-01-2026 11:35||NIFTY27JAN2626000CE,0.11264485538920938
19-01-2026 11:35||NIFTY27JAN2626200CE,0.11969059478340797
19-01-2026 11:35||NIFTY27JAN2626300CE,0.12440936912884906
19-01-2026 11:35||NIFTY27JAN2626400CE,0.12994457230714518
19-01-2026 11:35||NIFTY27JAN2626500CE,0.1365523401379701
19-01-2026 11:40||NIFTY27JAN2623800PE,0.20941723055755265
19-01-2026 11:40||NIFTY27JAN2624100PE,0.18491575627362972
19-01-2026 11:40||NIFTY27JAN2624200PE,0.17634027809587538
19-01-2026 11:40||NIFTY27JAN2624400PE,0.1595570762714918
19-01-2026 11:40||NIFTY27JAN2624500PE,0.15139672355217942
19-01-2026 11:40||NIFTY27JAN2625100PE,0.11494092754934573
19-01-2026 11:45||NIFTY27JAN2624300PE,0.16841487248515533
19-01-2026 11:45||NIFTY27JAN2625400CE,0.11325401356606862
19-01-2026 11:50||NIFTY27JAN2624600PE,0.14533571904815346
19-01-2026 11:50||NIFTY27JAN2625200CE,0.11897820770901808
19-01-2026 11:50||NIFTY27JAN2626300CE,0.12228296630515789
19-01-2026 11:55||NIFTY27JAN2623800PE,0.2090074673711156
19-01-2026 11:55||NIFTY27JAN2624300PE,0.16897277019978452
19-01-2026 11:55||NIFTY27JAN2624500PE,0.15360505993974746
19-01-2026 11:55||NIFTY27JAN2624600PE,0.1465075658631484
19-01-2026 11:55||NIFTY27JAN2624700PE,0.13975215332041468
19-01-2026 11:55||NIFTY27JAN2625900CE,0.10564836615445397
19-01-2026 11:55||NIFTY27JAN2626200CE,0.11640224303951348
19-01-2026 12:00||NIFTY27JAN2624200PE,0.17536592281206037
19-01-2026 12:00||NIFTY27JAN2624300PE,0.16737189741153002
19-01-2026 12:00||NIFTY27JAN2624400PE,0.15959980720688516
19-01-2026 12:00||NIFTY27JAN2624500PE,0.15204869576212537
19-01-2026 12:00||NIFTY27JAN2624700PE,0.13840330594883765
19-01-2026 12:00||NIFTY27JAN2625000PE,0.12177690874685179
19-01-2026 12:00||NIFTY27JAN2626100CE,0.11364958509319312
19-01-2026 12:00||NIFTY27JAN2626500CE,0.13637529429418804
19-01-2026 12:05||NIFTY27JAN2623900PE,0.20040999069405624
19-01-2026 12:05||NIFTY27JAN2624400PE,0.16066372969413656
19-01-2026 12:05||NIFTY27JAN2624500PE,0.15289965282818085
19-01-2026 12:05||NIFTY27JAN2625200CE,0.11301694355084191
19-01-2026 12:05||NIFTY27JAN2625400CE,0.10806675891765366
19-01-2026 12:05||NIFTY27JAN2625500CE,0.1061740723331939
19-01-2026 12:05||NIFTY27JAN2625700CE,0.10494648657348847
19-01-2026 12:05||NIFTY27JAN2626100CE,0.1146272373366583
19-01-2026 12:05||NIFTY27JAN2626200CE,0.11926048238698884
19-01-2026 12:05||NIFTY27JAN2626400CE,0.12996947661252153
19-01-2026 12:05||NIFTY27JAN2626500CE,0.1361128802863918
19-01-2026 12:10||NIFTY27JAN2623900PE,0.20073200025268453
19-01-2026 12:10||NIFTY27JAN2625600CE,0.10965769560496261
19-01-2026 12:10||NIFTY27JAN2626400CE,0.1303505873969772
19-01-2026 12:15||NIFTY27JAN2623900PE,0.20026230458786204
19-01-2026 12:15||NIFTY27JAN2624100PE,0.1843621775571134
19-01-2026 12:15||NIFTY27JAN2624300PE,0.1679843208483562
19-01-2026 12:20||NIFTY27JAN2623800PE,0.2099237955398838
19-01-2026 12:20||NIFTY27JAN2624400PE,0.16180969847398607
19-01-2026 12:20||NIFTY27JAN2625100PE,0.11728692225988227
19-01-2026 12:20||NIFTY27JAN2625300CE,0.10844117115587586
19-01-2026 12:20||NIFTY27JAN2626200CE,0.1156056770721731
19-01-2026 12:25||NIFTY27JAN2623800PE,0.20938991995610515
19-01-2026 12:25||NIFTY27JAN2625700CE,0.10506636417928508
19-01-2026 12:25||NIFTY27JAN2626500CE,0.13592930607136708
19-01-2026 12:30||NIFTY27JAN2623900PE,0.20104735401367405
19-01-2026 12:30||NIFTY27JAN2624300PE,0.1685633363383779
19-01-2026 12:30||NIFTY27JAN2624500PE,0.15249545160922795
19-01-2026 12:30||NIFTY27JAN2625000PE,0.1203495627919368
19-01-2026 12:30||NIFTY27JAN2625400CE,0.10880420146256709
19-01-2026 12:30||NIFTY27JAN2626500CE,0.13623214719972634
19-01-2026 12:35||NIFTY27JAN2624100PE,0.18457435616917986
19-01-2026 12:35||NIFTY27JAN2624200PE,0.17648226908497358
19-01-2026 12:35||NIFTY27JAN2624400PE,0.16025530083451708
19-01-2026 12:35||NIFTY27JAN2624700PE,0.13846507929235155
19-01-2026 12:35||NIFTY27JAN2625000PE,0.12117504810193507
19-01-2026 12:35||NIFTY27JAN2625300CE,0.11034821703158416
19-01-2026 12:40||NIFTY27JAN2623800PE,0.20843191479582385
19-01-2026 12:40||NIFTY27JAN2625700CE,0.10874193897568718
19-01-2026 12:40||NIFTY27JAN2625800CE,0.10874184945515256
19-01-2026 12:40||NIFTY27JAN2626400CE,0.13124914756266956
19-01-2026 12:45||NIFTY27JAN2626000CE,0.11000470748372719
19-01-2026 12:45||NIFTY27JAN2626100CE,0.11372483389429733
19-01-2026 12:45||NIFTY27JAN2626400CE,0.12911371353014825
19-01-2026 12:50||NIFTY27JAN2623800PE,0.20893573544947192
19-01-2026 12:50||NIFTY27JAN2624200PE,0.17482012591081397
19-01-2026 12:50||NIFTY27JAN2625900CE,0.11021108108299832
19-01-2026 12:50||NIFTY27JAN2626500CE,0.1375937635299681
19-01-2026 12:55||NIFTY27JAN2623900PE,0.20273135455804106
19-01-2026 12:55||NIFTY27JAN2624100PE,0.18680646380835786
19-01-2026 12:55||NIFTY27JAN2624300PE,0.17023558599687152
19-01-2026 12:55||NIFTY27JAN2624400PE,0.16181254113822524
19-01-2026 12:55||NIFTY27JAN2624500PE,0.1535781873850803
19-01-2026 12:55||NIFTY27JAN2624700PE,0.13859773296923067
19-01-2026 12:55||NIFTY27JAN2625100PE,0.11501320370016604
19-01-2026 12:55||NIFTY27JAN2625700CE,0.10572841553818244
19-01-2026 12:55||NIFTY27JAN2626000CE,0.10935194824349634
19-01-2026 13:00||NIFTY27JAN2623900PE,0.2043882554898427
19-01-2026 13:00||NIFTY27JAN2624000PE,0.19642004263328575
19-01-2026 13:00||NIFTY27JAN2624400PE,0.16303045409099992
19-01-2026 13:00||NIFTY27JAN2624700PE,0.14018677236533555
19-01-2026 13:00||NIFTY27JAN2625400CE,0.10857475707152836
19-01-2026 13:00||NIFTY27JAN2625600CE,0.10552725308378232
19-01-2026 13:00||NIFTY27JAN2625900CE,0.10665477833147306
19-01-2026 13:00||NIFTY27JAN2626200CE,0.11637393146421525
19-01-2026 13:00||NIFTY27JAN2626500CE,0.1345743107314194
19-01-2026 13:05||NIFTY27JAN2624600PE,0.14744937612044454
19-01-2026 13:05||NIFTY27JAN2625100PE,0.11755974528422036
19-01-2026 13:05||NIFTY27JAN2625700CE,0.10343278524269107
19-01-2026 13:10||NIFTY27JAN2623800PE,0.21470520122265924
19-01-2026 13:10||NIFTY27JAN2623900PE,0.20633660009191973
19-01-2026 13:10||NIFTY27JAN2624400PE,0.16370714913209558
19-01-2026 13:10||NIFTY27JAN2624500PE,0.1553492680992214
19-01-2026 13:10||NIFTY27JAN2624600PE,0.1474013633215386
19-01-2026 13:10||NIFTY27JAN2626200CE,0.1152788950634546
19-01-2026 13:10||NIFTY27JAN2626300CE,0.12043647791963023
19-01-2026 13:15||NIFTY27JAN2625800CE,0.10718742124817837
19-01-2026 13:20||NIFTY27JAN2624400PE,0.16265324561060784
19-01-2026 13:20||NIFTY27JAN2624800PE,0.13311888767672939
19-01-2026 13:20||NIFTY27JAN2624900PE,0.12718698490572444
19-01-2026 13:20||NIFTY27JAN2625000PE,0.12166330365581314
19-01-2026 13:20||NIFTY27JAN2625200CE,0.11408709543966462
19-01-2026 13:20||NIFTY27JAN2625400CE,0.10650622006816235
19-01-2026 13:25||NIFTY27JAN2623900PE,0.20478838496265522
19-01-2026 13:25||NIFTY27JAN2625000PE,0.11968789748158087
19-01-2026 13:25||NIFTY27JAN2625300CE,0.11160612447649051
19-01-2026 13:25||NIFTY27JAN2625400CE,0.1090794955921344
19-01-2026 13:25||NIFTY27JAN2625900CE,0.10652180327310629
19-01-2026 13:25||NIFTY27JAN2626200CE,0.1172784430536438
19-01-2026 13:25||NIFTY27JAN2626500CE,0.13524148190601762
19-01-2026 13:30||NIFTY27JAN2624300PE,0.17007518179600828
19-01-2026 13:30||NIFTY27JAN2624900PE,0.12507761955412805
19-01-2026 13:30||NIFTY27JAN2625100PE,0.11441702429692323
19-01-2026 13:30||NIFTY27JAN2625800CE,0.10665682410828525
19-01-2026 13:30||NIFTY27JAN2626100CE,0.11346436845859106
19-01-2026 13:30||NIFTY27JAN2626300CE,0.12252918803082927
19-01-2026 13:30||NIFTY27JAN2626500CE,0.1350938058170147
19-01-2026 13:35||NIFTY27JAN2624400PE,0.16371382979108026
19-01-2026 13:35||NIFTY27JAN2624900PE,0.12746635306072956
19-01-2026 13:35||NIFTY27JAN2626200CE,0.11561434403766169
19-01-2026 13:35||NIFTY27JAN2626400CE,0.12641942074138324
19-01-2026 13:40||NIFTY27JAN2624800PE,0.1345304423184822
19-01-2026 13:40||NIFTY27JAN2625300CE,0.10162946930638382
19-01-2026 13:40||NIFTY27JAN2625400CE,0.1013681670205198
19-01-2026 13:40||NIFTY27JAN2625600CE,0.10095407060062943
19-01-2026 13:40||NIFTY27JAN2625800CE,0.10219476696097521
19-01-2026 13:40||NIFTY27JAN2625900CE,0.10407896897754187
19-01-2026 13:45||NIFTY27JAN2624300PE,0.16896354341757353
19-01-2026 13:45||NIFTY27JAN2624700PE,0.13613116212057058
19-01-2026 13:45||NIFTY27JAN2625100PE,0.11108123891783846
19-01-2026 13:45||NIFTY27JAN2625500CE,0.12040502337075551
19-01-2026 13:45||NIFTY27JAN2626500CE,0.13583360570296338
19-01-2026 13:50||NIFTY27JAN2623900PE,0.205538947288899
19-01-2026 13:50||NIFTY27JAN2624200PE,0.18098996460449132
19-01-2026 13:50||NIFTY27JAN2625100PE,0.11634656662479
19-01-2026 13:50||NIFTY27JAN2625400CE,0.11684914915245372
19-01-2026 13:50||NIFTY27JAN2625700CE,0.10720581116321592
19-01-2026 13:50||NIFTY27JAN2626200CE,0.11408818115006741
19-01-2026 13:55||NIFTY27JAN2624500PE,0.15906888154579485
19-01-2026 13:55||NIFTY27JAN2624600PE,0.15092162760937905
19-01-2026 13:55||NIFTY27JAN2625600CE,0.10319058197221723
19-01-2026 13:55||NIFTY27JAN2625700CE,0.10289333045259172
19-01-2026 13:55||NIFTY27JAN2625800CE,0.10269450839752492
19-01-2026 13:55||NIFTY27JAN2625900CE,0.10334169846700479
19-01-2026 13:55||NIFTY27JAN2626200CE,0.11111367977245501
19-01-2026 14:00||NIFTY27JAN2624100PE,0.19321704377697602
19-01-2026 14:00||NIFTY27JAN2624600PE,0.15012365208347547
19-01-2026 14:00||NIFTY27JAN2625300CE,0.12113301592025794
19-01-2026 14:00||NIFTY27JAN2625800CE,0.10838102543490329
19-01-2026 14:00||NIFTY27JAN2625900CE,0.10807740357356199
19-01-2026 14:00||NIFTY27JAN2626100CE,0.11018586898897256
19-01-2026 14:05||NIFTY27JAN2623800PE,0.21907767194292296
19-01-2026 14:05||NIFTY27JAN2624200PE,0.18691520520693966
19-01-2026 14:05||NIFTY27JAN2624500PE,0.16103708402279665
19-01-2026 14:05||NIFTY27JAN2625000PE,0.12428900429423309
19-01-2026 14:05||NIFTY27JAN2625400CE,0.10830116115547249
19-01-2026 14:05||NIFTY27JAN2626500CE,0.12462399028627899
19-01-2026 14:10||NIFTY27JAN2624400PE,0.16969627479651284
19-01-2026 14:10||NIFTY27JAN2624500PE,0.16085973424155858
19-01-2026 14:10||NIFTY27JAN2625100PE,0.11940029951435908
19-01-2026 14:10||NIFTY27JAN2625200CE,0.10628469738107921
19-01-2026 14:10||NIFTY27JAN2626100CE,0.10368499185500762
19-01-2026 14:15||NIFTY27JAN2623800PE,0.21727705276476067
19-01-2026 14:15||NIFTY27JAN2624100PE,0.1931403495327261
19-01-2026 14:15||NIFTY27JAN2624200PE,0.18472660129625618
19-01-2026 14:15||NIFTY27JAN2624500PE,0.15790876372295587
19-01-2026 14:15||NIFTY27JAN2624700PE,0.1413885510887223
19-01-2026 14:15||NIFTY27JAN2624800PE,0.13394364441880266
19-01-2026 14:15||NIFTY27JAN2625100PE,0.11507427711948487
19-01-2026 14:15||NIFTY27JAN2626400CE,0.12207928647055218
19-01-2026 14:20||NIFTY27JAN2624200PE,0.18530392985478839
19-01-2026 14:20||NIFTY27JAN2624500PE,0.15984547019223527
19-01-2026 14:20||NIFTY27JAN2625800CE,0.1024343874344405
19-01-2026 14:20||NIFTY27JAN2626000CE,0.1037145154731351
19-01-2026 14:25||NIFTY27JAN2624000PE,0.20187541213415283
19-01-2026 14:25||NIFTY27JAN2625100PE,0.11914545702522308
19-01-2026 14:25||NIFTY27JAN2625700CE,0.09857966498931542
19-01-2026 14:25||NIFTY27JAN2625900CE,0.09936228333894213
19-01-2026 14:25||NIFTY27JAN2626000CE,0.10129757212018078
19-01-2026 14:25||NIFTY27JAN2626500CE,0.12417647589490566
19-01-2026 14:30||NIFTY27JAN2624100PE,0.19314617040693177
19-01-2026 14:30||NIFTY27JAN2624300PE,0.17613892717743795
19-01-2026 14:30||NIFTY27JAN2624700PE,0.1434433370944739
19-01-2026 14:30||NIFTY27JAN2624800PE,0.1362264733620549
19-01-2026 14:30||NIFTY27JAN2625000PE,0.12323236111328244
19-01-2026 14:35||NIFTY27JAN2623800PE,0.21752421121735055
19-01-2026 14:35||NIFTY27JAN2624300PE,0.17538579480413552
19-01-2026 14:35||NIFTY27JAN2625000PE,0.12251094400396716
19-01-2026 14:35||NIFTY27JAN2625800CE,0.10409336431341346
19-01-2026 14:35||NIFTY27JAN2626100CE,0.10716730920790382
19-01-2026 14:35||NIFTY27JAN2626300CE,0.11465335863518741
19-01-2026 14:35||NIFTY27JAN2626400CE,0.1200841671965903
19-01-2026 14:40||NIFTY27JAN2624000PE,0.20142570953265554
19-01-2026 14:40||NIFTY27JAN2624300PE,0.17699865081515456
19-01-2026 14:40||NIFTY27JAN2624700PE,0.14467904603257709
19-01-2026 14:40||NIFTY27JAN2625200CE,0.1148317191478479
19-01-2026 14:45||NIFTY27JAN2623900PE,0.21121447079991315
19-01-2026 14:45||NIFTY27JAN2624100PE,0.1946370647425953
19-01-2026 14:45||NIFTY27JAN2624400PE,0.1690769389432445
19-01-2026 14:45||NIFTY27JAN2624600PE,0.1525405498151423
19-01-2026 14:45||NIFTY27JAN2624800PE,0.13758115229614815
19-01-2026 14:45||NIFTY27JAN2625800CE,0.10023088713028144
19-01-2026 14:45||NIFTY27JAN2626000CE,0.10201243387232885
19-01-2026 14:50||NIFTY27JAN2624000PE,0.20317587664881795
19-01-2026 14:50||NIFTY27JAN2624200PE,0.1866350453617741
19-01-2026 14:50||NIFTY27JAN2624500PE,0.1613456669544943
19-01-2026 14:50||NIFTY27JAN2625100PE,0.11871883829360647
19-01-2026 14:50||NIFTY27JAN2625700CE,0.10179246163453796
19-01-2026 14:55||NIFTY27JAN2623800PE,0.2223085449283994
19-01-2026 14:55||NIFTY27JAN2624400PE,0.17083549112507543
19-01-2026 14:55||NIFTY27JAN2625300CE,0.10534965857732333
19-01-2026 14:55||NIFTY27JAN2625400CE,0.1030576742102979
19-01-2026 14:55||NIFTY27JAN2626000CE,0.10033943315640476
19-01-2026 14:55||NIFTY27JAN2626100CE,0.10278703264806098
19-01-2026 15:00||NIFTY27JAN2624300PE,0.18093575676813287
19-01-2026 15:00||NIFTY27JAN2625000PE,0.1282439812810034
19-01-2026 15:00||NIFTY27JAN2625600CE,0.09092901114665468
19-01-2026 15:00||NIFTY27JAN2626000CE,0.09650387528019672
19-01-2026 15:00||NIFTY27JAN2626300CE,0.10815579753389318
19-01-2026 15:05||NIFTY27JAN2623900PE,0.21035241678480554
19-01-2026 15:05||NIFTY27JAN2625700CE,0.0948552737576295
19-01-2026 15:05||NIFTY27JAN2626000CE,0.09847662750985152
19-01-2026 15:05||NIFTY27JAN2626400CE,0.11635366160565855
19-01-2026 15:10||NIFTY27JAN2624100PE,0.19305342306988857
19-01-2026 15:10||NIFTY27JAN2624300PE,0.17636956935007767
19-01-2026 15:10||NIFTY27JAN2624800PE,0.1384007767176101
19-01-2026 15:10||NIFTY27JAN2625800CE,0.09669539665561755
19-01-2026 15:10||NIFTY27JAN2626100CE,0.10279979093158122
19-01-2026 15:15||NIFTY27JAN2624200PE,0.18511191724614554
19-01-2026 15:15||NIFTY27JAN2624400PE,0.1691939490464061
19-01-2026 15:15||NIFTY27JAN2624500PE,0.1614821617950833
19-01-2026 15:15||NIFTY27JAN2624600PE,0.1539690531437498
19-01-2026 15:15||NIFTY27JAN2624700PE,0.14666783601282324
19-01-2026 15:15||NIFTY27JAN2625300CE,0.0842672812282808
19-01-2026 15:15||NIFTY27JAN2625400CE,0.08747032571996335
19-01-2026 15:15||NIFTY27JAN2626200CE,0.10560360778469895
19-01-2026 15:20||NIFTY27JAN2624500PE,0.1573989315794164
19-01-2026 15:20||NIFTY27JAN2625200CE,0.09686628871359923
19-01-2026 15:20||NIFTY27JAN2625800CE,0.0961294858903625
19-01-2026 15:20||NIFTY27JAN2626400CE,0.12089526462076833
19-01-2026 15:20||NIFTY27JAN2626500CE,0.12947897436026243
19-01-2026 15:25||NIFTY27JAN2624300PE,0.17352060472310474
19-01-2026 15:25||NIFTY27JAN2624400PE,0.16554532443774111
19-01-2026 15:25||NIFTY27JAN2624700PE,0.14327754690469924
19-01-2026 15:25||NIFTY27JAN2625800CE,0.09471047279936157
19-01-2026 15:25||NIFTY27JAN2626300CE,0.11353595446032021
20-01-2026 09:15||NIFTY27JAN2623900PE,0.20824228201110068
20-01-2026 09:15||NIFTY27JAN2624000PE,0.19954740495163764
20-01-2026 09:15||NIFTY27JAN2624100PE,0.19094835681460276
20-01-2026 09:15||NIFTY27JAN2624400PE,0.16673513631930378
20-01-2026 09:15||NIFTY27JAN2624600PE,0.15158747061277283
20-01-2026 09:15||NIFTY27JAN2625200CE,0.10958075994054546
20-01-2026 09:15||NIFTY27JAN2625500CE,0.10385196581124334
20-01-2026 09:15||NIFTY27JAN2626200CE,0.11374015416007091
20-01-2026 09:15||NIFTY27JAN2626300CE,0.11947906178918748
20-01-2026 09:15||NIFTY27JAN2626400CE,0.12593412218964167
20-01-2026 09:20||NIFTY27JAN2623800PE,0.21557312731122502
20-01-2026 09:20||NIFTY27JAN2624000PE,0.19807590784691537
20-01-2026 09:20||NIFTY27JAN2624700PE,0.14594790179124087
20-01-2026 09:20||NIFTY27JAN2625200CE,0.08860541927132833
20-01-2026 09:20||NIFTY27JAN2625400CE,0.08989102124943296
20-01-2026 09:20||NIFTY27JAN2625500CE,0.09107235257562929
20-01-2026 09:20||NIFTY27JAN2625800CE,0.09669410090716654
20-01-2026 09:20||NIFTY27JAN2626300CE,0.11856218090664636
20-01-2026 09:20||NIFTY27JAN2626500CE,0.1326443338709598
20-01-2026 09:25||NIFTY27JAN2623900PE,0.2035153333058366
20-01-2026 09:25||NIFTY27JAN2625000PE,0.12527811576668052
20-01-2026 09:25||NIFTY27JAN2625400CE,0.10425820424803944
20-01-2026 09:30||NIFTY27JAN2623900PE,0.20275968379991974
20-01-2026 09:30||NIFTY27JAN2624400PE,0.16018488607217624
20-01-2026 09:30||NIFTY27JAN2624800PE,0.1322253485737817
20-01-2026 09:30||NIFTY27JAN2625700CE,0.10749741276572446
20-01-2026 09:30||NIFTY27JAN2626100CE,0.11699356944023487
20-01-2026 09:30||NIFTY27JAN2626300CE,0.1281950916596796
20-01-2026 09:35||NIFTY27JAN2624500PE,0.15347752012455793
20-01-2026 09:35||NIFTY27JAN2625200CE,0.11100147946845651
20-01-2026 09:35||NIFTY27JAN2625700CE,0.1051250786452755
20-01-2026 09:35||NIFTY27JAN2625800CE,0.10650907496200498
20-01-2026 09:35||NIFTY27JAN2626200CE,0.12260309723712015
20-01-2026 09:40||NIFTY27JAN2623800PE,0.21475410856017965
20-01-2026 09:40||NIFTY27JAN2624100PE,0.18656056434009557
20-01-2026 09:40||NIFTY27JAN2625000PE,0.12159091722262212
20-01-2026 09:40||NIFTY27JAN2625900CE,0.11365352521789643
20-01-2026 09:40||NIFTY27JAN2626100CE,0.1212071945422637
20-01-2026 09:40||NIFTY27JAN2626200CE,0.12631378643789315
20-01-2026 09:40||NIFTY27JAN2626400CE,0.13944929596972935
20-01-2026 09:45||NIFTY27JAN2624800PE,0.13324244602231944
20-01-2026 09:45||NIFTY27JAN2625500CE,0.11217255151366202
20-01-2026 09:45||NIFTY27JAN2626200CE,0.12588069592589335
20-01-2026 09:45||NIFTY27JAN2626300CE,0.1324555796831433
20-01-2026 09:50||NIFTY27JAN2624100PE,0.18850618412858222
20-01-2026 09:50||NIFTY27JAN2624800PE,0.1358135609800165
20-01-2026 09:50||NIFTY27JAN2625100PE,0.12321407704540188
20-01-2026 09:50||NIFTY27JAN2625200CE,0.10848901448773512
20-01-2026 09:55||NIFTY27JAN2623900PE,0.2043479829220021
20-01-2026 09:55||NIFTY27JAN2624100PE,0.18573370275813866
20-01-2026 09:55||NIFTY27JAN2625000PE,0.12249728467275632
20-01-2026 10:00||NIFTY27JAN2623900PE,0.20605529330947528
20-01-2026 10:00||NIFTY27JAN2624600PE,0.14573873451826808
20-01-2026 10:00||NIFTY27JAN2624700PE,0.13898985055800733
20-01-2026 10:00||NIFTY27JAN2625200CE,0.12281162940954338
20-01-2026 10:00||NIFTY27JAN2625400CE,0.11516054319421273
20-01-2026 10:00||NIFTY27JAN2625700CE,0.11079068203792042
20-01-2026 10:00||NIFTY27JAN2626000CE,0.1162748513540616
20-01-2026 10:00||NIFTY27JAN2626200CE,0.12592668757585856
20-01-2026 10:05||NIFTY27JAN2626100CE,0.12060034260527067
20-01-2026 10:05||NIFTY27JAN2626200CE,0.12555231989876892
20-01-2026 10:05||NIFTY27JAN2626500CE,0.14723081411811392
20-01-2026 10:10||NIFTY27JAN2624900PE,0.13005071674004978
20-01-2026 10:10||NIFTY27JAN2625100PE,0.12100299158015676
20-01-2026 10:10||NIFTY27JAN2626500CE,0.14512563766766412
20-01-2026 10:15||NIFTY27JAN2624000PE,0.1946623027023718
20-01-2026 10:15||NIFTY27JAN2625800CE,0.11187463495402294
20-01-2026 10:15||NIFTY27JAN2626300CE,0.13092601882486948
20-01-2026 10:20||NIFTY27JAN2624100PE,0.18751213523810184
20-01-2026 10:20||NIFTY27JAN2625700CE,0.10582528562480746
20-01-2026 10:20||NIFTY27JAN2626000CE,0.11216246168613492
20-01-2026 10:25||NIFTY27JAN2623800PE,0.21544232989177048
20-01-2026 10:25||NIFTY27JAN2624700PE,0.13963459712726214
20-01-2026 10:25||NIFTY27JAN2625000PE,0.12345462564435054
20-01-2026 10:25||NIFTY27JAN2625800CE,0.10577759190387744
20-01-2026 10:25||NIFTY27JAN2626200CE,0.12017966464779166
20-01-2026 10:25||NIFTY27JAN2626400CE,0.1330343539790459
20-01-2026 10:30||NIFTY27JAN2623900PE,0.20586172911321235
20-01-2026 10:30||NIFTY27JAN2624000PE,0.1967014922701164
20-01-2026 10:30||NIFTY27JAN2624300PE,0.1703705422790007
20-01-2026 10:30||NIFTY27JAN2624600PE,0.14608648801696164
20-01-2026 10:30||NIFTY27JAN2625500CE,0.10739541070630904
20-01-2026 10:30||NIFTY27JAN2625700CE,0.10675489579996109
20-01-2026 10:30||NIFTY27JAN2625800CE,0.10769176142765512
20-01-2026 10:35||NIFTY27JAN2624300PE,0.16897912998805437
20-01-2026 10:35||NIFTY27JAN2624700PE,0.1369733265348687
20-01-2026 10:35||NIFTY27JAN2625200CE,0.12935930925998912
20-01-2026 10:35||NIFTY27JAN2625400CE,0.12023797907116773
20-01-2026 10:35||NIFTY27JAN2625900CE,0.11249418885667367
20-01-2026 10:40||NIFTY27JAN2624000PE,0.19762945592742748
20-01-2026 10:40||NIFTY27JAN2624300PE,0.17107297743994038
20-01-2026 10:40||NIFTY27JAN2625800CE,0.10546023805320812
20-01-2026 10:40||NIFTY27JAN2626000CE,0.11048274085918734
20-01-2026 10:45||NIFTY27JAN2624900PE,0.12657735794693842
20-01-2026 10:45||NIFTY27JAN2625900CE,0.10917390957831233
20-01-2026 10:45||NIFTY27JAN2626200CE,0.120512345130373
20-01-2026 10:45||NIFTY27JAN2626400CE,0.13278099996383874
20-01-2026 10:50||NIFTY27JAN2623800PE,0.21706196024342672
20-01-2026 10:50||NIFTY27JAN2624100PE,0.18901034341866157
20-01-2026 10:50||NIFTY27JAN2625300CE,0.10511352502314289
20-01-2026 10:50||NIFTY27JAN2626200CE,0.1202963244888677
20-01-2026 10:55||NIFTY27JAN2624200PE,0.1790521693443985
20-01-2026 10:55||NIFTY27JAN2624500PE,0.15340223347643148
20-01-2026 10:55||NIFTY27JAN2624600PE,0.14586120909613215
20-01-2026 10:55||NIFTY27JAN2624700PE,0.13889211870111212
20-01-2026 10:55||NIFTY27JAN2624800PE,0.13248508849434396
20-01-2026 10:55||NIFTY27JAN2625300CE,0.10883482907444691
20-01-2026 10:55||NIFTY27JAN2625400CE,0.10730806400772724
20-01-2026 10:55||NIFTY27JAN2625900CE,0.10978745340281577
20-01-2026 10:55||NIFTY27JAN2626400CE,0.13433112886695164
20-01-2026 11:00||NIFTY27JAN2623800PE,0.21584062648204405
20-01-2026 11:00||NIFTY27JAN2624000PE,0.19649646130855752
20-01-2026 11:00||NIFTY27JAN2624400PE,0.16061088109969782
20-01-2026 11:00||NIFTY27JAN2625300CE,0.10776663210688434
20-01-2026 11:05||NIFTY27JAN2623800PE,0.2156396907022679
20-01-2026 11:05||NIFTY27JAN2624400PE,0.1600948364237213
20-01-2026 11:05||NIFTY27JAN2624500PE,0.1516599282555301
20-01-2026 11:05||NIFTY27JAN2625400CE,0.10691836894424253
20-01-2026 11:05||NIFTY27JAN2625500CE,0.10566881214235856
20-01-2026 11:05||NIFTY27JAN2625800CE,0.10663041187117547
20-01-2026 11:05||NIFTY27JAN2626300CE,0.12893442999861746
20-01-2026 11:10||NIFTY27JAN2624500PE,0.1506417996903843
20-01-2026 11:10||NIFTY27JAN2624900PE,0.125314029048998
20-01-2026 11:10||NIFTY27JAN2625200CE,0.11495719182243416
20-01-2026 11:10||NIFTY27JAN2625600CE,0.10590798552865126
20-01-2026 11:15||NIFTY27JAN2623800PE,0.21285798876299025
20-01-2026 11:15||NIFTY27JAN2624300PE,0.1661319540912358
20-01-2026 11:15||NIFTY27JAN2624700PE,0.1349890477964838
20-01-2026 11:15||NIFTY27JAN2625000PE,0.11904243946965594
20-01-2026 11:15||NIFTY27JAN2625300CE,0.11464876046912126
20-01-2026 11:15||NIFTY27JAN2625600CE,0.10734822017769872
20-01-2026 11:20||NIFTY27JAN2624500PE,0.14924128586804758
20-01-2026 11:20||NIFTY27JAN2625700CE,0.10764433005979444
20-01-2026 11:20||NIFTY27JAN2626200CE,0.12358774506801573
20-01-2026 11:25||NIFTY27JAN2624000PE,0.19263668997693406
20-01-2026 11:25||NIFTY27JAN2624300PE,0.16524090993373744
20-01-2026 11:25||NIFTY27JAN2624900PE,0.12167747083263974
20-01-2026 11:25||NIFTY27JAN2625200CE,0.12727815916736734
20-01-2026 11:25||NIFTY27JAN2625300CE,0.12109504894444673
20-01-2026 11:25||NIFTY27JAN2625700CE,0.10970704469991537
20-01-2026 11:25||NIFTY27JAN2626100CE,0.11903857553401598
20-01-2026 11:30||NIFTY27JAN2623900PE,0.20401047855617502
20-01-2026 11:30||NIFTY27JAN2624200PE,0.17625518991653089
20-01-2026 11:30||NIFTY27JAN2624900PE,0.12420336820031831
20-01-2026 11:30||NIFTY27JAN2625200CE,0.11629294784308115
20-01-2026 11:30||NIFTY27JAN2625700CE,0.10653465472043389
20-01-2026 11:30||NIFTY27JAN2625800CE,0.10760058195367125
20-01-2026 11:30||NIFTY27JAN2626000CE,0.1129407673051491
20-01-2026 11:35||NIFTY27JAN2623800PE,0.2145945279402631
20-01-2026 11:35||NIFTY27JAN2625900CE,0.10864476111710336
20-01-2026 11:35||NIFTY27JAN2626300CE,0.12821766427552678
20-01-2026 11:35||NIFTY27JAN2626500CE,0.14410075509753703
20-01-2026 11:40||NIFTY27JAN2623800PE,0.21276239038992348
20-01-2026 11:40||NIFTY27JAN2624000PE,0.19394861020693616
20-01-2026 11:40||NIFTY27JAN2624100PE,0.1848653783401748
20-01-2026 11:40||NIFTY27JAN2624700PE,0.13433347325300216
20-01-2026 11:40||NIFTY27JAN2624800PE,0.12792369405172058
20-01-2026 11:40||NIFTY27JAN2625100PE,0.11269522918179514
20-01-2026 11:40||NIFTY27JAN2625300CE,0.11576945074509547
20-01-2026 11:45||NIFTY27JAN2623900PE,0.20382903476344405
20-01-2026 11:45||NIFTY27JAN2624500PE,0.1497419411264692
20-01-2026 11:45||NIFTY27JAN2625600CE,0.10721524404829552
20-01-2026 11:45||NIFTY27JAN2625800CE,0.10760855630492129
20-01-2026 11:45||NIFTY27JAN2625900CE,0.10976603346298011
20-01-2026 11:45||NIFTY27JAN2626000CE,0.11287744561707272
20-01-2026 11:50||NIFTY27JAN2624200PE,0.1766966649447435
20-01-2026 11:50||NIFTY27JAN2624600PE,0.14249994697152518
20-01-2026 11:50||NIFTY27JAN2624700PE,0.1350321660910565
20-01-2026 11:50||NIFTY27JAN2624900PE,0.1223053715061043
20-01-2026 11:50||NIFTY27JAN2625400CE,0.11061537617953113
20-01-2026 11:50||NIFTY27JAN2625700CE,0.10533672975213504
20-01-2026 11:50||NIFTY27JAN2626300CE,0.12782962043531593
20-01-2026 11:55||NIFTY27JAN2623800PE,0.2211698162374663
20-01-2026 11:55||NIFTY27JAN2623900PE,0.20994336453596618
20-01-2026 11:55||NIFTY27JAN2624000PE,0.1992114701095671
20-01-2026 11:55||NIFTY27JAN2624100PE,0.18882457854575008
20-01-2026 11:55||NIFTY27JAN2625800CE,0.10291456949797972
20-01-2026 11:55||NIFTY27JAN2625900CE,0.10586814983731632
20-01-2026 12:00||NIFTY27JAN2623800PE,0.21529675333628107
20-01-2026 12:00||NIFTY27JAN2624400PE,0.16001154771335668
20-01-2026 12:00||NIFTY27JAN2624600PE,0.14412137756158377
20-01-2026 12:00||NIFTY27JAN2624700PE,0.137049409602208
20-01-2026 12:00||NIFTY27JAN2625800CE,0.10298667713868676
20-01-2026 12:00||NIFTY27JAN2625900CE,0.1061756380593856
20-01-2026 12:05||NIFTY27JAN2624700PE,0.13637326200214794
20-01-2026 12:05||NIFTY27JAN2624900PE,0.1252908641150084
20-01-2026 12:05||NIFTY27JAN2625800CE,0.10291678356649922
20-01-2026 12:10||NIFTY27JAN2624200PE,0.17502524768138394
20-01-2026 12:10||NIFTY27JAN2624500PE,0.14948644636763564
20-01-2026 12:10||NIFTY27JAN2624600PE,0.14214120512547057
20-01-2026 12:10||NIFTY27JAN2624700PE,0.13535824284430675
20-01-2026 12:10||NIFTY27JAN2624800PE,0.1289558304036565
20-01-2026 12:10||NIFTY27JAN2624900PE,0.12301473804032588
20-01-2026 12:15||NIFTY27JAN2624300PE,0.16681117627928965
20-01-2026 12:15||NIFTY27JAN2624500PE,0.149665451543549
20-01-2026 12:15||NIFTY27JAN2625000PE,0.1179579481515278
20-01-2026 12:15||NIFTY27JAN2625100PE,0.11402932978614402
20-01-2026 12:15||NIFTY27JAN2625400CE,0.10401325730696384
20-01-2026 12:15||NIFTY27JAN2626400CE,0.13906166822138843
20-01-2026 12:20||NIFTY27JAN2623900PE,0.20377914039131828
20-01-2026 12:20||NIFTY27JAN2624000PE,0.19407605478951856
20-01-2026 12:20||NIFTY27JAN2624100PE,0.1844593998788901
20-01-2026 12:20||NIFTY27JAN2625200CE,0.10942338493436132
20-01-2026 12:20||NIFTY27JAN2625300CE,0.10629321672667628
20-01-2026 12:20||NIFTY27JAN2625700CE,0.10410615870649723
20-01-2026 12:20||NIFTY27JAN2625800CE,0.10634146962507418
20-01-2026 12:20||NIFTY27JAN2625900CE,0.10935879042461807
20-01-2026 12:25||NIFTY27JAN2623800PE,0.21203626410401316
20-01-2026 12:25||NIFTY27JAN2625000PE,0.11516360937586989
20-01-2026 12:25||NIFTY27JAN2625100PE,0.11103050873860666
20-01-2026 12:25||NIFTY27JAN2625700CE,0.10772915908201491
20-01-2026 12:25||NIFTY27JAN2626000CE,0.11522867627477024
20-01-2026 12:30||NIFTY27JAN2623800PE,0.21418351735219723
20-01-2026 12:30||NIFTY27JAN2623900PE,0.20372955440428878
20-01-2026 12:30||NIFTY27JAN2624900PE,0.12208864867492497
20-01-2026 12:30||NIFTY27JAN2625000PE,0.11803710703173156
20-01-2026 12:30||NIFTY27JAN2625100PE,0.11440729632528032
20-01-2026 12:30||NIFTY27JAN2625300CE,0.10751951358065336
20-01-2026 12:30||NIFTY27JAN2626000CE,0.11365663108062027
20-01-2026 12:35||NIFTY27JAN2623800PE,0.21258365571982377
20-01-2026 12:35||NIFTY27JAN2624200PE,0.17408388593924473
20-01-2026 12:35||NIFTY27JAN2625000PE,0.1168632677983966
20-01-2026 12:35||NIFTY27JAN2625200CE,0.11401810092546487
20-01-2026 12:35||NIFTY27JAN2625500CE,0.10714693192984721
20-01-2026 12:35||NIFTY27JAN2625700CE,0.10663697489555893
20-01-2026 12:35||NIFTY27JAN2625800CE,0.10816195877803922
20-01-2026 12:35||NIFTY27JAN2626200CE,0.12695455065587527
20-01-2026 12:35||NIFTY27JAN2626300CE,0.13431055603378778
20-01-2026 12:40||NIFTY27JAN2623800PE,0.21174373489090287
20-01-2026 12:40||NIFTY27JAN2624000PE,0.19251046498571342
20-01-2026 12:40||NIFTY27JAN2624300PE,0.1653267000744062
20-01-2026 12:40||NIFTY27JAN2624600PE,0.1413813531015262
20-01-2026 12:40||NIFTY27JAN2624700PE,0.13458993076904024
20-01-2026 12:40||NIFTY27JAN2625400CE,0.10481113791544691
20-01-2026 12:40||NIFTY27JAN2626100CE,0.1209107323423558
20-01-2026 12:45||NIFTY27JAN2623800PE,0.21069150244935905
20-01-2026 12:45||NIFTY27JAN2624300PE,0.1641883225638049
20-01-2026 12:45||NIFTY27JAN2624400PE,0.1555772881576368
20-01-2026 12:45||NIFTY27JAN2625100PE,0.11296004281037988
20-01-2026 12:50||NIFTY27JAN2624200PE,0.1742040636239898
20-01-2026 12:50||NIFTY27JAN2625600CE,0.10607276083253586
20-01-2026 12:50||NIFTY27JAN2626000CE,0.11489293679025844
20-01-2026 12:50||NIFTY27JAN2626200CE,0.12605697107010816
20-01-2026 12:55||NIFTY27JAN2624900PE,0.12147103483689878
20-01-2026 12:55||NIFTY27JAN2625400CE,0.10892888113088281
20-01-2026 13:00||NIFTY27JAN2623900PE,0.20313042815069848
20-01-2026 13:00||NIFTY27JAN2624200PE,0.17557971352979368
20-01-2026 13:00||NIFTY27JAN2625100PE,0.11257745513069574
20-01-2026 13:00||NIFTY27JAN2625800CE,0.10790385299457483
20-01-2026 13:00||NIFTY27JAN2625900CE,0.11096584596158904
20-01-2026 13:00||NIFTY27JAN2626400CE,0.14091678003114966
20-01-2026 13:05||NIFTY27JAN2624200PE,0.17522197725839134
20-01-2026 13:05||NIFTY27JAN2624900PE,0.12229684478548292
20-01-2026 13:05||NIFTY27JAN2625300CE,0.10855128121136091
20-01-2026 13:05||NIFTY27JAN2625400CE,0.10643071571114496
20-01-2026 13:05||NIFTY27JAN2625600CE,0.10453032069860163
20-01-2026 13:05||NIFTY27JAN2626500CE,0.15085837908454583
20-01-2026 13:10||NIFTY27JAN2624000PE,0.1935824335235852
20-01-2026 13:10||NIFTY27JAN2624400PE,0.15775287273488
20-01-2026 13:10||NIFTY27JAN2624700PE,0.13479055923782185
20-01-2026 13:10||NIFTY27JAN2625000PE,0.11781512058251402
20-01-2026 13:10||NIFTY27JAN2626000CE,0.11419929826875802
20-01-2026 13:10||NIFTY27JAN2626400CE,0.14106394462887786
20-01-2026 13:15||NIFTY27JAN2623900PE,0.2025383807732674
20-01-2026 13:15||NIFTY27JAN2624600PE,0.1406278883239288
20-01-2026 13:15||NIFTY27JAN2624900PE,0.12117445120428157
20-01-2026 13:15||NIFTY27JAN2625000PE,0.11616588833558708
20-01-2026 13:15||NIFTY27JAN2625200CE,0.11742369344481904
20-01-2026 13:15||NIFTY27JAN2626000CE,0.1160218555339866
20-01-2026 13:15||NIFTY27JAN2626200CE,0.1275701113635361
20-01-2026 13:20||NIFTY27JAN2624200PE,0.17610336973161467
20-01-2026 13:20||NIFTY27JAN2624600PE,0.1431969864625468
20-01-2026 13:20||NIFTY27JAN2625000PE,0.1193262956451842
20-01-2026 13:20||NIFTY27JAN2625700CE,0.10452707290287697
20-01-2026 13:20||NIFTY27JAN2626100CE,0.119051123214149
20-01-2026 13:20||NIFTY27JAN2626200CE,0.12487105133118906
20-01-2026 13:25||NIFTY27JAN2623800PE,0.21272499215188817
20-01-2026 13:25||NIFTY27JAN2624100PE,0.18436139614526992
20-01-2026 13:25||NIFTY27JAN2624700PE,0.1342721643858738
20-01-2026 13:25||NIFTY27JAN2625000PE,0.11761645628861614
20-01-2026 13:25||NIFTY27JAN2625800CE,0.10803046581544866
20-01-2026 13:30||NIFTY27JAN2624100PE,0.1842612909516062
20-01-2026 13:30||NIFTY27JAN2624700PE,0.13487995225486185
20-01-2026 13:30||NIFTY27JAN2624900PE,0.12364147856576185
20-01-2026 13:30||NIFTY27JAN2626000CE,0.11454856351553185
20-01-2026 13:35||NIFTY27JAN2625100PE,0.11673300133397183
20-01-2026 13:35||NIFTY27JAN2625800CE,0.10882213789373185
20-01-2026 13:40||NIFTY27JAN2623800PE,0.2131679321719755
20-01-2026 13:40||NIFTY27JAN2624600PE,0.1398628187573367
20-01-2026 13:40||NIFTY27JAN2625000PE,0.1164051663117315
20-01-2026 13:45||NIFTY27JAN2624000PE,0.19336153949531978
20-01-2026 13:45||NIFTY27JAN2624400PE,0.1574529968091879
20-01-2026 13:45||NIFTY27JAN2624600PE,0.14245559639490157
20-01-2026 13:50||NIFTY27JAN2624000PE,0.19267006495283162
20-01-2026 13:50||NIFTY27JAN2624100PE,0.18343746365084895
20-01-2026 13:50||NIFTY27JAN2624200PE,0.17434769400449357
20-01-2026 13:50||NIFTY27JAN2624300PE,0.16537963444548703
20-01-2026 13:50||NIFTY27JAN2624500PE,0.14838246411778103
20-01-2026 13:50||NIFTY27JAN2625200CE,0.11927327217304001
20-01-2026 13:50||NIFTY27JAN2625400CE,0.11198991704255529
20-01-2026 13:50||NIFTY27JAN2626000CE,0.12047199096640315
20-01-2026 13:50||NIFTY27JAN2626100CE,0.1260915521843468
20-01-2026 13:55||NIFTY27JAN2624400PE,0.15729301503036952
20-01-2026 13:55||NIFTY27JAN2625200CE,0.11965264389879561
20-01-2026 13:55||NIFTY27JAN2625400CE,0.11223685207179596
20-01-2026 13:55||NIFTY27JAN2625600CE,0.10945527317600061
20-01-2026 14:00||NIFTY27JAN2624100PE,0.18576902381705726
20-01-2026 14:00||NIFTY27JAN2624200PE,0.1761689869922633
20-01-2026 14:00||NIFTY27JAN2624800PE,0.1276123671145317
20-01-2026 14:00||NIFTY27JAN2624900PE,0.12148766318498416
20-01-2026 14:00||NIFTY27JAN2625000PE,0.11581883741679397
20-01-2026 14:00||NIFTY27JAN2625100PE,0.11069474645825084
20-01-2026 14:00||NIFTY27JAN2625200CE,0.11558740998822581
20-01-2026 14:00||NIFTY27JAN2626100CE,0.12555668661763006
20-01-2026 14:05||NIFTY27JAN2623800PE,0.21392295474267858
20-01-2026 14:05||NIFTY27JAN2625100PE,0.11521909207124607
20-01-2026 14:05||NIFTY27JAN2625200CE,0.11500996302192142
20-01-2026 14:05||NIFTY27JAN2626100CE,0.12706311550307237
20-01-2026 14:05||NIFTY27JAN2626400CE,0.1493908619030099
20-01-2026 14:10||NIFTY27JAN2624000PE,0.19397202964209942
20-01-2026 14:10||NIFTY27JAN2624200PE,0.1758591576673476
20-01-2026 14:10||NIFTY27JAN2624500PE,0.1503727292308025
20-01-2026 14:10||NIFTY27JAN2624900PE,0.12385986848279577
20-01-2026 14:10||NIFTY27JAN2625000PE,0.11880969541252137
20-01-2026 14:10||NIFTY27JAN2625500CE,0.11075342996114314
20-01-2026 14:10||NIFTY27JAN2625700CE,0.11158111664109406
20-01-2026 14:10||NIFTY27JAN2626100CE,0.12861473264237624
20-01-2026 14:10||NIFTY27JAN2626200CE,0.13532005604854122
20-01-2026 14:10||NIFTY27JAN2626300CE,0.14252815412868192
20-01-2026 14:15||NIFTY27JAN2623800PE,0.21169872697548212
20-01-2026 14:15||NIFTY27JAN2624100PE,0.18406776167600133
20-01-2026 14:15||NIFTY27JAN2624500PE,0.15089685397302594
20-01-2026 14:15||NIFTY27JAN2624600PE,0.14367604787888605
20-01-2026 14:15||NIFTY27JAN2624900PE,0.12521854266245097
20-01-2026 14:15||NIFTY27JAN2625200CE,0.11438165795730505
20-01-2026 14:15||NIFTY27JAN2625400CE,0.10853348365429051
20-01-2026 14:15||NIFTY27JAN2626000CE,0.12045476136486821
20-01-2026 14:15||NIFTY27JAN2626300CE,0.14033228293952915
20-01-2026 14:15||NIFTY27JAN2626500CE,0.1579219467250708
20-01-2026 14:20||NIFTY27JAN2625400CE,0.11487789841612737
20-01-2026 14:20||NIFTY27JAN2625700CE,0.1128066464824356
20-01-2026 14:20||NIFTY27JAN2626500CE,0.1590068912761848
20-01-2026 14:25||NIFTY27JAN2624100PE,0.1855035790562866
20-01-2026 14:25||NIFTY27JAN2624600PE,0.14262796237875966
20-01-2026 14:25||NIFTY27JAN2625400CE,0.11339796779791053
20-01-2026 14:25||NIFTY27JAN2625900CE,0.11646507215682592
20-01-2026 14:30||NIFTY27JAN2624000PE,0.19532272574176518
20-01-2026 14:30||NIFTY27JAN2624600PE,0.1452194507163714
20-01-2026 14:30||NIFTY27JAN2625400CE,0.10713617953080537
20-01-2026 14:30||NIFTY27JAN2625500CE,0.10619786723766628
20-01-2026 14:30||NIFTY27JAN2625800CE,0.11011031310882781
20-01-2026 14:30||NIFTY27JAN2626000CE,0.11818127418205346
20-01-2026 14:30||NIFTY27JAN2626400CE,0.14545899354604652
20-01-2026 14:30||NIFTY27JAN2626500CE,0.15403238421161305
20-01-2026 14:35||NIFTY27JAN2624600PE,0.14692561282720784
20-01-2026 14:35||NIFTY27JAN2624800PE,0.133927435294955
20-01-2026 14:35||NIFTY27JAN2625600CE,0.10562424688200808
20-01-2026 14:35||NIFTY27JAN2626000CE,0.11785693610361467
20-01-2026 14:35||NIFTY27JAN2626300CE,0.1362809871772066
20-01-2026 14:40||NIFTY27JAN2623800PE,0.21744683317462707
20-01-2026 14:40||NIFTY27JAN2625200CE,0.11111817180033903
20-01-2026 14:40||NIFTY27JAN2625500CE,0.10623130349874099
20-01-2026 14:45||NIFTY27JAN2624600PE,0.14567715792870672
20-01-2026 14:45||NIFTY27JAN2625500CE,0.1089134884063831
20-01-2026 14:45||NIFTY27JAN2626000CE,0.12122935499324047
20-01-2026 14:45||NIFTY27JAN2626100CE,0.12686109100072884
20-01-2026 14:50||NIFTY27JAN2624000PE,0.1988602851339174
20-01-2026 14:50||NIFTY27JAN2624200PE,0.17980019976826309
20-01-2026 14:50||NIFTY27JAN2624900PE,0.12724939050022588
20-01-2026 14:50||NIFTY27JAN2625100PE,0.11838950031375
20-01-2026 14:50||NIFTY27JAN2625500CE,0.10301200870976583
20-01-2026 14:50||NIFTY27JAN2625900CE,0.11380150368011112
20-01-2026 14:55||NIFTY27JAN2623900PE,0.20877896942650398
20-01-2026 14:55||NIFTY27JAN2624000PE,0.19880616560671896
20-01-2026 14:55||NIFTY27JAN2624100PE,0.1890642180235079
20-01-2026 14:55||NIFTY27JAN2626000CE,0.1186663820468161
20-01-2026 15:00||NIFTY27JAN2624800PE,0.1294062085883601
20-01-2026 15:00||NIFTY27JAN2625600CE,0.1068404298463106
20-01-2026 15:00||NIFTY27JAN2626100CE,0.13140991436867988
20-01-2026 15:00||NIFTY27JAN2626200CE,0.1384714429620693
20-01-2026 15:00||NIFTY27JAN2626400CE,0.1539843672014622
20-01-2026 15:05||NIFTY27JAN2623900PE,0.2061713362066676
20-01-2026 15:05||NIFTY27JAN2624300PE,0.16717618899293418
20-01-2026 15:05||NIFTY27JAN2625000PE,0.12526819877578252
20-01-2026 15:05||NIFTY27JAN2625200CE,0.09921220182719127
20-01-2026 15:05||NIFTY27JAN2626100CE,0.13008098488111772
20-01-2026 15:05||NIFTY27JAN2626200CE,0.13709902155414022
20-01-2026 15:10||NIFTY27JAN2624300PE,0.16574094394900557
20-01-2026 15:10||NIFTY27JAN2625100PE,0.12875063652385305
20-01-2026 15:10||NIFTY27JAN2625300CE,0.10063292433588757
20-01-2026 15:10||NIFTY27JAN2625400CE,0.10261035336290042
20-01-2026 15:10||NIFTY27JAN2625900CE,0.12389351976178334
20-01-2026 15:10||NIFTY27JAN2626100CE,0.13644818262280994
20-01-2026 15:15||NIFTY27JAN2624000PE,0.2030422540651391
20-01-2026 15:15||NIFTY27JAN2624200PE,0.18154217614052937
20-01-2026 15:15||NIFTY27JAN2624500PE,0.15524104461927524
20-01-2026 15:15||NIFTY27JAN2624800PE,0.13749272810967791
20-01-2026 15:15||NIFTY27JAN2625000PE,0.12973412783596924
20-01-2026 15:15||NIFTY27JAN2625100PE,0.12556914387386076
20-01-2026 15:15||NIFTY27JAN2625700CE,0.11623511091896813
20-01-2026 15:15||NIFTY27JAN2625900CE,0.126066510899422
20-01-2026 15:15||NIFTY27JAN2626000CE,0.13240499958590873
20-01-2026 15:15||NIFTY27JAN2626200CE,0.14596767958409684
20-01-2026 15:20||NIFTY27JAN2623800PE,0.22282077559637606
20-01-2026 15:20||NIFTY27JAN2624200PE,0.17822128138176346
20-01-2026 15:20||NIFTY27JAN2624500PE,0.15085698210790416
20-01-2026 15:20||NIFTY27JAN2625500CE,0.11809251815925
20-01-2026 15:20||NIFTY27JAN2625700CE,0.12283672751572987
20-01-2026 15:20||NIFTY27JAN2626400CE,0.1644243598727038
20-01-2026 15:25||NIFTY27JAN2623800PE,0.22131504442796993
20-01-2026 15:25||NIFTY27JAN2625100PE,0.11015026942558213
20-01-2026 15:25||NIFTY27JAN2625200CE,0.13493140555632677
20-01-2026 15:25||NIFTY27JAN2625300CE,0.13014555246936102
20-01-2026 15:25||NIFTY27JAN2625900CE,0.13394989782027686
20-01-2026 15:25||NIFTY27JAN2626200CE,0.1502995574810907
21-01-2026 09:15||NIFTY27JAN2625200CE,0.15414580465968825
21-01-2026 09:15||NIFTY27JAN2625400CE,0.14544349119741384
21-01-2026 09:15||NIFTY27JAN2625900CE,0.14236163034382454
21-01-2026 09:15||NIFTY27JAN2626200CE,0.15807358533958307
21-01-2026 09:20||NIFTY27JAN2623900PE,0.21900818433865926
21-01-2026 09:20||NIFTY27JAN2624300PE,0.17820519457890047
21-01-2026 09:20||NIFTY27JAN2624400PE,0.16841546083076597
21-01-2026 09:25||NIFTY27JAN2624000PE,0.2180088463089313
21-01-2026 09:25||NIFTY27JAN2624300PE,0.18744068156566243
21-01-2026 09:25||NIFTY27JAN2624400PE,0.17771641647085862
21-01-2026 09:25||NIFTY27JAN2625100PE,0.12381939012922649
21-01-2026 09:25||NIFTY27JAN2625300CE,0.11096692959348084
21-01-2026 09:25||NIFTY27JAN2625600CE,0.11212648745345222
21-01-2026 09:25||NIFTY27JAN2625800CE,0.11929214212229315
21-01-2026 09:30||NIFTY27JAN2623800PE,0.23794754565314946
21-01-2026 09:30||NIFTY27JAN2623900PE,0.22691460387037096
21-01-2026 09:30||NIFTY27JAN2624000PE,0.21446211290037628
21-01-2026 09:30||NIFTY27JAN2624400PE,0.17246166496496063
21-01-2026 09:30||NIFTY27JAN2625300CE,0.12970091159291708
21-01-2026 09:30||NIFTY27JAN2625700CE,0.12218693832020938
21-01-2026 09:35||NIFTY27JAN2623900PE,0.22841071460888707
21-01-2026 09:35||NIFTY27JAN2624200PE,0.19620192407999673
21-01-2026 09:35||NIFTY27JAN2625200CE,0.11549454615405629
21-01-2026 09:35||NIFTY27JAN2625300CE,0.11333234990262378
21-01-2026 09:35||NIFTY27JAN2625600CE,0.11121164955486529
21-01-2026 09:35||NIFTY27JAN2626200CE,0.14669173235959793
21-01-2026 09:40||NIFTY27JAN2624400PE,0.1684656325007245
21-01-2026 09:40||NIFTY27JAN2625100PE,0.10951350291641454
21-01-2026 09:40||NIFTY27JAN2625200CE,0.1287598610327683
21-01-2026 09:40||NIFTY27JAN2625900CE,0.13084890275086392
21-01-2026 09:40||NIFTY27JAN2626300CE,0.15944676242205127
21-01-2026 09:40||NIFTY27JAN2626400CE,0.16789399603579985
21-01-2026 09:45||NIFTY27JAN2623800PE,0.23079617922040999
21-01-2026 09:45||NIFTY27JAN2624100PE,0.19840785527480947
21-01-2026 09:45||NIFTY27JAN2624400PE,0.16813478147214928
21-01-2026 09:45||NIFTY27JAN2625200CE,0.12735008245300683
21-01-2026 09:45||NIFTY27JAN2625600CE,0.11928086479736394
21-01-2026 09:45||NIFTY27JAN2626000CE,0.13661620371561767
21-01-2026 09:45||NIFTY27JAN2626300CE,0.1591106451740553
21-01-2026 09:50||NIFTY27JAN2624700PE,0.13871985733598108
21-01-2026 09:50||NIFTY27JAN2624900PE,0.12327453413010411
21-01-2026 09:50||NIFTY27JAN2625400CE,0.11649312484470108
21-01-2026 09:50||NIFTY27JAN2625600CE,0.11763132034650263
21-01-2026 09:50||NIFTY27JAN2625800CE,0.12495767055946061
21-01-2026 09:55||NIFTY27JAN2624100PE,0.19492784988486886
21-01-2026 09:55||NIFTY27JAN2624200PE,0.1852953716353814
21-01-2026 09:55||NIFTY27JAN2624400PE,0.1664894076071945
21-01-2026 09:55||NIFTY27JAN2624800PE,0.13355462806809407
21-01-2026 09:55||NIFTY27JAN2625400CE,0.11141389024395784
21-01-2026 09:55||NIFTY27JAN2626000CE,0.13542743934578988
21-01-2026 09:55||NIFTY27JAN2626100CE,0.14324997218954386
21-01-2026 09:55||NIFTY27JAN2626200CE,0.15158323417382824
21-01-2026 09:55||NIFTY27JAN2626500CE,0.18004541792384604
21-01-2026 10:00||NIFTY27JAN2624000PE,0.20167260956309052
21-01-2026 10:00||NIFTY27JAN2625000PE,0.11505552366338666
21-01-2026 10:00||NIFTY27JAN2625300CE,0.12157341759644927
21-01-2026 10:00||NIFTY27JAN2625400CE,0.12004005527108774
21-01-2026 10:00||NIFTY27JAN2626500CE,0.18220564692210614
21-01-2026 10:05||NIFTY27JAN2625200CE,0.11820618919543835
21-01-2026 10:05||NIFTY27JAN2625600CE,0.11774277959611591
21-01-2026 10:05||NIFTY27JAN2625700CE,0.12138755397926672
21-01-2026 10:05||NIFTY27JAN2625800CE,0.12588146058481425
21-01-2026 10:10||NIFTY27JAN2624000PE,0.19779984216650667
21-01-2026 10:10||NIFTY27JAN2624400PE,0.15916703838644275
21-01-2026 10:10||NIFTY27JAN2625800CE,0.12985488997999983
21-01-2026 10:10||NIFTY27JAN2626100CE,0.14884681554512802
21-01-2026 10:15||NIFTY27JAN2624000PE,0.19989207664036718
21-01-2026 10:15||NIFTY27JAN2624200PE,0.17963298810662925
21-01-2026 10:15||NIFTY27JAN2624500PE,0.15148706942340529
21-01-2026 10:15||NIFTY27JAN2624600PE,0.14286826840219763
21-01-2026 10:15||NIFTY27JAN2625500CE,0.11839413778060796
21-01-2026 10:15||NIFTY27JAN2626100CE,0.14777897800167628
21-01-2026 10:20||NIFTY27JAN2625700CE,0.12003965569208283
21-01-2026 10:25||NIFTY27JAN2624300PE,0.16998828376306083
21-01-2026 10:25||NIFTY27JAN2625000PE,0.11817067934214434
21-01-2026 10:25||NIFTY27JAN2625700CE,0.12728843768860926
21-01-2026 10:25||NIFTY27JAN2626200CE,0.1612427725021267
21-01-2026 10:30||NIFTY27JAN2624200PE,0.17723732436005463
21-01-2026 10:30||NIFTY27JAN2624700PE,0.13434933627079335
21-01-2026 10:30||NIFTY27JAN2624800PE,0.12732694511350423
21-01-2026 10:30||NIFTY27JAN2625200CE,0.1204864835758301
21-01-2026 10:30||NIFTY27JAN2625900CE,0.1399196339759004
21-01-2026 10:30||NIFTY27JAN2626300CE,0.1706323148575333
21-01-2026 10:30||NIFTY27JAN2626400CE,0.1787465075753601
21-01-2026 10:35||NIFTY27JAN2624400PE,0.1586568378481018
21-01-2026 10:35||NIFTY27JAN2625100PE,0.11353968698125677
21-01-2026 10:35||NIFTY27JAN2625500CE,0.12027064027431163
21-01-2026 10:35||NIFTY27JAN2625600CE,0.12360150727954246
21-01-2026 10:35||NIFTY27JAN2625800CE,0.1336504727901023
21-01-2026 10:35||NIFTY27JAN2625900CE,0.13996172853909483
21-01-2026 10:40||NIFTY27JAN2624200PE,0.18295029698578202
21-01-2026 10:40||NIFTY27JAN2624800PE,0.1419620293099552
21-01-2026 10:40||NIFTY27JAN2625200CE,0.11121195490378999
21-01-2026 10:40||NIFTY27JAN2625400CE,0.1156112595832113
21-01-2026 10:40||NIFTY27JAN2626300CE,0.17447538416604225
21-01-2026 10:45||NIFTY27JAN2624700PE,0.136549199139417
21-01-2026 10:45||NIFTY27JAN2624800PE,0.12988666878977626
21-01-2026 10:45||NIFTY27JAN2625700CE,0.14123810791398614
21-01-2026 10:45||NIFTY27JAN2626400CE,0.19226695649271544
21-01-2026 10:45||NIFTY27JAN2626500CE,0.2008883766762582
21-01-2026 10:50||NIFTY27JAN2624100PE,0.19406682347538168
21-01-2026 10:50||NIFTY27JAN2624300PE,0.17700482680747467
21-01-2026 10:50||NIFTY27JAN2624400PE,0.16941280133044395
21-01-2026 10:50||NIFTY27JAN2624500PE,0.16237657202075365
21-01-2026 10:50||NIFTY27JAN2625400CE,0.12601733515383876
21-01-2026 10:50||NIFTY27JAN2625700CE,0.14052870891150915
21-01-2026 10:50||NIFTY27JAN2625900CE,0.15462326984363198
21-01-2026 10:50||NIFTY27JAN2626400CE,0.19359317703091658
21-01-2026 10:55||NIFTY27JAN2623900PE,0.2107439665368497
21-01-2026 10:55||NIFTY27JAN2624300PE,0.17186055890909813
21-01-2026 10:55||NIFTY27JAN2624800PE,0.13156633398758596
21-01-2026 10:55||NIFTY27JAN2625000PE,0.12065444269043879
21-01-2026 10:55||NIFTY27JAN2625100PE,0.11526514127414497
21-01-2026 10:55||NIFTY27JAN2625300CE,0.14096437201269466
21-01-2026 10:55||NIFTY27JAN2625900CE,0.16249512310210412
21-01-2026 10:55||NIFTY27JAN2626200CE,0.1836764292748202
21-01-2026 11:00||NIFTY27JAN2624000PE,0.2036902949237494
21-01-2026 11:00||NIFTY27JAN2624300PE,0.17468692506445946
21-01-2026 11:00||NIFTY27JAN2624600PE,0.15062885256368636
21-01-2026 11:00||NIFTY27JAN2624800PE,0.13815592648684982
21-01-2026 11:00||NIFTY27JAN2625100PE,0.12581804438273203
21-01-2026 11:00||NIFTY27JAN2625300CE,0.13383212126401522
21-01-2026 11:05||NIFTY27JAN2624000PE,0.198500708521054
21-01-2026 11:05||NIFTY27JAN2624100PE,0.18833014543492915
21-01-2026 11:05||NIFTY27JAN2624400PE,0.1601351842382625
21-01-2026 11:05||NIFTY27JAN2625000PE,0.11811051623258396
21-01-2026 11:05||NIFTY27JAN2625200CE,0.1351527884993172
21-01-2026 11:10||NIFTY27JAN2624800PE,0.12577801675023711
21-01-2026 11:10||NIFTY27JAN2625200CE,0.13950149850111745
21-01-2026 11:10||NIFTY27JAN2625300CE,0.1390916575832664
21-01-2026 11:10||NIFTY27JAN2625500CE,0.1412587354145836
21-01-2026 11:10||NIFTY27JAN2625900CE,0.15752385050619397
21-01-2026 11:10||NIFTY27JAN2626100CE,0.17052033587246507
21-01-2026 11:15||NIFTY27JAN2624300PE,0.17135119051913444
21-01-2026 11:15||NIFTY27JAN2625100PE,0.105313923471592
21-01-2026 11:15||NIFTY27JAN2625400CE,0.13951301279575162
21-01-2026 11:20||NIFTY27JAN2623900PE,0.21523973777009753
21-01-2026 11:20||NIFTY27JAN2625800CE,0.14349276157178653
21-01-2026 11:20||NIFTY27JAN2626000CE,0.1560448411992808
21-01-2026 11:20||NIFTY27JAN2626100CE,0.16314227412828963
21-01-2026 11:20||NIFTY27JAN2626400CE,0.18676695908169375
21-01-2026 11:20||NIFTY27JAN2626500CE,0.19510646980636104
21-01-2026 11:25||NIFTY27JAN2624600PE,0.15422081580973135
21-01-2026 11:25||NIFTY27JAN2624800PE,0.13965932113950513
21-01-2026 11:30||NIFTY27JAN2623900PE,0.21639799691376954
21-01-2026 11:30||NIFTY27JAN2624000PE,0.20658652250994441
21-01-2026 11:30||NIFTY27JAN2624100PE,0.19688188275458207
21-01-2026 11:30||NIFTY27JAN2624400PE,0.16903423169637644
21-01-2026 11:30||NIFTY27JAN2625400CE,0.13089110785627178
21-01-2026 11:30||NIFTY27JAN2625800CE,0.1447028347170849
21-01-2026 11:30||NIFTY27JAN2626000CE,0.15730644458870677
21-01-2026 11:30||NIFTY27JAN2626500CE,0.19644045569235605
21-01-2026 11:35||NIFTY27JAN2623900PE,0.21734218423139068
21-01-2026 11:35||NIFTY27JAN2624600PE,0.15319976349058734
21-01-2026 11:35||NIFTY27JAN2626100CE,0.1636159150946601
21-01-2026 11:35||NIFTY27JAN2626300CE,0.17881124462247477
21-01-2026 11:40||NIFTY27JAN2624800PE,0.13644542983638056
21-01-2026 11:40||NIFTY27JAN2625100PE,0.11882506665932903
21-01-2026 11:40||NIFTY27JAN2625200CE,0.1315905407063349
21-01-2026 11:40||NIFTY27JAN2625700CE,0.14000988055252345
21-01-2026 11:45||NIFTY27JAN2624600PE,0.15098205548517724
21-01-2026 11:45||NIFTY27JAN2625100PE,0.11722134121397673
21-01-2026 11:45||NIFTY27JAN2625200CE,0.13193361425802455
21-01-2026 11:45||NIFTY27JAN2625400CE,0.13162747246159134
21-01-2026 11:50||NIFTY27JAN2624000PE,0.20672889806454284
21-01-2026 11:50||NIFTY27JAN2624100PE,0.19670622882278915
21-01-2026 11:50||NIFTY27JAN2624300PE,0.1773474095826933
21-01-2026 11:55||NIFTY27JAN2624000PE,0.20704487911882877
21-01-2026 11:55||NIFTY27JAN2624600PE,0.15165259803185943
21-01-2026 11:55||NIFTY27JAN2624700PE,0.14387986103690908
21-01-2026 11:55||NIFTY27JAN2624900PE,0.1298542401840442
21-01-2026 12:00||NIFTY27JAN2624100PE,0.19439631133308402
21-01-2026 12:00||NIFTY27JAN2624200PE,0.18422668094602776
21-01-2026 12:00||NIFTY27JAN2624700PE,0.13732740443631147
21-01-2026 12:00||NIFTY27JAN2624800PE,0.12901637608698918
21-01-2026 12:00||NIFTY27JAN2625600CE,0.1362407427169156
21-01-2026 12:00||NIFTY27JAN2625900CE,0.14755953106197128
21-01-2026 12:05||NIFTY27JAN2623800PE,0.22853701786790176
21-01-2026 12:05||NIFTY27JAN2624100PE,0.19876863530671512
21-01-2026 12:05||NIFTY27JAN2625500CE,0.1260311005808998
21-01-2026 12:05||NIFTY27JAN2626200CE,0.16062049586913035
21-01-2026 12:10||NIFTY27JAN2624100PE,0.19379711734857102
21-01-2026 12:10||NIFTY27JAN2624200PE,0.18394829786755312
21-01-2026 12:10||NIFTY27JAN2625000PE,0.1153446002288158
21-01-2026 12:10||NIFTY27JAN2625900CE,0.1428591908038231
21-01-2026 12:10||NIFTY27JAN2626500CE,0.18582508985268775
21-01-2026 12:15||NIFTY27JAN2623800PE,0.2265233727309882
21-01-2026 12:15||NIFTY27JAN2624200PE,0.18561001450739534
21-01-2026 12:15||NIFTY27JAN2625400CE,0.13362210448271544
21-01-2026 12:15||NIFTY27JAN2625700CE,0.13503079080081984
21-01-2026 12:20||NIFTY27JAN2624200PE,0.19047475576459988
21-01-2026 12:20||NIFTY27JAN2625000PE,0.12020509117157033
21-01-2026 12:20||NIFTY27JAN2625400CE,0.12924567064907933
21-01-2026 12:20||NIFTY27JAN2625600CE,0.12911394470577875
21-01-2026 12:20||NIFTY27JAN2625700CE,0.13111017165652492
21-01-2026 12:20||NIFTY27JAN2626300CE,0.16290343316454858
21-01-2026 12:25||NIFTY27JAN2624000PE,0.21869361042222216
21-01-2026 12:25||NIFTY27JAN2624500PE,0.17249973377265274
21-01-2026 12:25||NIFTY27JAN2624600PE,0.164335439066069
21-01-2026 12:25||NIFTY27JAN2624700PE,0.15652176542401858
21-01-2026 12:25||NIFTY27JAN2625700CE,0.12315047661428155
21-01-2026 12:25||NIFTY27JAN2626500CE,0.17790875526714914
21-01-2026 12:30||NIFTY27JAN2624100PE,0.20455445673736836
21-01-2026 12:30||NIFTY27JAN2624200PE,0.19467876684191118
21-01-2026 12:30||NIFTY27JAN2625300CE,0.13654815767328798
21-01-2026 12:30||NIFTY27JAN2625800CE,0.13495116456018724
21-01-2026 12:35||NIFTY27JAN2624000PE,0.21425218393480644
21-01-2026 12:35||NIFTY27JAN2624100PE,0.20463755812944084
21-01-2026 12:35||NIFTY27JAN2625600CE,0.13232343059567195
21-01-2026 12:35||NIFTY27JAN2626400CE,0.16762589548472828
21-01-2026 12:40||NIFTY27JAN2624500PE,0.1745296057257406
21-01-2026 12:40||NIFTY27JAN2624700PE,0.15748456849741954
21-01-2026 12:40||NIFTY27JAN2624800PE,0.1492837927667457
21-01-2026 12:40||NIFTY27JAN2625200CE,0.13674763350613647
21-01-2026 12:40||NIFTY27JAN2625400CE,0.12807922003849134
21-01-2026 12:40||NIFTY27JAN2625900CE,0.13284186019176164
21-01-2026 12:45||NIFTY27JAN2623800PE,0.24378401183814558
21-01-2026 12:45||NIFTY27JAN2624400PE,0.18676304366900354
21-01-2026 12:45||NIFTY27JAN2625300CE,0.1404812235853757
21-01-2026 12:45||NIFTY27JAN2625800CE,0.13071729648890656
21-01-2026 12:45||NIFTY27JAN2626200CE,0.14707657325464557
21-01-2026 12:50||NIFTY27JAN2623800PE,0.2468111476869123
21-01-2026 12:50||NIFTY27JAN2624100PE,0.21914612106989872
21-01-2026 12:50||NIFTY27JAN2625200CE,0.1493768769466152
21-01-2026 12:50||NIFTY27JAN2625500CE,0.1334179008459985
21-01-2026 12:50||NIFTY27JAN2625600CE,0.13128197201957892
21-01-2026 12:55||NIFTY27JAN2625300CE,0.13393636296116995
21-01-2026 12:55||NIFTY27JAN2625400CE,0.12960313099381346
21-01-2026 12:55||NIFTY27JAN2625600CE,0.12634376758112342
21-01-2026 12:55||NIFTY27JAN2625700CE,0.12700543756202953
21-01-2026 12:55||NIFTY27JAN2625800CE,0.12848121276440377
21-01-2026 12:55||NIFTY27JAN2625900CE,0.1308599918707202
21-01-2026 12:55||NIFTY27JAN2626500CE,0.16622738687188007
21-01-2026 13:00||NIFTY27JAN2624600PE,0.1753864896071136
21-01-2026 13:00||NIFTY27JAN2624700PE,0.1665024910187373
21-01-2026 13:00||NIFTY27JAN2626100CE,0.138979666769586
21-01-2026 13:05||NIFTY27JAN2623800PE,0.2524214012209584
21-01-2026 13:05||NIFTY27JAN2623900PE,0.24276105006494228
21-01-2026 13:05||NIFTY27JAN2624100PE,0.22380915041942412
21-01-2026 13:05||NIFTY27JAN2625600CE,0.11706540586033576
21-01-2026 13:05||NIFTY27JAN2626300CE,0.14948252146495453
21-01-2026 13:05||NIFTY27JAN2626400CE,0.1569014027382123
21-01-2026 13:10||NIFTY27JAN2625800CE,0.12986600668637993
21-01-2026 13:10||NIFTY27JAN2626200CE,0.14826508645892228
21-01-2026 13:15||NIFTY27JAN2624400PE,0.18885217180341168
21-01-2026 13:15||NIFTY27JAN2625400CE,0.12600048368447403
21-01-2026 13:15||NIFTY27JAN2625800CE,0.12684821226789328
21-01-2026 13:20||NIFTY27JAN2623800PE,0.24704000988795308
21-01-2026 13:20||NIFTY27JAN2623900PE,0.23745342841373074
21-01-2026 13:20||NIFTY27JAN2624600PE,0.17259860066563706
21-01-2026 13:20||NIFTY27JAN2624800PE,0.15616649615590292
21-01-2026 13:20||NIFTY27JAN2625400CE,0.12287114496292612
21-01-2026 13:20||NIFTY27JAN2626200CE,0.1470778117655837
21-01-2026 13:25||NIFTY27JAN2624200PE,0.20464151369367642
21-01-2026 13:25||NIFTY27JAN2624300PE,0.19504381796488157
21-01-2026 13:25||NIFTY27JAN2624900PE,0.1441737997891711
21-01-2026 13:25||NIFTY27JAN2625000PE,0.13716472162914048
21-01-2026 13:25||NIFTY27JAN2625200CE,0.1327051167832408
21-01-2026 13:25||NIFTY27JAN2625700CE,0.12665923207796442
21-01-2026 13:25||NIFTY27JAN2626000CE,0.13801299268150488
21-01-2026 13:25||NIFTY27JAN2626300CE,0.1569147825992417
21-01-2026 13:30||NIFTY27JAN2624000PE,0.22819606031894507
21-01-2026 13:30||NIFTY27JAN2624400PE,0.1908756908743441
21-01-2026 13:30||NIFTY27JAN2625200CE,0.11742769012044235
21-01-2026 13:30||NIFTY27JAN2625300CE,0.11633318482482696
21-01-2026 13:30||NIFTY27JAN2625800CE,0.12353732255864797
21-01-2026 13:30||NIFTY27JAN2626200CE,0.1474158615582452
21-01-2026 13:30||NIFTY27JAN2626300CE,0.15475243961586063
21-01-2026 13:35||NIFTY27JAN2623800PE,0.2391087969071047
21-01-2026 13:35||NIFTY27JAN2624000PE,0.218363000244285
21-01-2026 13:35||NIFTY27JAN2624700PE,0.1543574584490065
21-01-2026 13:35||NIFTY27JAN2624800PE,0.14581900564498984
21-01-2026 13:35||NIFTY27JAN2625800CE,0.13451472434729694
21-01-2026 13:35||NIFTY27JAN2626300CE,0.15972538852646562
21-01-2026 13:40||NIFTY27JAN2624600PE,0.16730111129122205
21-01-2026 13:40||NIFTY27JAN2624800PE,0.15176328394917027
21-01-2026 13:40||NIFTY27JAN2625300CE,0.12927950279526174
21-01-2026 13:40||NIFTY27JAN2625800CE,0.13000908953287948
21-01-2026 13:40||NIFTY27JAN2626200CE,0.1510279342896353
21-01-2026 13:45||NIFTY27JAN2624800PE,0.151197586839745
21-01-2026 13:45||NIFTY27JAN2625400CE,0.12583535340493973
21-01-2026 13:45||NIFTY27JAN2625900CE,0.13353284286913458
21-01-2026 13:50||NIFTY27JAN2625100PE,0.13383130422110853
21-01-2026 13:50||NIFTY27JAN2626100CE,0.1449870983272004
21-01-2026 13:55||NIFTY27JAN2624300PE,0.1927489758942827
21-01-2026 13:55||NIFTY27JAN2624400PE,0.18375246758148608
21-01-2026 13:55||NIFTY27JAN2625500CE,0.12229117594313646
21-01-2026 13:55||NIFTY27JAN2625700CE,0.12658409004786733
21-01-2026 14:00||NIFTY27JAN2623800PE,0.2358434404867788
21-01-2026 14:00||NIFTY27JAN2624200PE,0.19606364684234195
21-01-2026 14:00||NIFTY27JAN2624600PE,0.16087228090900754
21-01-2026 14:00||NIFTY27JAN2625000PE,0.13307181199809476
21-01-2026 14:00||NIFTY27JAN2625200CE,0.1297583737677539
21-01-2026 14:05||NIFTY27JAN2624500PE,0.16983156928340565
21-01-2026 14:05||NIFTY27JAN2625000PE,0.13596486791532592
21-01-2026 14:05||NIFTY27JAN2625400CE,0.12042197076712383
21-01-2026 14:05||NIFTY27JAN2626100CE,0.1455639652099191
21-01-2026 14:05||NIFTY27JAN2626500CE,0.17901599061791038
21-01-2026 14:10||NIFTY27JAN2624000PE,0.21169237350843803
21-01-2026 14:10||NIFTY27JAN2624100PE,0.20219323515315427
21-01-2026 14:10||NIFTY27JAN2624400PE,0.17497368090369836
21-01-2026 14:10||NIFTY27JAN2624500PE,0.16650092977880315
21-01-2026 14:10||NIFTY27JAN2625000PE,0.13271009102806247
21-01-2026 14:10||NIFTY27JAN2625200CE,0.1226391655665687
21-01-2026 14:10||NIFTY27JAN2626000CE,0.1405815268290745
21-01-2026 14:10||NIFTY27JAN2626400CE,0.17174760035587816
21-01-2026 14:10||NIFTY27JAN2626500CE,0.18158879295949718
21-01-2026 14:15||NIFTY27JAN2624700PE,0.14261469585988323
21-01-2026 14:15||NIFTY27JAN2625400CE,0.1314636075907543
21-01-2026 14:15||NIFTY27JAN2625800CE,0.13385330526026679
21-01-2026 14:15||NIFTY27JAN2626100CE,0.14805691414905575
21-01-2026 14:20||NIFTY27JAN2624000PE,0.21458135847707493
21-01-2026 14:20||NIFTY27JAN2624300PE,0.18673862973627584
21-01-2026 14:20||NIFTY27JAN2624700PE,0.15564566638272476
21-01-2026 14:20||NIFTY27JAN2625200CE,0.11618549336661946
21-01-2026 14:20||NIFTY27JAN2625600CE,0.11677579197066235
21-01-2026 14:20||NIFTY27JAN2626100CE,0.14228484680364062
21-01-2026 14:20||NIFTY27JAN2626500CE,0.1744617393004323
21-01-2026 14:25||NIFTY27JAN2623900PE,0.2211239170367064
21-01-2026 14:25||NIFTY27JAN2624800PE,0.14840872456336632
21-01-2026 14:25||NIFTY27JAN2624900PE,0.14305715625051968
21-01-2026 14:25||NIFTY27JAN2625100PE,0.13443361254547906
21-01-2026 14:25||NIFTY27JAN2626500CE,0.1789362526394342
21-01-2026 14:30||NIFTY27JAN2624500PE,0.15955231994049174
21-01-2026 14:30||NIFTY27JAN2624600PE,0.15094740813535756
21-01-2026 14:30||NIFTY27JAN2624800PE,0.13493589895417285
21-01-2026 14:30||NIFTY27JAN2625200CE,0.1311268076449318
21-01-2026 14:30||NIFTY27JAN2625300CE,0.1283031754804524
21-01-2026 14:30||NIFTY27JAN2626300CE,0.1633094469992829
21-01-2026 14:35||NIFTY27JAN2624200PE,0.18791236029038588
21-01-2026 14:35||NIFTY27JAN2624700PE,0.14503636994381874
21-01-2026 14:35||NIFTY27JAN2624800PE,0.13855130020022882
21-01-2026 14:35||NIFTY27JAN2625100PE,0.11877322995320211
21-01-2026 14:35||NIFTY27JAN2625200CE,0.12511209007309332
21-01-2026 14:35||NIFTY27JAN2625800CE,0.1318384037983264
21-01-2026 14:35||NIFTY27JAN2626100CE,0.14792768206012816
21-01-2026 14:40||NIFTY27JAN2624000PE,0.2082456146300477
21-01-2026 14:40||NIFTY27JAN2624200PE,0.18968847775442854
21-01-2026 14:40||NIFTY27JAN2624500PE,0.16422983144854947
21-01-2026 14:40||NIFTY27JAN2624600PE,0.1566937282753612
21-01-2026 14:40||NIFTY27JAN2624700PE,0.14939851833335827
21-01-2026 14:40||NIFTY27JAN2625100PE,0.12341163285684989
21-01-2026 14:40||NIFTY27JAN2625200CE,0.11855743713369017
21-01-2026 14:40||NIFTY27JAN2625400CE,0.1186545021992673
21-01-2026 14:40||NIFTY27JAN2625800CE,0.12862568356034568
21-01-2026 14:40||NIFTY27JAN2626200CE,0.1525740086578246
21-01-2026 14:45||NIFTY27JAN2624500PE,0.161701521843129
21-01-2026 14:45||NIFTY27JAN2625400CE,0.12219868978431427
21-01-2026 14:45||NIFTY27JAN2625900CE,0.13460651746340788
21-01-2026 14:45||NIFTY27JAN2626100CE,0.1463459860470598
21-01-2026 14:50||NIFTY27JAN2623900PE,0.21419501244093217
21-01-2026 14:50||NIFTY27JAN2624900PE,0.1348454963841297
21-01-2026 14:50||NIFTY27JAN2625200CE,0.12039900699652685
21-01-2026 14:50||NIFTY27JAN2625300CE,0.11884480829964042
21-01-2026 14:50||NIFTY27JAN2625500CE,0.1190560965314226
21-01-2026 14:50||NIFTY27JAN2625800CE,0.12765310811916625
21-01-2026 14:50||NIFTY27JAN2626300CE,0.15916445418649555
21-01-2026 14:55||NIFTY27JAN2624200PE,0.18692673310688684
21-01-2026 14:55||NIFTY27JAN2625300CE,0.11983507291413521
21-01-2026 14:55||NIFTY27JAN2625700CE,0.12402008117767777
21-01-2026 14:55||NIFTY27JAN2626100CE,0.14492898633572915
21-01-2026 15:00||NIFTY27JAN2623900PE,0.21467778667918114
21-01-2026 15:00||NIFTY27JAN2624100PE,0.1944265479513202
21-01-2026 15:00||NIFTY27JAN2624500PE,0.15711140239396698
21-01-2026 15:00||NIFTY27JAN2624800PE,0.13393061412204016
21-01-2026 15:00||NIFTY27JAN2625000PE,0.12098664382226637
21-01-2026 15:00||NIFTY27JAN2625200CE,0.1303622750149893
21-01-2026 15:00||NIFTY27JAN2625300CE,0.12721734693408776
21-01-2026 15:00||NIFTY27JAN2625600CE,0.12466074873994182
21-01-2026 15:00||NIFTY27JAN2626400CE,0.16700484153802858
21-01-2026 15:05||NIFTY27JAN2624300PE,0.1787620555808997
21-01-2026 15:05||NIFTY27JAN2625100PE,0.12567705750345237
21-01-2026 15:05||NIFTY27JAN2626200CE,0.14951019074733574
21-01-2026 15:10||NIFTY27JAN2624300PE,0.17937873201941562
21-01-2026 15:10||NIFTY27JAN2624500PE,0.16301313423004685
21-01-2026 15:10||NIFTY27JAN2624600PE,0.15561261505289498
21-01-2026 15:10||NIFTY27JAN2625700CE,0.12069195901000138
21-01-2026 15:10||NIFTY27JAN2625800CE,0.12525109357583775
21-01-2026 15:10||NIFTY27JAN2625900CE,0.13039684041338656
21-01-2026 15:10||NIFTY27JAN2626500CE,0.17719855791508485
21-01-2026 15:15||NIFTY27JAN2624200PE,0.18638009083761642
21-01-2026 15:15||NIFTY27JAN2624300PE,0.17707594641496333
21-01-2026 15:15||NIFTY27JAN2624800PE,0.13972830307488296
21-01-2026 15:15||NIFTY27JAN2624900PE,0.1341687011920107
21-01-2026 15:15||NIFTY27JAN2625200CE,0.11671646462700046
21-01-2026 15:15||NIFTY27JAN2625300CE,0.11574550310337776
21-01-2026 15:15||NIFTY27JAN2625600CE,0.11907682597587556
21-01-2026 15:15||NIFTY27JAN2625700CE,0.12203234694629723
21-01-2026 15:15||NIFTY27JAN2625900CE,0.13112301358837947
21-01-2026 15:15||NIFTY27JAN2626200CE,0.15181352980750518
21-01-2026 15:20||NIFTY27JAN2623800PE,0.22437549505351134
21-01-2026 15:20||NIFTY27JAN2624800PE,0.14066212697420744
21-01-2026 15:20||NIFTY27JAN2625100PE,0.12621150910631268
21-01-2026 15:20||NIFTY27JAN2625400CE,0.11142037125067127
21-01-2026 15:20||NIFTY27JAN2625600CE,0.11505622364647877
21-01-2026 15:25||NIFTY27JAN2623800PE,0.22310500031427577
21-01-2026 15:25||NIFTY27JAN2624200PE,0.18125899112787558
21-01-2026 15:25||NIFTY27JAN2624500PE,0.15377209493662744
21-01-2026 15:25||NIFTY27JAN2624800PE,0.13087637620819934
21-01-2026 15:25||NIFTY27JAN2625100PE,0.11578078357847477
21-01-2026 15:25||NIFTY27JAN2626200CE,0.14986827786970708
22-01-2026 09:15||NIFTY27JAN2623800PE,0.24405673115443016
22-01-2026 09:15||NIFTY27JAN2625100PE,0.12496587941619927
22-01-2026 09:15||NIFTY27JAN2625300CE,0.104877518098134
22-01-2026 09:20||NIFTY27JAN2623900PE,0.23373381099902063
22-01-2026 09:20||NIFTY27JAN2624000PE,0.2221680340292093
22-01-2026 09:20||NIFTY27JAN2624300PE,0.18838299780946238
22-01-2026 09:20||NIFTY27JAN2624500PE,0.16734206480878683
22-01-2026 09:20||NIFTY27JAN2624800PE,0.139631013833952
22-01-2026 09:20||NIFTY27JAN2625200CE,0.1142902584123497
22-01-2026 09:20||NIFTY27JAN2626300CE,0.15019826752187115
22-01-2026 09:25||NIFTY27JAN2624700PE,0.14483809066954942
22-01-2026 09:25||NIFTY27JAN2625000PE,0.11787793516269733
22-01-2026 09:25||NIFTY27JAN2625200CE,0.14023334238587032
22-01-2026 09:25||NIFTY27JAN2625500CE,0.12636657126001966
22-01-2026 09:25||NIFTY27JAN2625600CE,0.123637306058971
22-01-2026 09:25||NIFTY27JAN2626200CE,0.14367473365634548
22-01-2026 09:30||NIFTY27JAN2624600PE,0.20075444836904485
22-01-2026 09:30||NIFTY27JAN2624800PE,0.1722333474724344
22-01-2026 09:30||NIFTY27JAN2624900PE,0.158186672120028
22-01-2026 09:30||NIFTY27JAN2625100PE,0.12693298269862643
22-01-2026 09:30||NIFTY27JAN2625500CE,0.11643052856116758
22-01-2026 09:30||NIFTY27JAN2625800CE,0.1195103927857926
22-01-2026 09:30||NIFTY27JAN2626000CE,0.12899453532242203
22-01-2026 09:30||NIFTY27JAN2626300CE,0.15066347132696814
22-01-2026 09:35||NIFTY27JAN2624100PE,0.2781290052397022
22-01-2026 09:40||NIFTY27JAN2624100PE,0.26667859439393005
22-01-2026 09:40||NIFTY27JAN2624500PE,0.2184018972495483
22-01-2026 09:40||NIFTY27JAN2626000CE,0.13109252155550488
22-01-2026 09:40||NIFTY27JAN2626200CE,0.14515583561358253
22-01-2026 09:45||NIFTY27JAN2623900PE,0.27939742980119464
22-01-2026 09:45||NIFTY27JAN2624200PE,0.246288367102273
22-01-2026 09:50||NIFTY27JAN2623900PE,0.2745917312644909
22-01-2026 09:50||NIFTY27JAN2624100PE,0.2532003504595215
22-01-2026 09:50||NIFTY27JAN2624900PE,0.16409077931765628
22-01-2026 09:50||NIFTY27JAN2625000PE,0.15346813807300685
22-01-2026 09:50||NIFTY27JAN2625600CE,0.10861442374549603
22-01-2026 09:50||NIFTY27JAN2625800CE,0.11543337584678781
22-01-2026 09:50||NIFTY27JAN2625900CE,0.120469533393406
22-01-2026 09:50||NIFTY27JAN2626300CE,0.14758682555829
22-01-2026 09:50||NIFTY27JAN2626500CE,0.16548294330450042
22-01-2026 09:55||NIFTY27JAN2624700PE,0.16670147645643996
22-01-2026 09:55||NIFTY27JAN2624800PE,0.15614792357196952
22-01-2026 09:55||NIFTY27JAN2624900PE,0.14559042130986022
22-01-2026 09:55||NIFTY27JAN2625200CE,0.13172863520420755
22-01-2026 09:55||NIFTY27JAN2625500CE,0.12028504742916166
22-01-2026 10:00||NIFTY27JAN2624200PE,0.21879440804008116
22-01-2026 10:00||NIFTY27JAN2624700PE,0.16519540551124734
22-01-2026 10:00||NIFTY27JAN2625100PE,0.12731798788361265
22-01-2026 10:00||NIFTY27JAN2625400CE,0.10514900963748203
22-01-2026 10:00||NIFTY27JAN2625600CE,0.10551224882884094
22-01-2026 10:00||NIFTY27JAN2626100CE,0.12793224624464938
22-01-2026 10:00||NIFTY27JAN2626500CE,0.16170179011082828
22-01-2026 10:05||NIFTY27JAN2624500PE,0.18534029870098903
22-01-2026 10:05||NIFTY27JAN2624800PE,0.15343216625764936
22-01-2026 10:05||NIFTY27JAN2625000PE,0.13490606920650172
22-01-2026 10:05||NIFTY27JAN2625400CE,0.11078996742976865
22-01-2026 10:05||NIFTY27JAN2625700CE,0.11069499926613119
22-01-2026 10:05||NIFTY27JAN2625800CE,0.11363535379562684
22-01-2026 10:05||NIFTY27JAN2626100CE,0.1299948634220155
22-01-2026 10:05||NIFTY27JAN2626400CE,0.15251555689286778
22-01-2026 10:10||NIFTY27JAN2623800PE,0.2580638424640102
22-01-2026 10:10||NIFTY27JAN2624200PE,0.21435294144775707
22-01-2026 10:10||NIFTY27JAN2624300PE,0.20341328416854532
22-01-2026 10:10||NIFTY27JAN2624500PE,0.18109977597999827
22-01-2026 10:10||NIFTY27JAN2624800PE,0.1488078790002581
22-01-2026 10:10||NIFTY27JAN2625300CE,0.12698328891416955
22-01-2026 10:10||NIFTY27JAN2625500CE,0.1176742412718095
22-01-2026 10:10||NIFTY27JAN2626200CE,0.14096165516951112
22-01-2026 10:10||NIFTY27JAN2626300CE,0.14856949818531928
22-01-2026 10:15||NIFTY27JAN2623900PE,0.24835449875898985
22-01-2026 10:15||NIFTY27JAN2624400PE,0.1972107101979312
22-01-2026 10:15||NIFTY27JAN2625000PE,0.1391001253521153
22-01-2026 10:15||NIFTY27JAN2625300CE,0.09783905775322764
22-01-2026 10:15||NIFTY27JAN2625400CE,0.09870354822082046
22-01-2026 10:20||NIFTY27JAN2624000PE,0.22628039504272243
22-01-2026 10:20||NIFTY27JAN2625000PE,0.12399105403555696
22-01-2026 10:20||NIFTY27JAN2625100PE,0.11694328951187671
22-01-2026 10:20||NIFTY27JAN2625400CE,0.12308504358008321
22-01-2026 10:20||NIFTY27JAN2625500CE,0.11931241856023236
22-01-2026 10:20||NIFTY27JAN2625600CE,0.11792315705796416
22-01-2026 10:20||NIFTY27JAN2625900CE,0.12521867888087074
22-01-2026 10:25||NIFTY27JAN2623900PE,0.2300488097127248
22-01-2026 10:25||NIFTY27JAN2624000PE,0.22019575747154346
22-01-2026 10:25||NIFTY27JAN2624200PE,0.199138403930258
22-01-2026 10:25||NIFTY27JAN2625100PE,0.12806784362441895
22-01-2026 10:25||NIFTY27JAN2625900CE,0.1185155065964588
22-01-2026 10:25||NIFTY27JAN2626300CE,0.1489654564499942
22-01-2026 10:30||NIFTY27JAN2624300PE,0.18321351755641496
22-01-2026 10:30||NIFTY27JAN2625800CE,0.1251619587344155
22-01-2026 10:30||NIFTY27JAN2626100CE,0.14276195098851993
22-01-2026 10:35||NIFTY27JAN2625100PE,0.1212981312711328
22-01-2026 10:35||NIFTY27JAN2625200CE,0.10743575718149981
22-01-2026 10:35||NIFTY27JAN2625300CE,0.10576586774997512
22-01-2026 10:35||NIFTY27JAN2625400CE,0.10556675792253978
22-01-2026 10:35||NIFTY27JAN2625800CE,0.11657428560401277
22-01-2026 10:40||NIFTY27JAN2624300PE,0.18277332201271954
22-01-2026 10:40||NIFTY27JAN2624600PE,0.1541404085925988
22-01-2026 10:40||NIFTY27JAN2625000PE,0.12352587848441027
22-01-2026 10:40||NIFTY27JAN2625800CE,0.12152269435143577
22-01-2026 10:40||NIFTY27JAN2625900CE,0.12709697748270365
22-01-2026 10:40||NIFTY27JAN2626000CE,0.1332863501278662
22-01-2026 10:45||NIFTY27JAN2623900PE,0.22671956902778093
22-01-2026 10:45||NIFTY27JAN2625000PE,0.12629017572371787
22-01-2026 10:45||NIFTY27JAN2625400CE,0.11150049896661052
22-01-2026 10:45||NIFTY27JAN2625500CE,0.11186293532190941
22-01-2026 10:45||NIFTY27JAN2625700CE,0.11653222838992626
22-01-2026 10:45||NIFTY27JAN2625900CE,0.1269056658218295
22-01-2026 10:45||NIFTY27JAN2626400CE,0.16762545779244398
22-01-2026 10:45||NIFTY27JAN2626500CE,0.17779099438603876
22-01-2026 10:50||NIFTY27JAN2623900PE,0.22578573095985266
22-01-2026 10:50||NIFTY27JAN2624400PE,0.17399631429182738
22-01-2026 10:50||NIFTY27JAN2624500PE,0.16449456598046708
22-01-2026 10:50||NIFTY27JAN2624600PE,0.1552431442615712
22-01-2026 10:50||NIFTY27JAN2624900PE,0.13126188363715918
22-01-2026 10:50||NIFTY27JAN2625000PE,0.1247958712352792
22-01-2026 10:50||NIFTY27JAN2625300CE,0.11626386559140633
22-01-2026 10:50||NIFTY27JAN2625700CE,0.11973660485161162
22-01-2026 10:50||NIFTY27JAN2625900CE,0.12961854671868506
22-01-2026 10:50||NIFTY27JAN2626000CE,0.13630951562946272
22-01-2026 10:50||NIFTY27JAN2626300CE,0.15999144980829663
22-01-2026 10:55||NIFTY27JAN2624000PE,0.2188711204360534
22-01-2026 10:55||NIFTY27JAN2624200PE,0.19908239787709894
22-01-2026 10:55||NIFTY27JAN2624600PE,0.1635828011457408
22-01-2026 10:55||NIFTY27JAN2625900CE,0.12744338036828573
22-01-2026 11:00||NIFTY27JAN2624400PE,0.17430499155578835
22-01-2026 11:00||NIFTY27JAN2624800PE,0.14127741788764026
22-01-2026 11:00||NIFTY27JAN2626300CE,0.1635581567996157
22-01-2026 11:05||NIFTY27JAN2624500PE,0.163285780310913
22-01-2026 11:05||NIFTY27JAN2624800PE,0.13951710259010838
22-01-2026 11:05||NIFTY27JAN2625500CE,0.12108388138416024
22-01-2026 11:05||NIFTY27JAN2625600CE,0.12312412737094877
22-01-2026 11:05||NIFTY27JAN2625900CE,0.1364732206577314
22-01-2026 11:05||NIFTY27JAN2626200CE,0.15748366174152578
22-01-2026 11:10||NIFTY27JAN2623800PE,0.2336649098601604
22-01-2026 11:10||NIFTY27JAN2624300PE,0.18372389500867256
22-01-2026 11:10||NIFTY27JAN2624600PE,0.1583091939464049
22-01-2026 11:10||NIFTY27JAN2624700PE,0.15069272113980364
22-01-2026 11:10||NIFTY27JAN2625000PE,0.12943787582748711
22-01-2026 11:10||NIFTY27JAN2625100PE,0.12371979541018018
22-01-2026 11:10||NIFTY27JAN2625400CE,0.11635298453365371
22-01-2026 11:10||NIFTY27JAN2625800CE,0.12871937997430935
22-01-2026 11:10||NIFTY27JAN2626100CE,0.14844332597053458
22-01-2026 11:15||NIFTY27JAN2623900PE,0.2227016703845929
22-01-2026 11:15||NIFTY27JAN2624300PE,0.18232027696023417
22-01-2026 11:15||NIFTY27JAN2625600CE,0.12028540857719919
22-01-2026 11:15||NIFTY27JAN2625800CE,0.12915216159727272
22-01-2026 11:15||NIFTY27JAN2626100CE,0.14982057588627817
22-01-2026 11:15||NIFTY27JAN2626200CE,0.15763249877530597
22-01-2026 11:15||NIFTY27JAN2626400CE,0.17455723324908493
22-01-2026 11:15||NIFTY27JAN2626500CE,0.18422681195051055
22-01-2026 11:20||NIFTY27JAN2623900PE,0.21938013345571544
22-01-2026 11:20||NIFTY27JAN2624700PE,0.14152053118017505
22-01-2026 11:20||NIFTY27JAN2624800PE,0.13377636807238513
22-01-2026 11:20||NIFTY27JAN2625600CE,0.12774538453399595
22-01-2026 11:20||NIFTY27JAN2625900CE,0.13873880173417857
22-01-2026 11:25||NIFTY27JAN2623800PE,0.23750740090833514
22-01-2026 11:25||NIFTY27JAN2623900PE,0.2272177221382257
22-01-2026 11:25||NIFTY27JAN2624000PE,0.21568610575766978
22-01-2026 11:25||NIFTY27JAN2624500PE,0.167120382805107
22-01-2026 11:25||NIFTY27JAN2624600PE,0.15859707250470828
22-01-2026 11:25||NIFTY27JAN2625800CE,0.12496239099708642
22-01-2026 11:25||NIFTY27JAN2625900CE,0.1306528092496888
22-01-2026 11:25||NIFTY27JAN2626500CE,0.1782209719208492
22-01-2026 11:30||NIFTY27JAN2624300PE,0.17988413755156418
22-01-2026 11:30||NIFTY27JAN2625800CE,0.13117293444993977
22-01-2026 11:30||NIFTY27JAN2626000CE,0.1421969110062153
22-01-2026 11:35||NIFTY27JAN2624200PE,0.1921339999789342
22-01-2026 11:35||NIFTY27JAN2625500CE,0.11672730729088615
22-01-2026 11:35||NIFTY27JAN2625900CE,0.13352765862987195
22-01-2026 11:40||NIFTY27JAN2624200PE,0.1922421344592956
22-01-2026 11:40||NIFTY27JAN2624700PE,0.15055323723925607
22-01-2026 11:40||NIFTY27JAN2625200CE,0.11089757930265486
22-01-2026 11:40||NIFTY27JAN2626300CE,0.1667275930604913
22-01-2026 11:45||NIFTY27JAN2623900PE,0.2184177553725597
22-01-2026 11:45||NIFTY27JAN2624400PE,0.16777635599615062
22-01-2026 11:45||NIFTY27JAN2625000PE,0.12395169122093373
22-01-2026 11:45||NIFTY27JAN2626500CE,0.18862512184957786
22-01-2026 11:50||NIFTY27JAN2624500PE,0.16350222070707415
22-01-2026 11:50||NIFTY27JAN2624800PE,0.14153484664423602
22-01-2026 11:50||NIFTY27JAN2625200CE,0.11989138623354675
22-01-2026 11:50||NIFTY27JAN2625700CE,0.12739573148696498
22-01-2026 11:50||NIFTY27JAN2626200CE,0.1599128542958693
22-01-2026 11:50||NIFTY27JAN2626300CE,0.16807583385112435
22-01-2026 11:55||NIFTY27JAN2624000PE,0.20941673822256257
22-01-2026 11:55||NIFTY27JAN2625000PE,0.13193074850439618
22-01-2026 12:00||NIFTY27JAN2623800PE,0.22898752757963653
22-01-2026 12:00||NIFTY27JAN2624300PE,0.1757859389441052
22-01-2026 12:00||NIFTY27JAN2625600CE,0.13232113946444152
22-01-2026 12:00||NIFTY27JAN2625700CE,0.13519378900723691
22-01-2026 12:00||NIFTY27JAN2626100CE,0.158819691067199
22-01-2026 12:00||NIFTY27JAN2626400CE,0.18363999661592367
22-01-2026 12:05||NIFTY27JAN2624300PE,0.17881552792156014
22-01-2026 12:05||NIFTY27JAN2625600CE,0.1273182089625718
22-01-2026 12:05||NIFTY27JAN2625700CE,0.13039091745028905
22-01-2026 12:05||NIFTY27JAN2626000CE,0.1465157685374266
22-01-2026 12:05||NIFTY27JAN2626300CE,0.1698721641497917
22-01-2026 12:10||NIFTY27JAN2624000PE,0.20843945331783334
22-01-2026 12:10||NIFTY27JAN2624500PE,0.15908943548004748
22-01-2026 12:10||NIFTY27JAN2625500CE,0.12423878652029122
22-01-2026 12:10||NIFTY27JAN2625800CE,0.13350056967692905
22-01-2026 12:10||NIFTY27JAN2626100CE,0.15263133825644726
22-01-2026 12:15||NIFTY27JAN2623800PE,0.22976087404005496
22-01-2026 12:15||NIFTY27JAN2624000PE,0.20749350248801546
22-01-2026 12:15||NIFTY27JAN2624500PE,0.15758786628020724
22-01-2026 12:15||NIFTY27JAN2626100CE,0.1531896231647416
22-01-2026 12:15||NIFTY27JAN2626400CE,0.17922507983696853
22-01-2026 12:15||NIFTY27JAN2626500CE,0.18931841516012415
22-01-2026 12:20||NIFTY27JAN2624800PE,0.14472532107666933
22-01-2026 12:20||NIFTY27JAN2624900PE,0.13909375984473313
22-01-2026 12:20||NIFTY27JAN2625900CE,0.13170705879859712
22-01-2026 12:20||NIFTY27JAN2626000CE,0.13858073658335324
22-01-2026 12:20||NIFTY27JAN2626500CE,0.18186064724383674
22-01-2026 12:25||NIFTY27JAN2623900PE,0.22090143653657726
22-01-2026 12:25||NIFTY27JAN2624200PE,0.18880807772550287
22-01-2026 12:25||NIFTY27JAN2624700PE,0.1429893656894341
22-01-2026 12:25||NIFTY27JAN2624800PE,0.13516373397914466
22-01-2026 12:25||NIFTY27JAN2625300CE,0.12523911425263157
22-01-2026 12:30||NIFTY27JAN2624200PE,0.18936331537826032
22-01-2026 12:30||NIFTY27JAN2624400PE,0.1692964165115603
22-01-2026 12:30||NIFTY27JAN2624500PE,0.15993949623814158
22-01-2026 12:30||NIFTY27JAN2625100PE,0.1155741884481673
22-01-2026 12:30||NIFTY27JAN2625700CE,0.12629376396449823
22-01-2026 12:30||NIFTY27JAN2625800CE,0.13026566306962675
22-01-2026 12:30||NIFTY27JAN2625900CE,0.13517121450454286
22-01-2026 12:30||NIFTY27JAN2626400CE,0.17295032104373947
22-01-2026 12:35||NIFTY27JAN2623800PE,0.23440408240583493
22-01-2026 12:35||NIFTY27JAN2624400PE,0.17177881255986
22-01-2026 12:35||NIFTY27JAN2626100CE,0.14607366192618604
22-01-2026 12:35||NIFTY27JAN2626300CE,0.16292035958236092
22-01-2026 12:40||NIFTY27JAN2624100PE,0.19796813086453674
22-01-2026 12:40||NIFTY27JAN2626200CE,0.1569683171651199
22-01-2026 12:45||NIFTY27JAN2624700PE,0.1437094997335929
22-01-2026 12:45||NIFTY27JAN2624900PE,0.1302264175362455
22-01-2026 12:45||NIFTY27JAN2625200CE,0.11574375826785518
22-01-2026 12:45||NIFTY27JAN2625700CE,0.12098057827224178
22-01-2026 12:45||NIFTY27JAN2625800CE,0.1257516649039657
22-01-2026 12:45||NIFTY27JAN2626000CE,0.13831074182164244
22-01-2026 12:45||NIFTY27JAN2626100CE,0.1459261069995553
22-01-2026 12:45||NIFTY27JAN2626200CE,0.15394125550804505
22-01-2026 12:45||NIFTY27JAN2626300CE,0.1627349189585086
22-01-2026 12:45||NIFTY27JAN2626400CE,0.17185423099843622
22-01-2026 12:50||NIFTY27JAN2624200PE,0.1889634039271825
22-01-2026 12:50||NIFTY27JAN2624300PE,0.1789875831376175
22-01-2026 12:50||NIFTY27JAN2624900PE,0.13258833429190156
22-01-2026 12:50||NIFTY27JAN2625900CE,0.13090133728108627
22-01-2026 12:50||NIFTY27JAN2626200CE,0.1543141651457685
22-01-2026 12:50||NIFTY27JAN2626300CE,0.163339650564728
22-01-2026 12:55||NIFTY27JAN2624400PE,0.16478836125453317
22-01-2026 12:55||NIFTY27JAN2625100PE,0.12070050602615398
22-01-2026 12:55||NIFTY27JAN2626100CE,0.15196154872935924
22-01-2026 12:55||NIFTY27JAN2626400CE,0.17873353348752904
22-01-2026 13:00||NIFTY27JAN2624000PE,0.20414729301674392
22-01-2026 13:00||NIFTY27JAN2624400PE,0.16328708778292833
22-01-2026 13:00||NIFTY27JAN2624900PE,0.12574292082814556
22-01-2026 13:00||NIFTY27JAN2625700CE,0.12563262608211556
22-01-2026 13:05||NIFTY27JAN2623800PE,0.22798007155744837
22-01-2026 13:05||NIFTY27JAN2624100PE,0.19330331285831256
22-01-2026 13:05||NIFTY27JAN2624400PE,0.16345833854801295
22-01-2026 13:05||NIFTY27JAN2625000PE,0.12281060196616583
22-01-2026 13:05||NIFTY27JAN2625300CE,0.11557373193291763
22-01-2026 13:05||NIFTY27JAN2625400CE,0.11601368109184225
22-01-2026 13:05||NIFTY27JAN2625700CE,0.12524861959431327
22-01-2026 13:10||NIFTY27JAN2624200PE,0.18389899141640936
22-01-2026 13:10||NIFTY27JAN2625300CE,0.11152791437007384
22-01-2026 13:10||NIFTY27JAN2625500CE,0.11490784353231137
22-01-2026 13:10||NIFTY27JAN2626000CE,0.14405174432196238
22-01-2026 13:10||NIFTY27JAN2626500CE,0.1921362799280403
22-01-2026 13:15||NIFTY27JAN2624200PE,0.1809378880430749
22-01-2026 13:15||NIFTY27JAN2624600PE,0.1431240634720512
22-01-2026 13:15||NIFTY27JAN2624700PE,0.13503327576320637
22-01-2026 13:15||NIFTY27JAN2625200CE,0.12381965158017527
22-01-2026 13:15||NIFTY27JAN2625600CE,0.12417768515671282
22-01-2026 13:20||NIFTY27JAN2623900PE,0.21448740256240098
22-01-2026 13:20||NIFTY27JAN2624700PE,0.13748998962350634
22-01-2026 13:20||NIFTY27JAN2624900PE,0.12436012083537917
22-01-2026 13:20||NIFTY27JAN2625200CE,0.11767923068790857
22-01-2026 13:20||NIFTY27JAN2625500CE,0.11872306972536835
22-01-2026 13:20||NIFTY27JAN2626100CE,0.1532285435484303
22-01-2026 13:25||NIFTY27JAN2624900PE,0.12881350861052393
22-01-2026 13:25||NIFTY27JAN2625100PE,0.12001871274677861
22-01-2026 13:25||NIFTY27JAN2625800CE,0.13009755235973353
22-01-2026 13:25||NIFTY27JAN2626100CE,0.15376755722547922
22-01-2026 13:25||NIFTY27JAN2626300CE,0.17199566876825953
22-01-2026 13:30||NIFTY27JAN2623800PE,0.22285336754166196
22-01-2026 13:30||NIFTY27JAN2624000PE,0.1998221738679737
22-01-2026 13:30||NIFTY27JAN2624100PE,0.18885643680195524
22-01-2026 13:30||NIFTY27JAN2624600PE,0.13902848279667224
22-01-2026 13:30||NIFTY27JAN2625100PE,0.10196405904778402
22-01-2026 13:30||NIFTY27JAN2625800CE,0.13693835358282658
22-01-2026 13:30||NIFTY27JAN2625900CE,0.14256673444092838
22-01-2026 13:35||NIFTY27JAN2623800PE,0.22810226355849578
22-01-2026 13:35||NIFTY27JAN2623900PE,0.21618986745355345
22-01-2026 13:35||NIFTY27JAN2624400PE,0.1664088970795663
22-01-2026 13:35||NIFTY27JAN2624600PE,0.15028184605046713
22-01-2026 13:35||NIFTY27JAN2624700PE,0.14284887757217923
22-01-2026 13:35||NIFTY27JAN2625300CE,0.10720036094656932
22-01-2026 13:35||NIFTY27JAN2625500CE,0.11151095812610926
22-01-2026 13:35||NIFTY27JAN2625700CE,0.12025249564539889
22-01-2026 13:35||NIFTY27JAN2626000CE,0.14116473966204612
22-01-2026 13:35||NIFTY27JAN2626100CE,0.14956987537476765
22-01-2026 13:35||NIFTY27JAN2626400CE,0.17666673938775534
22-01-2026 13:40||NIFTY27JAN2624000PE,0.20228260744728702
22-01-2026 13:40||NIFTY27JAN2624200PE,0.1812338165098844
22-01-2026 13:40||NIFTY27JAN2624300PE,0.17129213678215274
22-01-2026 13:40||NIFTY27JAN2624400PE,0.16113279046415308
22-01-2026 13:40||NIFTY27JAN2624900PE,0.1221902102283027
22-01-2026 13:40||NIFTY27JAN2625100PE,0.11335700395466455
22-01-2026 13:40||NIFTY27JAN2625300CE,0.1217473406725246
22-01-2026 13:40||NIFTY27JAN2625400CE,0.11949816972627134
22-01-2026 13:40||NIFTY27JAN2625600CE,0.12255376145565339
22-01-2026 13:40||NIFTY27JAN2626000CE,0.14566053784762953
22-01-2026 13:40||NIFTY27JAN2626300CE,0.1711512774375429
22-01-2026 13:45||NIFTY27JAN2624400PE,0.1591157654070905
22-01-2026 13:45||NIFTY27JAN2625200CE,0.1268595797114871
22-01-2026 13:45||NIFTY27JAN2625800CE,0.1335764743081145
22-01-2026 13:45||NIFTY27JAN2626100CE,0.15510932781456915
22-01-2026 13:45||NIFTY27JAN2626300CE,0.17197791488186703
22-01-2026 13:50||NIFTY27JAN2623800PE,0.22522072868682302
22-01-2026 13:50||NIFTY27JAN2625200CE,0.12836953760457873
22-01-2026 13:50||NIFTY27JAN2626300CE,0.17023275927894685
22-01-2026 13:55||NIFTY27JAN2624500PE,0.1540218167227641
22-01-2026 13:55||NIFTY27JAN2624600PE,0.14484891172525916
22-01-2026 13:55||NIFTY27JAN2624800PE,0.12863632384422005
22-01-2026 13:55||NIFTY27JAN2625400CE,0.11409693927242387
22-01-2026 13:55||NIFTY27JAN2625500CE,0.11500971667005203
22-01-2026 13:55||NIFTY27JAN2625900CE,0.13297719531952146
22-01-2026 13:55||NIFTY27JAN2626000CE,0.14045968273999118
22-01-2026 13:55||NIFTY27JAN2626400CE,0.17659471493862167
22-01-2026 14:00||NIFTY27JAN2623800PE,0.22969907336497383
22-01-2026 14:00||NIFTY27JAN2623900PE,0.21696845066335252
22-01-2026 14:00||NIFTY27JAN2624300PE,0.17072347555180203
22-01-2026 14:00||NIFTY27JAN2625000PE,0.11675216881510539
22-01-2026 14:00||NIFTY27JAN2625300CE,0.11097966480415039
22-01-2026 14:00||NIFTY27JAN2625500CE,0.11302190387760508
22-01-2026 14:00||NIFTY27JAN2625600CE,0.11549072475276947
22-01-2026 14:00||NIFTY27JAN2626500CE,0.1875967469595585
22-01-2026 14:05||NIFTY27JAN2623800PE,0.22688119176002822
22-01-2026 14:05||NIFTY27JAN2624000PE,0.20266819524867455
22-01-2026 14:05||NIFTY27JAN2624200PE,0.18056665185394294
22-01-2026 14:05||NIFTY27JAN2624300PE,0.1703392206345658
22-01-2026 14:05||NIFTY27JAN2625200CE,0.10753804372765835
22-01-2026 14:05||NIFTY27JAN2626200CE,0.15779538698929768
22-01-2026 14:05||NIFTY27JAN2626400CE,0.17736949807742403
22-01-2026 14:10||NIFTY27JAN2623900PE,0.21261299193248206
22-01-2026 14:10||NIFTY27JAN2624200PE,0.18106560350534717
22-01-2026 14:10||NIFTY27JAN2625100PE,0.11931487838862809
22-01-2026 14:10||NIFTY27JAN2625900CE,0.13326254609160773
22-01-2026 14:15||NIFTY27JAN2623800PE,0.22206407683308538
22-01-2026 14:15||NIFTY27JAN2624600PE,0.13842889326738284
22-01-2026 14:15||NIFTY27JAN2625000PE,0.1139951571234783
22-01-2026 14:15||NIFTY27JAN2625100PE,0.10896289603738243
22-01-2026 14:15||NIFTY27JAN2626500CE,0.19448858071106623
22-01-2026 14:20||NIFTY27JAN2623800PE,0.22329554565962867
22-01-2026 14:20||NIFTY27JAN2623900PE,0.2104654700673952
22-01-2026 14:20||NIFTY27JAN2624000PE,0.19844439650433926
22-01-2026 14:20||NIFTY27JAN2624100PE,0.18685600859814888
22-01-2026 14:20||NIFTY27JAN2624400PE,0.1552305738187897
22-01-2026 14:20||NIFTY27JAN2624900PE,0.11633680836845353
22-01-2026 14:20||NIFTY27JAN2625400CE,0.1150394655008904
22-01-2026 14:20||NIFTY27JAN2625700CE,0.12409001596953685
22-01-2026 14:20||NIFTY27JAN2625800CE,0.13018722250966
22-01-2026 14:20||NIFTY27JAN2625900CE,0.13709996508552974
22-01-2026 14:20||NIFTY27JAN2626100CE,0.1535119939339496
22-01-2026 14:20||NIFTY27JAN2626200CE,0.16267291821815208
22-01-2026 14:25||NIFTY27JAN2624200PE,0.17589401539210592
22-01-2026 14:25||NIFTY27JAN2624300PE,0.1648117694944592
22-01-2026 14:25||NIFTY27JAN2624600PE,0.13422809717058876
22-01-2026 14:25||NIFTY27JAN2624700PE,0.12532996832786247
22-01-2026 14:25||NIFTY27JAN2626500CE,0.1910860990170695
22-01-2026 14:30||NIFTY27JAN2623800PE,0.22599218634532645
22-01-2026 14:30||NIFTY27JAN2624300PE,0.1680858325349895
22-01-2026 14:30||NIFTY27JAN2625600CE,0.12299683395664202
22-01-2026 14:30||NIFTY27JAN2625700CE,0.12439417459867451
22-01-2026 14:30||NIFTY27JAN2625900CE,0.13344941058111148
22-01-2026 14:30||NIFTY27JAN2626500CE,0.18562937169291033
22-01-2026 14:35||NIFTY27JAN2624000PE,0.205496538222586
22-01-2026 14:35||NIFTY27JAN2624800PE,0.12331719574237192
22-01-2026 14:35||NIFTY27JAN2625500CE,0.11798258222212021
22-01-2026 14:40||NIFTY27JAN2623800PE,0.23183555366975922
22-01-2026 14:40||NIFTY27JAN2625200CE,0.1219804144373071
22-01-2026 14:40||NIFTY27JAN2625400CE,0.11238740984562445
22-01-2026 14:40||NIFTY27JAN2626100CE,0.13988999067834196
22-01-2026 14:40||NIFTY27JAN2626500CE,0.17438540575550085
22-01-2026 14:45||NIFTY27JAN2624000PE,0.2047981981572508
22-01-2026 14:45||NIFTY27JAN2626100CE,0.13817047772762114
22-01-2026 14:50||NIFTY27JAN2624400PE,0.16087559837551552
22-01-2026 14:50||NIFTY27JAN2624500PE,0.15078991246074158
22-01-2026 14:50||NIFTY27JAN2625400CE,0.10767271282437785
22-01-2026 14:50||NIFTY27JAN2625500CE,0.10727714886313636
22-01-2026 14:50||NIFTY27JAN2625600CE,0.1081271545435698
22-01-2026 14:50||NIFTY27JAN2626200CE,0.1440815216540966
22-01-2026 14:55||NIFTY27JAN2624300PE,0.16812333960137493
22-01-2026 14:55||NIFTY27JAN2625000PE,0.10889867764372366
22-01-2026 14:55||NIFTY27JAN2626100CE,0.13503436029565508
22-01-2026 14:55||NIFTY27JAN2626500CE,0.1733501445719683
22-01-2026 15:00||NIFTY27JAN2624300PE,0.16748899797110717
22-01-2026 15:00||NIFTY27JAN2624600PE,0.13821546367521337
22-01-2026 15:00||NIFTY27JAN2624900PE,0.1171511284952334
22-01-2026 15:00||NIFTY27JAN2625600CE,0.10648709209724466
22-01-2026 15:00||NIFTY27JAN2626400CE,0.16289895340477936
22-01-2026 15:05||NIFTY27JAN2625300CE,0.1293633338747722
22-01-2026 15:05||NIFTY27JAN2625400CE,0.12279219837052985
22-01-2026 15:05||NIFTY27JAN2625600CE,0.11696258940316442
22-01-2026 15:10||NIFTY27JAN2623800PE,0.22746156300354892
22-01-2026 15:10||NIFTY27JAN2624000PE,0.20370558834778518
22-01-2026 15:10||NIFTY27JAN2624200PE,0.18040179783413055
22-01-2026 15:10||NIFTY27JAN2625100PE,0.10271091991624585
22-01-2026 15:10||NIFTY27JAN2625600CE,0.10830997248509233
22-01-2026 15:10||NIFTY27JAN2626100CE,0.13091729840089622
22-01-2026 15:15||NIFTY27JAN2623800PE,0.22614209724724493
22-01-2026 15:15||NIFTY27JAN2624200PE,0.17753505858175767
22-01-2026 15:15||NIFTY27JAN2624600PE,0.13422885168197884
22-01-2026 15:15||NIFTY27JAN2625400CE,0.1171522606349538
22-01-2026 15:15||NIFTY27JAN2625800CE,0.11338813935792227
22-01-2026 15:15||NIFTY27JAN2625900CE,0.11777124179289022
22-01-2026 15:15||NIFTY27JAN2626200CE,0.13789533280898736
22-01-2026 15:15||NIFTY27JAN2626300CE,0.14677014453633708
22-01-2026 15:20||NIFTY27JAN2624800PE,0.11775868113415672
22-01-2026 15:20||NIFTY27JAN2625200CE,0.13545615112966514
22-01-2026 15:20||NIFTY27JAN2626400CE,0.15575305490640534
22-01-2026 15:25||NIFTY27JAN2623800PE,0.22703837723616765
22-01-2026 15:25||NIFTY27JAN2624300PE,0.1668980421093846
22-01-2026 15:25||NIFTY27JAN2624700PE,0.12420192554532035
22-01-2026 15:25||NIFTY27JAN2625100PE,0.09699482086371818
22-01-2026 15:25||NIFTY27JAN2625200CE,0.12635726780811468
22-01-2026 15:25||NIFTY27JAN2625300CE,0.11981637971953343
22-01-2026 15:25||NIFTY27JAN2625600CE,0.10851042948113805
22-01-2026 15:25||NIFTY27JAN2625900CE,0.11535975056437256
22-01-2026 15:25||NIFTY27JAN2626000CE,0.1214613755525177
22-01-2026 15:25||NIFTY27JAN2626400CE,0.15665636174262257
23-01-2026 09:15||NIFTY27JAN2624100PE,0.20866727302808652
23-01-2026 09:15||NIFTY27JAN2624200PE,0.19633507811698936
23-01-2026 09:15||NIFTY27JAN2624300PE,0.18430050788705232
23-01-2026 09:15||NIFTY27JAN2625500CE,0.11375419236260778
23-01-2026 09:15||NIFTY27JAN2626000CE,0.13265564004653946
23-01-2026 09:15||NIFTY27JAN2626100CE,0.14132243423497895
23-01-2026 09:15||NIFTY27JAN2626200CE,0.1510913169050771
23-01-2026 09:15||NIFTY27JAN2626300CE,0.161937957375699
23-01-2026 09:15||NIFTY27JAN2626500CE,0.18270677391010948
23-01-2026 09:20||NIFTY27JAN2623900PE,0.23273181699446654
23-01-2026 09:20||NIFTY27JAN2624400PE,0.16992934739384236
23-01-2026 09:20||NIFTY27JAN2625500CE,0.12648508082914797
23-01-2026 09:20||NIFTY27JAN2626200CE,0.15226725495108634
23-01-2026 09:20||NIFTY27JAN2626400CE,0.1745352129962916
23-01-2026 09:25||NIFTY27JAN2623800PE,0.25313183353231733
23-01-2026 09:25||NIFTY27JAN2625100PE,0.10964651833716882
23-01-2026 09:25||NIFTY27JAN2626100CE,0.13445181392932237
23-01-2026 09:25||NIFTY27JAN2626200CE,0.143503386666483
23-01-2026 09:25||NIFTY27JAN2626400CE,0.16640028037104318
23-01-2026 09:30||NIFTY27JAN2623900PE,0.2418613704375655
23-01-2026 09:30||NIFTY27JAN2624000PE,0.22956155278357204
23-01-2026 09:30||NIFTY27JAN2624400PE,0.181498866109653
23-01-2026 09:30||NIFTY27JAN2624500PE,0.17021052400057357
23-01-2026 09:30||NIFTY27JAN2624600PE,0.1592573769827904
23-01-2026 09:30||NIFTY27JAN2624700PE,0.14885834526233024
23-01-2026 09:30||NIFTY27JAN2625200CE,0.1130029475379321
23-01-2026 09:30||NIFTY27JAN2626300CE,0.1557734546113646
23-01-2026 09:35||NIFTY27JAN2623900PE,0.238639004589482
23-01-2026 09:35||NIFTY27JAN2624000PE,0.22619986453911656
23-01-2026 09:35||NIFTY27JAN2624400PE,0.17665269647582926
23-01-2026 09:35||NIFTY27JAN2625500CE,0.10834756641379355
23-01-2026 09:35||NIFTY27JAN2626100CE,0.13735772075038252
23-01-2026 09:40||NIFTY27JAN2625400CE,0.10517874711222958
23-01-2026 09:40||NIFTY27JAN2625500CE,0.10380832169140264
23-01-2026 09:40||NIFTY27JAN2626000CE,0.12694240429868237
23-01-2026 09:45||NIFTY27JAN2623900PE,0.23573171273194565
23-01-2026 09:45||NIFTY27JAN2624100PE,0.2099086938762475
23-01-2026 09:45||NIFTY27JAN2624300PE,0.18450886723635912
23-01-2026 09:45||NIFTY27JAN2624800PE,0.1286810813133492
23-01-2026 09:45||NIFTY27JAN2624900PE,0.12016177333947366
23-01-2026 09:45||NIFTY27JAN2626100CE,0.14146986423436797
23-01-2026 09:45||NIFTY27JAN2626400CE,0.1754040385523556
23-01-2026 09:50||NIFTY27JAN2623900PE,0.2385863153986313
23-01-2026 09:50||NIFTY27JAN2624200PE,0.20131333048904848
23-01-2026 09:50||NIFTY27JAN2624400PE,0.1771021605610974
23-01-2026 09:50||NIFTY27JAN2624700PE,0.14475119060501312
23-01-2026 09:50||NIFTY27JAN2625200CE,0.1143657982431792
23-01-2026 09:50||NIFTY27JAN2625300CE,0.10736783808870694
23-01-2026 09:50||NIFTY27JAN2625700CE,0.10484291904944475
23-01-2026 09:50||NIFTY27JAN2625800CE,0.10998644567231193
23-01-2026 09:55||NIFTY27JAN2623800PE,0.2506546228293094
23-01-2026 09:55||NIFTY27JAN2624200PE,0.19786411097012058
23-01-2026 09:55||NIFTY27JAN2624800PE,0.13020131277994218
23-01-2026 09:55||NIFTY27JAN2625000PE,0.1152955840172861
23-01-2026 09:55||NIFTY27JAN2625200CE,0.1245277699357334
23-01-2026 09:55||NIFTY27JAN2625700CE,0.10864888418780509
23-01-2026 09:55||NIFTY27JAN2626300CE,0.16103788018036874
23-01-2026 10:00||NIFTY27JAN2624700PE,0.14154009760873074
23-01-2026 10:00||NIFTY27JAN2625900CE,0.11679081661403229
23-01-2026 10:00||NIFTY27JAN2626000CE,0.12585901284871642
23-01-2026 10:00||NIFTY27JAN2626100CE,0.13581779549216927
23-01-2026 10:00||NIFTY27JAN2626300CE,0.15795537663977793
23-01-2026 10:05||NIFTY27JAN2623800PE,0.25083894052987166
23-01-2026 10:05||NIFTY27JAN2624100PE,0.21191457817579257
23-01-2026 10:05||NIFTY27JAN2624600PE,0.15143462704174582
23-01-2026 10:05||NIFTY27JAN2624800PE,0.13208078619804214
23-01-2026 10:05||NIFTY27JAN2626200CE,0.14857739417924987
23-01-2026 10:10||NIFTY27JAN2623800PE,0.25028520519936187
23-01-2026 10:10||NIFTY27JAN2624000PE,0.22388013186536335
23-01-2026 10:10||NIFTY27JAN2624400PE,0.17318296465078728
23-01-2026 10:10||NIFTY27JAN2624600PE,0.14973693755287087
23-01-2026 10:10||NIFTY27JAN2624800PE,0.1303030131403246
23-01-2026 10:10||NIFTY27JAN2625300CE,0.10494003294241012
23-01-2026 10:15||NIFTY27JAN2624700PE,0.14231112089320752
23-01-2026 10:15||NIFTY27JAN2625700CE,0.10319682546891959
23-01-2026 10:15||NIFTY27JAN2625900CE,0.11877874923228895
23-01-2026 10:15||NIFTY27JAN2626000CE,0.1289577023878559
23-01-2026 10:15||NIFTY27JAN2626400CE,0.17418694958663714
23-01-2026 10:20||NIFTY27JAN2625700CE,0.10706797111824115
23-01-2026 10:20||NIFTY27JAN2625800CE,0.11275583142754726
23-01-2026 10:20||NIFTY27JAN2626100CE,0.14207034565672283
23-01-2026 10:20||NIFTY27JAN2626500CE,0.1919173134841623
23-01-2026 10:25||NIFTY27JAN2623800PE,0.2467153221327439
23-01-2026 10:25||NIFTY27JAN2624400PE,0.16926118657954645
23-01-2026 10:25||NIFTY27JAN2624600PE,0.14472877119869787
23-01-2026 10:25||NIFTY27JAN2625100PE,0.10024880550903499
23-01-2026 10:25||NIFTY27JAN2625400CE,0.11304651454670936
23-01-2026 10:25||NIFTY27JAN2626000CE,0.13027985173867618
23-01-2026 10:30||NIFTY27JAN2624100PE,0.21262907350533394
23-01-2026 10:30||NIFTY27JAN2624400PE,0.17461391418351985
23-01-2026 10:30||NIFTY27JAN2624600PE,0.14999143520670194
23-01-2026 10:30||NIFTY27JAN2625100PE,0.10514791626754667
23-01-2026 10:35||NIFTY27JAN2624000PE,0.22725184944763574
23-01-2026 10:35||NIFTY27JAN2624100PE,0.21421580800362786
23-01-2026 10:35||NIFTY27JAN2624200PE,0.2017665304947283
23-01-2026 10:35||NIFTY27JAN2624500PE,0.16419898915456127
23-01-2026 10:35||NIFTY27JAN2624900PE,0.12368359726070104
23-01-2026 10:35||NIFTY27JAN2625100PE,0.10764940531742623
23-01-2026 10:35||NIFTY27JAN2625600CE,0.0984207185904386
23-01-2026 10:40||NIFTY27JAN2624000PE,0.22537436984772358
23-01-2026 10:40||NIFTY27JAN2624600PE,0.1509471899245104
23-01-2026 10:40||NIFTY27JAN2624800PE,0.13044798066135282
23-01-2026 10:40||NIFTY27JAN2625300CE,0.10492963976993185
23-01-2026 10:40||NIFTY27JAN2625800CE,0.1072628010016018
23-01-2026 10:45||NIFTY27JAN2624100PE,0.2129359164873486
23-01-2026 10:45||NIFTY27JAN2625100PE,0.10959228198142501
23-01-2026 10:45||NIFTY27JAN2625900CE,0.11370975197899758
23-01-2026 10:45||NIFTY27JAN2626200CE,0.1467798545673638
23-01-2026 10:45||NIFTY27JAN2626500CE,0.18615749590748956
23-01-2026 10:50||NIFTY27JAN2623900PE,0.2374949327176477
23-01-2026 10:50||NIFTY27JAN2625400CE,0.0993975603935424
23-01-2026 10:50||NIFTY27JAN2625700CE,0.101770638243951
23-01-2026 10:50||NIFTY27JAN2626200CE,0.1470086948351812
23-01-2026 10:50||NIFTY27JAN2626300CE,0.1584258143295743
23-01-2026 10:50||NIFTY27JAN2626400CE,0.17010524289765894
23-01-2026 10:55||NIFTY27JAN2623800PE,0.2503843235577075
23-01-2026 10:55||NIFTY27JAN2624600PE,0.14764358275570286
23-01-2026 10:55||NIFTY27JAN2624900PE,0.11808122578290847
23-01-2026 10:55||NIFTY27JAN2626200CE,0.14872680252852238
23-01-2026 11:00||NIFTY27JAN2625100PE,0.10600369060661209
23-01-2026 11:00||NIFTY27JAN2625400CE,0.09474049592797676
23-01-2026 11:00||NIFTY27JAN2625800CE,0.10736610151707454
23-01-2026 11:00||NIFTY27JAN2626100CE,0.13811281157567018
23-01-2026 11:05||NIFTY27JAN2624200PE,0.19614425374175032
23-01-2026 11:05||NIFTY27JAN2625600CE,0.10082457721957812
23-01-2026 11:05||NIFTY27JAN2625700CE,0.10396226676469641
23-01-2026 11:05||NIFTY27JAN2626200CE,0.15111882781574515
23-01-2026 11:05||NIFTY27JAN2626500CE,0.19064215752352998
23-01-2026 11:10||NIFTY27JAN2624000PE,0.2228579460556139
23-01-2026 11:10||NIFTY27JAN2624100PE,0.20981668734193618
23-01-2026 11:10||NIFTY27JAN2625300CE,0.10093943853814966
23-01-2026 11:10||NIFTY27JAN2626300CE,0.1612492828376784
23-01-2026 11:15||NIFTY27JAN2624200PE,0.1959961627325132
23-01-2026 11:15||NIFTY27JAN2624800PE,0.12847031835800188
23-01-2026 11:15||NIFTY27JAN2624900PE,0.12027147263639049
23-01-2026 11:15||NIFTY27JAN2625300CE,0.09293292299047147
23-01-2026 11:15||NIFTY27JAN2625400CE,0.09187303930603874
23-01-2026 11:15||NIFTY27JAN2625500CE,0.09252659305313449
23-01-2026 11:15||NIFTY27JAN2625700CE,0.09977211000689337
23-01-2026 11:15||NIFTY27JAN2626300CE,0.16179098849275547
23-01-2026 11:20||NIFTY27JAN2624100PE,0.20714911171260864
23-01-2026 11:20||NIFTY27JAN2624400PE,0.16905554788524835
23-01-2026 11:20||NIFTY27JAN2624800PE,0.12371352963421761
23-01-2026 11:20||NIFTY27JAN2625100PE,0.10039204596087406
23-01-2026 11:20||NIFTY27JAN2626000CE,0.12863276519982292
23-01-2026 11:20||NIFTY27JAN2626300CE,0.1633485864925917
23-01-2026 11:25||NIFTY27JAN2623800PE,0.24768615354445453
23-01-2026 11:25||NIFTY27JAN2623900PE,0.23490387941771262
23-01-2026 11:25||NIFTY27JAN2624900PE,0.11447876506384122
23-01-2026 11:25||NIFTY27JAN2625200CE,0.10724889573519494
23-01-2026 11:25||NIFTY27JAN2625800CE,0.10881024067674687
23-01-2026 11:25||NIFTY27JAN2626400CE,0.1747759816732958
23-01-2026 11:30||NIFTY27JAN2624700PE,0.1376266756024563
23-01-2026 11:30||NIFTY27JAN2624900PE,0.12026146659477906
23-01-2026 11:30||NIFTY27JAN2625000PE,0.11304220173174664
23-01-2026 11:30||NIFTY27JAN2625500CE,0.09093578515232793
23-01-2026 11:30||NIFTY27JAN2625800CE,0.10663081768750789
23-01-2026 11:30||NIFTY27JAN2626000CE,0.12669936569880996
23-01-2026 11:30||NIFTY27JAN2626200CE,0.1499309782257528
23-01-2026 11:30||NIFTY27JAN2626400CE,0.17407359540336764
23-01-2026 11:35||NIFTY27JAN2624900PE,0.12095495697640274
23-01-2026 11:35||NIFTY27JAN2625400CE,0.09095732175846667
23-01-2026 11:35||NIFTY27JAN2626000CE,0.13054988162199227
23-01-2026 11:40||NIFTY27JAN2623900PE,0.22716442309044171
23-01-2026 11:40||NIFTY27JAN2624300PE,0.17597243814277608
23-01-2026 11:40||NIFTY27JAN2624900PE,0.11568960079643864
23-01-2026 11:40||NIFTY27JAN2625500CE,0.09806395101199665
23-01-2026 11:40||NIFTY27JAN2626300CE,0.17349841321296738
23-01-2026 11:40||NIFTY27JAN2626500CE,0.1973233202335679
23-01-2026 11:45||NIFTY27JAN2625300CE,0.09576022602607358
23-01-2026 11:45||NIFTY27JAN2626100CE,0.15248010289772382
23-01-2026 11:45||NIFTY27JAN2626400CE,0.18655919453775113
23-01-2026 11:50||NIFTY27JAN2624100PE,0.19460135119493438
23-01-2026 11:50||NIFTY27JAN2624500PE,0.14724951064884306
23-01-2026 11:50||NIFTY27JAN2625400CE,0.10613150174834854
23-01-2026 11:50||NIFTY27JAN2625500CE,0.10721785249072867
23-01-2026 11:50||NIFTY27JAN2625700CE,0.11567851475152457
23-01-2026 11:55||NIFTY27JAN2624800PE,0.12017007411122758
23-01-2026 11:55||NIFTY27JAN2625100PE,0.10180975429412703
23-01-2026 11:55||NIFTY27JAN2625700CE,0.11282816571449071
23-01-2026 11:55||NIFTY27JAN2626200CE,0.16371934108704672
23-01-2026 11:55||NIFTY27JAN2626500CE,0.19935091695431006
23-01-2026 12:00||NIFTY27JAN2624000PE,0.21036421294909144
23-01-2026 12:00||NIFTY27JAN2624300PE,0.1718368859667814
23-01-2026 12:00||NIFTY27JAN2624800PE,0.1186810950705452
23-01-2026 12:00||NIFTY27JAN2625200CE,0.10658905913203186
23-01-2026 12:00||NIFTY27JAN2625800CE,0.12161549761762398
23-01-2026 12:00||NIFTY27JAN2625900CE,0.13136682549040363
23-01-2026 12:00||NIFTY27JAN2626400CE,0.1865374213502399
23-01-2026 12:05||NIFTY27JAN2624600PE,0.1393126444819594
23-01-2026 12:05||NIFTY27JAN2625300CE,0.0964653969803535
23-01-2026 12:05||NIFTY27JAN2625400CE,0.09755671300104579
23-01-2026 12:05||NIFTY27JAN2626400CE,0.18731483652000055
23-01-2026 12:10||NIFTY27JAN2623900PE,0.2200114313783657
23-01-2026 12:10||NIFTY27JAN2624000PE,0.20694741685378706
23-01-2026 12:10||NIFTY27JAN2625000PE,0.10677076214557615
23-01-2026 12:10||NIFTY27JAN2625700CE,0.11510106403140652
23-01-2026 12:10||NIFTY27JAN2626200CE,0.1670987744219462
23-01-2026 12:10||NIFTY27JAN2626500CE,0.2018999423566593
23-01-2026 12:15||NIFTY27JAN2625500CE,0.1093193957612262
23-01-2026 12:15||NIFTY27JAN2626100CE,0.15432162944414238
23-01-2026 12:15||NIFTY27JAN2626300CE,0.17674942835281837
23-01-2026 12:20||NIFTY27JAN2624200PE,0.18504618436664547
23-01-2026 12:20||NIFTY27JAN2625200CE,0.09869683689805267
23-01-2026 12:20||NIFTY27JAN2625300CE,0.09654667252270833
23-01-2026 12:20||NIFTY27JAN2625400CE,0.0970167399134811
23-01-2026 12:20||NIFTY27JAN2625800CE,0.11931872974379032
23-01-2026 12:20||NIFTY27JAN2626100CE,0.15237765278472754
23-01-2026 12:25||NIFTY27JAN2624300PE,0.17060106881096104
23-01-2026 12:25||NIFTY27JAN2624500PE,0.14659035835863252
23-01-2026 12:25||NIFTY27JAN2624600PE,0.13554433946275582
23-01-2026 12:25||NIFTY27JAN2624900PE,0.10868453154710153
23-01-2026 12:25||NIFTY27JAN2625400CE,0.10397597318932872
23-01-2026 12:25||NIFTY27JAN2625600CE,0.1076140758768506
23-01-2026 12:25||NIFTY27JAN2626400CE,0.18762482234348155
23-01-2026 12:30||NIFTY27JAN2623800PE,0.23595026909144312
23-01-2026 12:30||NIFTY27JAN2624100PE,0.19589666632642827
23-01-2026 12:30||NIFTY27JAN2624200PE,0.18299805192412463
23-01-2026 12:30||NIFTY27JAN2624500PE,0.14550518628480308
23-01-2026 12:30||NIFTY27JAN2625900CE,0.13051908427390213
23-01-2026 12:30||NIFTY27JAN2626100CE,0.15230067639928846
23-01-2026 12:30||NIFTY27JAN2626200CE,0.16371787048580028
23-01-2026 12:35||NIFTY27JAN2624100PE,0.19628103601725666
23-01-2026 12:35||NIFTY27JAN2624400PE,0.15757512524094344
23-01-2026 12:35||NIFTY27JAN2625100PE,0.09070871420488151
23-01-2026 12:35||NIFTY27JAN2625300CE,0.10753612625010013
23-01-2026 12:35||NIFTY27JAN2626100CE,0.15231410040407917
23-01-2026 12:40||NIFTY27JAN2624500PE,0.14451317228699875
23-01-2026 12:40||NIFTY27JAN2624600PE,0.13279245850990168
23-01-2026 12:40||NIFTY27JAN2624900PE,0.10366756246856332
23-01-2026 12:40||NIFTY27JAN2625300CE,0.10829473827675709
23-01-2026 12:45||NIFTY27JAN2623800PE,0.23838856598460692
23-01-2026 12:45||NIFTY27JAN2623900PE,0.22517322861853628
23-01-2026 12:45||NIFTY27JAN2624600PE,0.1379619875749985
23-01-2026 12:45||NIFTY27JAN2625900CE,0.12424300571278739
23-01-2026 12:50||NIFTY27JAN2623800PE,0.23522468757580914
23-01-2026 12:50||NIFTY27JAN2624400PE,0.15674173944321992
23-01-2026 12:50||NIFTY27JAN2624800PE,0.11083114278795542
23-01-2026 12:50||NIFTY27JAN2625300CE,0.10990272419339576
23-01-2026 12:50||NIFTY27JAN2625600CE,0.10869099554167441
23-01-2026 12:50||NIFTY27JAN2625700CE,0.1131809834452181
23-01-2026 12:50||NIFTY27JAN2626000CE,0.13927598803791452
23-01-2026 12:50||NIFTY27JAN2626400CE,0.18604589885407335
23-01-2026 12:55||NIFTY27JAN2624200PE,0.18614780605448283
23-01-2026 12:55||NIFTY27JAN2625400CE,0.09280598348520948
23-01-2026 12:55||NIFTY27JAN2625600CE,0.10006778457786344
23-01-2026 12:55||NIFTY27JAN2625800CE,0.1165588198671196
23-01-2026 12:55||NIFTY27JAN2626400CE,0.1845358685046523
23-01-2026 13:00||NIFTY27JAN2624900PE,0.10415301939597171
23-01-2026 13:00||NIFTY27JAN2625700CE,0.11324592777455363
23-01-2026 13:00||NIFTY27JAN2626000CE,0.14300427306187918
23-01-2026 13:05||NIFTY27JAN2623800PE,0.2335761126150842
23-01-2026 13:05||NIFTY27JAN2625200CE,0.10200531892590466
23-01-2026 13:05||NIFTY27JAN2625900CE,0.1325507703983103
23-01-2026 13:10||NIFTY27JAN2623900PE,0.2208025346186211
23-01-2026 13:10||NIFTY27JAN2624000PE,0.2081083669511848
23-01-2026 13:10||NIFTY27JAN2624100PE,0.195295557663125
23-01-2026 13:10||NIFTY27JAN2624700PE,0.12141303832964453
23-01-2026 13:10||NIFTY27JAN2625100PE,0.09128031732452119
23-01-2026 13:10||NIFTY27JAN2625800CE,0.12116245548792431
23-01-2026 13:10||NIFTY27JAN2626000CE,0.1427519112878983
23-01-2026 13:15||NIFTY27JAN2623800PE,0.23176024087005892
23-01-2026 13:15||NIFTY27JAN2624200PE,0.17892410871419587
23-01-2026 13:15||NIFTY27JAN2625300CE,0.0943974987470575
23-01-2026 13:15||NIFTY27JAN2625600CE,0.10831295876022229
23-01-2026 13:15||NIFTY27JAN2625900CE,0.1370101561150885
23-01-2026 13:15||NIFTY27JAN2626000CE,0.14829780703797
23-01-2026 13:20||NIFTY27JAN2624700PE,0.12235686916274227
23-01-2026 13:20||NIFTY27JAN2624800PE,0.11495152425447844
23-01-2026 13:20||NIFTY27JAN2625700CE,0.12225136707945027
23-01-2026 13:20||NIFTY27JAN2626200CE,0.17659274948117762
23-01-2026 13:20||NIFTY27JAN2626500CE,0.21129183171347724
23-01-2026 13:25||NIFTY27JAN2624100PE,0.18678733947225307
23-01-2026 13:25||NIFTY27JAN2624500PE,0.13887724440929916
23-01-2026 13:25||NIFTY27JAN2625000PE,0.10216847362628761
23-01-2026 13:25||NIFTY27JAN2625400CE,0.10336393320496293
23-01-2026 13:30||NIFTY27JAN2624700PE,0.12841376507035424
23-01-2026 13:30||NIFTY27JAN2624800PE,0.12262676528102365
23-01-2026 13:30||NIFTY27JAN2625000PE,0.11505519127401295
23-01-2026 13:30||NIFTY27JAN2625400CE,0.10989777561336442
23-01-2026 13:30||NIFTY27JAN2625700CE,0.13217160198577826
23-01-2026 13:30||NIFTY27JAN2626000CE,0.16472704662425366
23-01-2026 13:35||NIFTY27JAN2623900PE,0.2088879286387964
23-01-2026 13:35||NIFTY27JAN2624100PE,0.18333564068898206
23-01-2026 13:35||NIFTY27JAN2624900PE,0.11101542059047291
23-01-2026 13:35||NIFTY27JAN2625600CE,0.12475023505697251
23-01-2026 13:35||NIFTY27JAN2626000CE,0.1656918693010922
23-01-2026 13:35||NIFTY27JAN2626200CE,0.18924659485882192
23-01-2026 13:35||NIFTY27JAN2626500CE,0.22387878412721163
23-01-2026 13:40||NIFTY27JAN2623900PE,0.2130918214776329
23-01-2026 13:40||NIFTY27JAN2624600PE,0.13670229796520866
23-01-2026 13:40||NIFTY27JAN2624900PE,0.1215691727749715
23-01-2026 13:40||NIFTY27JAN2625700CE,0.13477471269936336
23-01-2026 13:40||NIFTY27JAN2625800CE,0.14513261423416812
23-01-2026 13:40||NIFTY27JAN2626300CE,0.2008184577632332
23-01-2026 13:45||NIFTY27JAN2623900PE,0.20659544447393896
23-01-2026 13:45||NIFTY27JAN2624000PE,0.1937886958017725
23-01-2026 13:45||NIFTY27JAN2624500PE,0.13602896044239404
23-01-2026 13:45||NIFTY27JAN2624600PE,0.12669948590842678
23-01-2026 13:45||NIFTY27JAN2625000PE,0.10210542398996199
23-01-2026 13:45||NIFTY27JAN2625300CE,0.11293522368790371
23-01-2026 13:45||NIFTY27JAN2626100CE,0.1820188845360118
23-01-2026 13:45||NIFTY27JAN2626300CE,0.20484423507136146
23-01-2026 13:50||NIFTY27JAN2624000PE,0.19446319804472498
23-01-2026 13:50||NIFTY27JAN2624500PE,0.13544498677798525
23-01-2026 13:50||NIFTY27JAN2625100PE,0.09729930675371669
23-01-2026 13:50||NIFTY27JAN2626400CE,0.21787786450112573
23-01-2026 13:55||NIFTY27JAN2625500CE,0.12291253577456031
23-01-2026 13:55||NIFTY27JAN2625700CE,0.13878233130200732
23-01-2026 13:55||NIFTY27JAN2625800CE,0.14869054727763725
23-01-2026 13:55||NIFTY27JAN2626400CE,0.21777179284621784
23-01-2026 13:55||NIFTY27JAN2626500CE,0.2298616109856636
23-01-2026 14:00||NIFTY27JAN2624200PE,0.16833745091176922
23-01-2026 14:00||NIFTY27JAN2624300PE,0.1562810754009819
23-01-2026 14:00||NIFTY27JAN2625300CE,0.11601222011083309
23-01-2026 14:00||NIFTY27JAN2625400CE,0.11955062384381193
23-01-2026 14:00||NIFTY27JAN2625500CE,0.12419667027815033
23-01-2026 14:00||NIFTY27JAN2625800CE,0.1478967472200672
23-01-2026 14:05||NIFTY27JAN2624200PE,0.17019511268360205
23-01-2026 14:05||NIFTY27JAN2624800PE,0.1113589819059596
23-01-2026 14:05||NIFTY27JAN2626300CE,0.20041541502510474
23-01-2026 14:10||NIFTY27JAN2623900PE,0.20869594194077798
23-01-2026 14:10||NIFTY27JAN2625800CE,0.14685157516397535
23-01-2026 14:10||NIFTY27JAN2626400CE,0.21335763853968315
23-01-2026 14:15||NIFTY27JAN2625000PE,0.11230618134955639
23-01-2026 14:15||NIFTY27JAN2625400CE,0.10855580117557048
23-01-2026 14:15||NIFTY27JAN2626400CE,0.2070313331465385
23-01-2026 14:20||NIFTY27JAN2624100PE,0.1843446272887532
23-01-2026 14:20||NIFTY27JAN2624800PE,0.11565048232167979
23-01-2026 14:20||NIFTY27JAN2625400CE,0.1129088958039999
23-01-2026 14:20||NIFTY27JAN2625600CE,0.12564805016017216
23-01-2026 14:20||NIFTY27JAN2625800CE,0.1444620932253422
23-01-2026 14:20||NIFTY27JAN2626400CE,0.21128385456912735
23-01-2026 14:20||NIFTY27JAN2626500CE,0.22119445895846773
23-01-2026 14:25||NIFTY27JAN2624200PE,0.16663435860236434
23-01-2026 14:25||NIFTY27JAN2624400PE,0.1419889876084674
23-01-2026 14:25||NIFTY27JAN2624500PE,0.13078638484692306
23-01-2026 14:25||NIFTY27JAN2625200CE,0.11151888368011321
23-01-2026 14:25||NIFTY27JAN2626200CE,0.18686949308155923
23-01-2026 14:25||NIFTY27JAN2626300CE,0.1981211616764619
23-01-2026 14:25||NIFTY27JAN2626400CE,0.20957844941912318
23-01-2026 14:30||NIFTY27JAN2624600PE,0.12282218480962911
23-01-2026 14:30||NIFTY27JAN2625700CE,0.1340584999190587
23-01-2026 14:35||NIFTY27JAN2623900PE,0.21100822152222704
23-01-2026 14:35||NIFTY27JAN2624500PE,0.13443259797594234
23-01-2026 14:35||NIFTY27JAN2624700PE,0.11549394746818283
23-01-2026 14:35||NIFTY27JAN2625400CE,0.11079154382653676
23-01-2026 14:35||NIFTY27JAN2625600CE,0.12179592025782185
23-01-2026 14:35||NIFTY27JAN2625800CE,0.13915214893160516
23-01-2026 14:35||NIFTY27JAN2625900CE,0.14916215717796444
23-01-2026 14:35||NIFTY27JAN2626000CE,0.15971526686698814
23-01-2026 14:35||NIFTY27JAN2626300CE,0.19394330263752052
23-01-2026 14:40||NIFTY27JAN2623900PE,0.21302261713521306
23-01-2026 14:40||NIFTY27JAN2624300PE,0.16070889217593542
23-01-2026 14:40||NIFTY27JAN2624400PE,0.14861559657460618
23-01-2026 14:40||NIFTY27JAN2625000PE,0.09980143627145194
23-01-2026 14:40||NIFTY27JAN2625100PE,0.09700907270084795
23-01-2026 14:40||NIFTY27JAN2625200CE,0.10095130173059746
23-01-2026 14:40||NIFTY27JAN2625700CE,0.13219154083493795
23-01-2026 14:40||NIFTY27JAN2625800CE,0.14197016602938567
23-01-2026 14:40||NIFTY27JAN2626400CE,0.20609330626555017
23-01-2026 14:45||NIFTY27JAN2624400PE,0.14892231892149482
23-01-2026 14:45||NIFTY27JAN2624700PE,0.12117842023158264
23-01-2026 14:45||NIFTY27JAN2625100PE,0.10253401934848592
23-01-2026 14:45||NIFTY27JAN2625400CE,0.1092595742371445
23-01-2026 14:45||NIFTY27JAN2625600CE,0.12342595561935307
23-01-2026 14:45||NIFTY27JAN2626000CE,0.16252476163897722
23-01-2026 14:45||NIFTY27JAN2626200CE,0.18459031113387886
23-01-2026 14:50||NIFTY27JAN2623800PE,0.221668020212389
23-01-2026 14:50||NIFTY27JAN2624500PE,0.13093774387711565
23-01-2026 14:50||NIFTY27JAN2624800PE,0.10368030097804777
23-01-2026 14:50||NIFTY27JAN2625200CE,0.10687800586582075
23-01-2026 14:50||NIFTY27JAN2625300CE,0.1101199563955245
23-01-2026 14:50||NIFTY27JAN2625500CE,0.1217075859318422
23-01-2026 14:55||NIFTY27JAN2623900PE,0.21098286190939447
23-01-2026 14:55||NIFTY27JAN2624400PE,0.1463904374762756
23-01-2026 14:55||NIFTY27JAN2625200CE,0.10052548559181732
23-01-2026 14:55||NIFTY27JAN2625900CE,0.1498944957162191
23-01-2026 14:55||NIFTY27JAN2626200CE,0.1826802044981576
23-01-2026 15:00||NIFTY27JAN2623900PE,0.20986798823132197
23-01-2026 15:00||NIFTY27JAN2624100PE,0.1837448476928642
23-01-2026 15:00||NIFTY27JAN2624300PE,0.15832593075617446
23-01-2026 15:00||NIFTY27JAN2624600PE,0.12566418388446715
23-01-2026 15:05||NIFTY27JAN2623900PE,0.20760511196396014
23-01-2026 15:05||NIFTY27JAN2624800PE,0.11940130331827722
23-01-2026 15:05||NIFTY27JAN2626200CE,0.19273780118995554
23-01-2026 15:10||NIFTY27JAN2623800PE,0.22062227382120198
23-01-2026 15:10||NIFTY27JAN2624000PE,0.19280268208128268
23-01-2026 15:10||NIFTY27JAN2624200PE,0.16696310819378538
23-01-2026 15:10||NIFTY27JAN2624600PE,0.1230191815514462
23-01-2026 15:10||NIFTY27JAN2625000PE,0.09986683632020331
23-01-2026 15:10||NIFTY27JAN2625300CE,0.11255684807291787
23-01-2026 15:10||NIFTY27JAN2625700CE,0.14024849054573485
23-01-2026 15:10||NIFTY27JAN2626100CE,0.18294238510515956
23-01-2026 15:10||NIFTY27JAN2626200CE,0.19420482377018608
23-01-2026 15:10||NIFTY27JAN2626300CE,0.20563894642006988
23-01-2026 15:15||NIFTY27JAN2624100PE,0.18076888806919356
23-01-2026 15:15||NIFTY27JAN2624200PE,0.16743810014066707
23-01-2026 15:15||NIFTY27JAN2625000PE,0.10370772192906358
23-01-2026 15:20||NIFTY27JAN2623800PE,0.2264345185523266
23-01-2026 15:20||NIFTY27JAN2623900PE,0.21017470026415952
23-01-2026 15:20||NIFTY27JAN2624800PE,0.10329727313995561
23-01-2026 15:20||NIFTY27JAN2625400CE,0.1209583864863209
23-01-2026 15:20||NIFTY27JAN2625500CE,0.12679867181333487
23-01-2026 15:20||NIFTY27JAN2625700CE,0.14302856902637584
23-01-2026 15:20||NIFTY27JAN2625900CE,0.16319077566464818
23-01-2026 15:20||NIFTY27JAN2626200CE,0.19590355095545037
23-01-2026 15:25||NIFTY27JAN2624500PE,0.12873844647053406
23-01-2026 15:25||NIFTY27JAN2624600PE,0.11847420355277023
23-01-2026 15:25||NIFTY27JAN2625700CE,0.1410137045003924
27-01-2026 09:15||NIFTY27JAN2626200CE,0.6580916781609913
27-01-2026 09:15||NIFTY27JAN2626400CE,0.7529978984801039
27-01-2026 09:15||NIFTY27JAN2626500CE,0.7949047469123247
27-01-2026 09:20||NIFTY27JAN2624400PE,0.4394841424696049
27-01-2026 09:20||NIFTY27JAN2624900PE,0.3950173078430218
27-01-2026 09:20||NIFTY27JAN2625100PE,0.43897936998371007
27-01-2026 09:20||NIFTY27JAN2625400CE,0.4046768360419186
27-01-2026 09:20||NIFTY27JAN2625500CE,0.4353765815241618
27-01-2026 09:20||NIFTY27JAN2625600CE,0.47153430974005156
27-01-2026 09:20||NIFTY27JAN2625700CE,0.5124597862237676
27-01-2026 09:20||NIFTY27JAN2626500CE,0.8902675827310803
27-01-2026 09:25||NIFTY27JAN2623900PE,0.653619398960972
27-01-2026 09:25||NIFTY27JAN2624600PE,0.3454604873485134
27-01-2026 09:25||NIFTY27JAN2625100PE,0.2781792647915907
27-01-2026 09:25||NIFTY27JAN2625500CE,0.4559150777162659
27-01-2026 09:25||NIFTY27JAN2625900CE,0.6337414816915165
27-01-2026 09:25||NIFTY27JAN2626500CE,0.9170796343580724
27-01-2026 09:30||NIFTY27JAN2624400PE,0.408280415633344
27-01-2026 09:30||NIFTY27JAN2624800PE,0.2664426447569077
27-01-2026 09:30||NIFTY27JAN2624900PE,0.23934090090120808
27-01-2026 09:30||NIFTY27JAN2625400CE,0.4398051128176188
27-01-2026 09:30||NIFTY27JAN2625600CE,0.4959410574525032
27-01-2026 09:30||NIFTY27JAN2625800CE,0.5841635921250211
27-01-2026 09:30||NIFTY27JAN2626100CE,0.7399855725361559
27-01-2026 09:30||NIFTY27JAN2626400CE,0.8831058073502006
27-01-2026 09:35||NIFTY27JAN2623800PE,0.7515805104658543
27-01-2026 09:35||NIFTY27JAN2624500PE,0.40575663864987643
27-01-2026 09:35||NIFTY27JAN2625700CE,0.4857669929372116
27-01-2026 09:35||NIFTY27JAN2626200CE,0.7274473554720735
27-01-2026 09:45||NIFTY27JAN2623800PE,0.8211575050041344
27-01-2026 09:45||NIFTY27JAN2624000PE,0.7239315820165028
27-01-2026 09:45||NIFTY27JAN2624500PE,0.4846601356404402
27-01-2026 09:45||NIFTY27JAN2625000PE,0.317790052089725
27-01-2026 09:45||NIFTY27JAN2625600CE,0.36957487625548197
27-01-2026 09:45||NIFTY27JAN2626200CE,0.6467488962521337
27-01-2026 09:45||NIFTY27JAN2626300CE,0.697647500025869
27-01-2026 09:50||NIFTY27JAN2623800PE,0.8235092832185942
27-01-2026 09:50||NIFTY27JAN2624200PE,0.6264749691336516
27-01-2026 09:50||NIFTY27JAN2624800PE,0.37958465035074795
27-01-2026 09:50||NIFTY27JAN2624900PE,0.355204725815522
27-01-2026 09:50||NIFTY27JAN2626300CE,0.7018430860319027
27-01-2026 09:55||NIFTY27JAN2624100PE,0.6732605187257599
27-01-2026 09:55||NIFTY27JAN2624700PE,0.40330273181138976
27-01-2026 09:55||NIFTY27JAN2624800PE,0.3788089152011628
27-01-2026 09:55||NIFTY27JAN2625000PE,0.34763847037905726
27-01-2026 09:55||NIFTY27JAN2625700CE,0.405717439601063
27-01-2026 09:55||NIFTY27JAN2626000CE,0.5612768108275275
27-01-2026 09:55||NIFTY27JAN2626200CE,0.6665488106271185
27-01-2026 10:00||NIFTY27JAN2624000PE,0.734053835635353
27-01-2026 10:00||NIFTY27JAN2625300CE,0.31169153254733756
27-01-2026 10:00||NIFTY27JAN2625400CE,0.31832593655436275
27-01-2026 10:00||NIFTY27JAN2625600CE,0.3676441861607651
27-01-2026 10:00||NIFTY27JAN2625800CE,0.45211839873262066
27-01-2026 10:00||NIFTY27JAN2626100CE,0.608506416988337
27-01-2026 10:00||NIFTY27JAN2626400CE,0.7629220636090284
27-01-2026 10:00||NIFTY27JAN2626500CE,0.809744069883414
27-01-2026 10:05||NIFTY27JAN2623800PE,0.8399226062174006
27-01-2026 10:05||NIFTY27JAN2623900PE,0.7870167156000474
27-01-2026 10:05||NIFTY27JAN2624100PE,0.6816359163441887
27-01-2026 10:05||NIFTY27JAN2626400CE,0.7648583915475731
27-01-2026 10:10||NIFTY27JAN2624200PE,0.6056434141967919
27-01-2026 10:10||NIFTY27JAN2624900PE,0.2960146077729954
27-01-2026 10:10||NIFTY27JAN2625300CE,0.37298554481989976
27-01-2026 10:10||NIFTY27JAN2625600CE,0.39121067424862144
27-01-2026 10:15||NIFTY27JAN2625800CE,0.45733443341102054
27-01-2026 10:20||NIFTY27JAN2623900PE,0.8268970962118951
27-01-2026 10:20||NIFTY27JAN2624500PE,0.5174817151187778
27-01-2026 10:20||NIFTY27JAN2624600PE,0.4679280543936458
27-01-2026 10:20||NIFTY27JAN2624800PE,0.3866878452925071
27-01-2026 10:20||NIFTY27JAN2625000PE,0.3266095554107905
27-01-2026 10:20||NIFTY27JAN2625400CE,0.3037953304220423
27-01-2026 10:20||NIFTY27JAN2625800CE,0.4371282281440865
27-01-2026 10:25||NIFTY27JAN2624600PE,0.46831508468077104
27-01-2026 10:25||NIFTY27JAN2624900PE,0.38730173821306535
27-01-2026 10:25||NIFTY27JAN2626000CE,0.5558904429244418
27-01-2026 10:25||NIFTY27JAN2626300CE,0.718776651220448
27-01-2026 10:25||NIFTY27JAN2626400CE,0.7622029968817018
27-01-2026 10:30||NIFTY27JAN2624100PE,0.6977747507195282
27-01-2026 10:30||NIFTY27JAN2624800PE,0.3656939232777212
27-01-2026 10:30||NIFTY27JAN2625400CE,0.32226803399926174
27-01-2026 10:30||NIFTY27JAN2625600CE,0.378439792954144
27-01-2026 10:30||NIFTY27JAN2625900CE,0.5296542132189894
27-01-2026 10:30||NIFTY27JAN2626200CE,0.6961844958378732
27-01-2026 10:35||NIFTY27JAN2624300PE,0.5958798891582322
27-01-2026 10:35||NIFTY27JAN2624400PE,0.5434797055447221
27-01-2026 10:35||NIFTY27JAN2624800PE,0.37677499854855856
27-01-2026 10:35||NIFTY27JAN2625200CE,0.25535776973729457
27-01-2026 10:35||NIFTY27JAN2625300CE,0.2795709445792183
27-01-2026 10:35||NIFTY27JAN2625700CE,0.43043018219282725
27-01-2026 10:40||NIFTY27JAN2624400PE,0.5172315665457093
27-01-2026 10:40||NIFTY27JAN2625200CE,0.24533616626452362
27-01-2026 10:40||NIFTY27JAN2625700CE,0.45355489909569163
27-01-2026 10:40||NIFTY27JAN2626100CE,0.6776078776492265
27-01-2026 10:40||NIFTY27JAN2626200CE,0.7300321057257915
27-01-2026 10:45||NIFTY27JAN2624000PE,0.6997858405950514
27-01-2026 10:45||NIFTY27JAN2624700PE,0.35197327464960504
27-01-2026 10:45||NIFTY27JAN2624900PE,0.30659721895322867
27-01-2026 10:45||NIFTY27JAN2625500CE,0.39647679898714694
27-01-2026 10:45||NIFTY27JAN2626200CE,0.7792558363197543
27-01-2026 10:45||NIFTY27JAN2626400CE,0.8712804654839739
27-01-2026 10:50||NIFTY27JAN2623900PE,0.7707157475972397
27-01-2026 10:50||NIFTY27JAN2624000PE,0.7112215431183762
27-01-2026 10:50||NIFTY27JAN2624600PE,0.3983971097099029
27-01-2026 10:50||NIFTY27JAN2625000PE,0.3824303044116618
27-01-2026 10:50||NIFTY27JAN2625200CE,0.2906183411172941
27-01-2026 10:50||NIFTY27JAN2625400CE,0.3704885350176006
27-01-2026 10:50||NIFTY27JAN2625700CE,0.5229135207196792
27-01-2026 10:55||NIFTY27JAN2623900PE,0.756633723562781
27-01-2026 10:55||NIFTY27JAN2624400PE,0.46925114274760854
27-01-2026 10:55||NIFTY27JAN2624900PE,0.3482613578529449
27-01-2026 10:55||NIFTY27JAN2625000PE,0.36017228193279444
27-01-2026 10:55||NIFTY27JAN2625300CE,0.3545722331906701
27-01-2026 10:55||NIFTY27JAN2625400CE,0.3896498782712437
27-01-2026 10:55||NIFTY27JAN2625600CE,0.48382820272898786
27-01-2026 10:55||NIFTY27JAN2626400CE,0.9255113131292433
27-01-2026 11:00||NIFTY27JAN2623800PE,0.867264876819738
27-01-2026 11:00||NIFTY27JAN2623900PE,0.7858896335455026
27-01-2026 11:00||NIFTY27JAN2624300PE,0.5080330517532153
27-01-2026 11:00||NIFTY27JAN2625200CE,0.2932613603411348
27-01-2026 11:00||NIFTY27JAN2625300CE,0.34227801931001267
27-01-2026 11:00||NIFTY27JAN2625400CE,0.3922236634170845
27-01-2026 11:00||NIFTY27JAN2626300CE,0.8892507348169099
27-01-2026 11:05||NIFTY27JAN2623800PE,0.8133565249992156
27-01-2026 11:05||NIFTY27JAN2624100PE,0.6579610742094322
27-01-2026 11:05||NIFTY27JAN2624200PE,0.5954697139629577
27-01-2026 11:05||NIFTY27JAN2624900PE,0.3055822019031259
27-01-2026 11:05||NIFTY27JAN2625300CE,0.37208265605382096
27-01-2026 11:05||NIFTY27JAN2625700CE,0.5422751323750574
27-01-2026 11:10||NIFTY27JAN2624200PE,0.6080001102621587
27-01-2026 11:10||NIFTY27JAN2624400PE,0.4878903425002985
27-01-2026 11:10||NIFTY27JAN2624900PE,0.29807400454773114
27-01-2026 11:10||NIFTY27JAN2625300CE,0.367742242905334
27-01-2026 11:10||NIFTY27JAN2625500CE,0.4370741383547072
27-01-2026 11:10||NIFTY27JAN2625800CE,0.5989201556252479
27-01-2026 11:10||NIFTY27JAN2626500CE,0.9878759071661337
27-01-2026 11:15||NIFTY27JAN2624300PE,0.5482247299606504
27-01-2026 11:15||NIFTY27JAN2625000PE,0.2884376434041531
27-01-2026 11:15||NIFTY27JAN2625100PE,0.28479222652756964
27-01-2026 11:15||NIFTY27JAN2626400CE,0.9360744504938561
27-01-2026 11:20||NIFTY27JAN2625300CE,0.3387771574210988
27-01-2026 11:20||NIFTY27JAN2626100CE,0.7584899850717803
27-01-2026 11:25||NIFTY27JAN2623800PE,0.8627933657268677
27-01-2026 11:25||NIFTY27JAN2624000PE,0.7519602060838502
27-01-2026 11:25||NIFTY27JAN2624200PE,0.6342995917040588
27-01-2026 11:25||NIFTY27JAN2624900PE,0.27983969753322413
27-01-2026 11:25||NIFTY27JAN2625600CE,0.47306690756917263
27-01-2026 11:25||NIFTY27JAN2626500CE,0.9817484125239644
27-01-2026 11:30||NIFTY27JAN2624200PE,0.6687472172163849
27-01-2026 11:30||NIFTY27JAN2625100PE,0.3337392127380898
27-01-2026 11:30||NIFTY27JAN2625600CE,0.44329322203619675
27-01-2026 11:30||NIFTY27JAN2625900CE,0.6145512900445128
27-01-2026 11:30||NIFTY27JAN2626200CE,0.7978120261684609
27-01-2026 11:35||NIFTY27JAN2624000PE,0.7915460219394042
27-01-2026 11:35||NIFTY27JAN2624900PE,0.3025838854421613
27-01-2026 11:35||NIFTY27JAN2625200CE,0.32347521866217055
27-01-2026 11:40||NIFTY27JAN2623800PE,0.9263711893661855
27-01-2026 11:40||NIFTY27JAN2624000PE,0.8082206285709232
27-01-2026 11:40||NIFTY27JAN2626000CE,0.6509255853188184
27-01-2026 11:40||NIFTY27JAN2626300CE,0.8216483452882011
27-01-2026 11:45||NIFTY27JAN2624300PE,0.6638126097060858
27-01-2026 11:45||NIFTY27JAN2624400PE,0.6025974306385365
27-01-2026 11:45||NIFTY27JAN2624500PE,0.5446053529104001
27-01-2026 11:45||NIFTY27JAN2626100CE,0.6720452997901012
27-01-2026 11:45||NIFTY27JAN2626400CE,0.8285230725910813
27-01-2026 11:50||NIFTY27JAN2624700PE,0.4154599159787194
27-01-2026 11:50||NIFTY27JAN2624900PE,0.3672162621232453
27-01-2026 11:50||NIFTY27JAN2625700CE,0.46966312016209566
27-01-2026 11:50||NIFTY27JAN2626000CE,0.6458364499654182
27-01-2026 11:55||NIFTY27JAN2623900PE,0.8892128473417721
27-01-2026 11:55||NIFTY27JAN2624000PE,0.8236167682136011
27-01-2026 11:55||NIFTY27JAN2624400PE,0.5572557143558574
27-01-2026 11:55||NIFTY27JAN2624500PE,0.49729298797060606
27-01-2026 11:55||NIFTY27JAN2624800PE,0.35672341801003304
27-01-2026 11:55||NIFTY27JAN2625200CE,0.3646852808057425
27-01-2026 11:55||NIFTY27JAN2625400CE,0.38440446295097114
27-01-2026 11:55||NIFTY27JAN2626500CE,0.9696440574703716
27-01-2026 12:00||NIFTY27JAN2624200PE,0.7007447353451857
27-01-2026 12:00||NIFTY27JAN2624300PE,0.6337910236999018
27-01-2026 12:00||NIFTY27JAN2624500PE,0.5106818080125572
27-01-2026 12:00||NIFTY27JAN2625100PE,0.29793489107338533
27-01-2026 12:00||NIFTY27JAN2625500CE,0.4065553546823396
27-01-2026 12:00||NIFTY27JAN2626100CE,0.718558824130729
27-01-2026 12:00||NIFTY27JAN2626400CE,0.8734177602750176
27-01-2026 12:00||NIFTY27JAN2626500CE,0.9164970216123975
27-01-2026 12:05||NIFTY27JAN2624500PE,0.532569206192371
27-01-2026 12:05||NIFTY27JAN2624700PE,0.4312463305354365
27-01-2026 12:05||NIFTY27JAN2625100PE,0.33742132628702465
27-01-2026 12:05||NIFTY27JAN2625900CE,0.5905370428327901
27-01-2026 12:05||NIFTY27JAN2626500CE,0.9608277135801002
27-01-2026 12:10||NIFTY27JAN2624400PE,0.6018156926407293
27-01-2026 12:10||NIFTY27JAN2625700CE,0.48410254171870104
27-01-2026 12:10||NIFTY27JAN2626400CE,0.9070860024798859
27-01-2026 12:15||NIFTY27JAN2624500PE,0.553046871633086
27-01-2026 12:15||NIFTY27JAN2624600PE,0.49970283947774496
27-01-2026 12:15||NIFTY27JAN2626000CE,0.6753277116155672
27-01-2026 12:15||NIFTY27JAN2626200CE,0.7962497280057985
27-01-2026 12:20||NIFTY27JAN2624000PE,0.8777189804001974
27-01-2026 12:20||NIFTY27JAN2624200PE,0.7500249401981074
27-01-2026 12:20||NIFTY27JAN2625000PE,0.2917282134215691
27-01-2026 12:20||NIFTY27JAN2625300CE,0.37830282718846475
27-01-2026 12:20||NIFTY27JAN2625600CE,0.4544985979475409
27-01-2026 12:25||NIFTY27JAN2624100PE,0.8392825125511847
27-01-2026 12:25||NIFTY27JAN2624700PE,0.4677923839801773
27-01-2026 12:25||NIFTY27JAN2625400CE,0.33572105608002567
27-01-2026 12:25||NIFTY27JAN2625900CE,0.6176463384256208
27-01-2026 12:30||NIFTY27JAN2625300CE,0.34664573896069045
27-01-2026 12:35||NIFTY27JAN2624100PE,0.8435437792543747
27-01-2026 12:35||NIFTY27JAN2624400PE,0.6398016146083634
27-01-2026 12:35||NIFTY27JAN2624900PE,0.38619501617018476
27-01-2026 12:35||NIFTY27JAN2625100PE,0.349251957514666
27-01-2026 12:35||NIFTY27JAN2625800CE,0.5960129439949875
27-01-2026 12:35||NIFTY27JAN2626100CE,0.7965959306090151
27-01-2026 12:40||NIFTY27JAN2624200PE,0.7751649674754854
27-01-2026 12:40||NIFTY27JAN2624700PE,0.44576372903110834
27-01-2026 12:40||NIFTY27JAN2624800PE,0.40205167425054944
27-01-2026 12:40||NIFTY27JAN2624900PE,0.36653067819096086
27-01-2026 12:40||NIFTY27JAN2625100PE,0.31143090100757975
27-01-2026 12:40||NIFTY27JAN2625200CE,0.3295825662111457
27-01-2026 12:40||NIFTY27JAN2625900CE,0.6804201391352538
27-01-2026 12:40||NIFTY27JAN2626000CE,0.7482947546652757
27-01-2026 12:40||NIFTY27JAN2626300CE,0.9393105804208974
27-01-2026 12:45||NIFTY27JAN2625200CE,0.2914481479100803
27-01-2026 12:45||NIFTY27JAN2625700CE,0.563095497576886
27-01-2026 12:45||NIFTY27JAN2625900CE,0.6970557874067279
27-01-2026 12:45||NIFTY27JAN2626200CE,0.8925685092848853
27-01-2026 12:50||NIFTY27JAN2624600PE,0.4811767915210756
27-01-2026 12:50||NIFTY27JAN2625000PE,0.26960073773165244
27-01-2026 12:50||NIFTY27JAN2625100PE,0.2247958158276592
27-01-2026 12:50||NIFTY27JAN2625900CE,0.723859848064776
27-01-2026 12:50||NIFTY27JAN2626200CE,0.9262971147229163
27-01-2026 12:50||NIFTY27JAN2626500CE,1.0921092152191345
27-01-2026 12:55||NIFTY27JAN2623900PE,1.0320945653200573
27-01-2026 12:55||NIFTY27JAN2624000PE,0.9597590373781126
27-01-2026 12:55||NIFTY27JAN2625500CE,0.4525188896176231
27-01-2026 12:55||NIFTY27JAN2625600CE,0.5130517052672392
27-01-2026 12:55||NIFTY27JAN2625800CE,0.6436113350742536
27-01-2026 12:55||NIFTY27JAN2626200CE,0.917538776585101
27-01-2026 13:00||NIFTY27JAN2624100PE,0.8836956776617254
27-01-2026 13:00||NIFTY27JAN2624500PE,0.5876098372098877
27-01-2026 13:00||NIFTY27JAN2625400CE,0.40140255689521687
27-01-2026 13:00||NIFTY27JAN2626000CE,0.7976406257280773
27-01-2026 13:05||NIFTY27JAN2623900PE,1.0372881440534223
27-01-2026 13:05||NIFTY27JAN2624500PE,0.5851011536306536
27-01-2026 13:05||NIFTY27JAN2624800PE,0.3920210082846533
27-01-2026 13:10||NIFTY27JAN2624200PE,0.8303595281870539
27-01-2026 13:10||NIFTY27JAN2624500PE,0.6082007058247182
27-01-2026 13:10||NIFTY27JAN2624600PE,0.5386831324820407
27-01-2026 13:10||NIFTY27JAN2624700PE,0.4729838943692206
27-01-2026 13:15||NIFTY27JAN2624400PE,0.690455523190339
27-01-2026 13:15||NIFTY27JAN2625000PE,0.31026721000467683
27-01-2026 13:15||NIFTY27JAN2625200CE,0.38002951463718737
27-01-2026 13:15||NIFTY27JAN2626300CE,1.0582581754861762
27-01-2026 13:20||NIFTY27JAN2624000PE,1.014226974927865
27-01-2026 13:20||NIFTY27JAN2624200PE,0.8619219911549182
27-01-2026 13:20||NIFTY27JAN2624600PE,0.5381462234021689
27-01-2026 13:20||NIFTY27JAN2624900PE,0.34232286428671765
27-01-2026 13:20||NIFTY27JAN2625700CE,0.6256241749071945
27-01-2026 13:20||NIFTY27JAN2625900CE,0.7755906117878802
27-01-2026 13:25||NIFTY27JAN2623800PE,1.1555406424354526
27-01-2026 13:25||NIFTY27JAN2625100PE,0.2597354352067378
27-01-2026 13:25||NIFTY27JAN2625700CE,0.6311629953444772
27-01-2026 13:30||NIFTY27JAN2624100PE,1.0112694042644494
27-01-2026 13:30||NIFTY27JAN2624300PE,0.8435936694355046
27-01-2026 13:30||NIFTY27JAN2625100PE,0.316799265319066
27-01-2026 13:30||NIFTY27JAN2625400CE,0.4335007434840446
27-01-2026 13:30||NIFTY27JAN2626300CE,1.1023882378042162
27-01-2026 13:35||NIFTY27JAN2623900PE,1.1604602325573328
27-01-2026 13:35||NIFTY27JAN2624300PE,0.8458482039238253
27-01-2026 13:35||NIFTY27JAN2624400PE,0.7622779722956221
27-01-2026 13:35||NIFTY27JAN2624600PE,0.616104566861422
27-01-2026 13:35||NIFTY27JAN2624800PE,0.5313182436930036
27-01-2026 13:35||NIFTY27JAN2625300CE,0.35067158246066255
27-01-2026 13:35||NIFTY27JAN2625600CE,0.5806706802815287
27-01-2026 13:35||NIFTY27JAN2626000CE,0.9023827723365621
27-01-2026 13:35||NIFTY27JAN2626200CE,1.0607223012851932
27-01-2026 13:35||NIFTY27JAN2626300CE,1.1375143799949792
27-01-2026 13:35||NIFTY27JAN2626400CE,1.21269171669366
27-01-2026 13:40||NIFTY27JAN2625500CE,0.5761507193127962
27-01-2026 13:40||NIFTY27JAN2626300CE,1.1989016772156948
27-01-2026 13:45||NIFTY27JAN2623800PE,1.2466476983951824
27-01-2026 13:45||NIFTY27JAN2623900PE,1.165745446757509
27-01-2026 13:45||NIFTY27JAN2624100PE,1.0001999138893156
27-01-2026 13:45||NIFTY27JAN2624700PE,0.47932897030902744
27-01-2026 13:45||NIFTY27JAN2625300CE,0.4665411467890057
27-01-2026 13:45||NIFTY27JAN2625600CE,0.668158388950794
27-01-2026 13:45||NIFTY27JAN2625700CE,0.7441668483457593
27-01-2026 13:45||NIFTY27JAN2625800CE,0.8223818401240813
27-01-2026 13:45||NIFTY27JAN2625900CE,0.9019456966446211
27-01-2026 13:45||NIFTY27JAN2626000CE,0.9818129734953461
27-01-2026 13:45||NIFTY27JAN2626300CE,1.2130331633914657
27-01-2026 13:45||NIFTY27JAN2626400CE,1.284198959075172
27-01-2026 13:50||NIFTY27JAN2623900PE,1.2361626110167787
27-01-2026 13:50||NIFTY27JAN2624800PE,0.4451727770744196
27-01-2026 13:50||NIFTY27JAN2625000PE,0.35997736916989165
27-01-2026 13:50||NIFTY27JAN2626200CE,1.176471382452971
27-01-2026 13:55||NIFTY27JAN2623800PE,1.3259062746915158
27-01-2026 13:55||NIFTY27JAN2624000PE,1.15808182063588
27-01-2026 13:55||NIFTY27JAN2624100PE,1.06782627096018
27-01-2026 13:55||NIFTY27JAN2624300PE,0.8768002779397011
27-01-2026 13:55||NIFTY27JAN2624400PE,0.7791616482333692
27-01-2026 13:55||NIFTY27JAN2624600PE,0.5899304169851399
27-01-2026 13:55||NIFTY27JAN2624900PE,0.3444405804985072
27-01-2026 13:55||NIFTY27JAN2625400CE,0.5263852803569029
27-01-2026 13:55||NIFTY27JAN2625700CE,0.7944038240812625
27-01-2026 14:00||NIFTY27JAN2623800PE,1.3812939701949054
27-01-2026 14:00||NIFTY27JAN2624300PE,0.9043690518004666
27-01-2026 14:00||NIFTY27JAN2624500PE,0.7021920350142488
27-01-2026 14:00||NIFTY27JAN2625000PE,0.386796694407766
27-01-2026 14:00||NIFTY27JAN2625100PE,0.3643183803388723
27-01-2026 14:05||NIFTY27JAN2624000PE,1.1885492299209135
27-01-2026 14:05||NIFTY27JAN2624800PE,0.39807817134350243
27-01-2026 14:05||NIFTY27JAN2625400CE,0.5830672211962196
27-01-2026 14:05||NIFTY27JAN2625700CE,0.8741209949602057
27-01-2026 14:05||NIFTY27JAN2625800CE,0.9689117156792733
27-01-2026 14:05||NIFTY27JAN2626100CE,1.2432388033971356
27-01-2026 14:05||NIFTY27JAN2626200CE,1.3302312525900044
27-01-2026 14:05||NIFTY27JAN2626400CE,1.497539763280626
27-01-2026 14:10||NIFTY27JAN2623900PE,1.3243771053589113
27-01-2026 14:10||NIFTY27JAN2624000PE,1.2371305630103364
27-01-2026 14:10||NIFTY27JAN2624600PE,0.6142815435275555
27-01-2026 14:10||NIFTY27JAN2625500CE,0.6638815311634949
27-01-2026 14:10||NIFTY27JAN2626000CE,1.1521396763610683
27-01-2026 14:10||NIFTY27JAN2626200CE,1.3276993992419746
27-01-2026 14:15||NIFTY27JAN2624000PE,1.2742763368001908
27-01-2026 14:15||NIFTY27JAN2624400PE,0.8388729206823133
27-01-2026 14:15||NIFTY27JAN2624900PE,0.3592266773583927
27-01-2026 14:15||NIFTY27JAN2625600CE,0.7779078151698763
27-01-2026 14:15||NIFTY27JAN2625800CE,0.9891976558478935
27-01-2026 14:20||NIFTY27JAN2624100PE,1.1861366478167303
27-01-2026 14:20||NIFTY27JAN2625500CE,0.6968300905542556
27-01-2026 14:20||NIFTY27JAN2626000CE,1.1960150161923655
27-01-2026 14:20||NIFTY27JAN2626100CE,1.2947556259327748
27-01-2026 14:20||NIFTY27JAN2626500CE,1.7224551807485846
27-01-2026 14:25||NIFTY27JAN2623800PE,1.5608865969058159
27-01-2026 14:25||NIFTY27JAN2623900PE,1.4495397114047002
27-01-2026 14:25||NIFTY27JAN2624000PE,1.3409511421731948
27-01-2026 14:25||NIFTY27JAN2624200PE,1.113543586133519
27-01-2026 14:25||NIFTY27JAN2624300PE,0.997525710687872
27-01-2026 14:25||NIFTY27JAN2624800PE,0.42194344442849824
27-01-2026 14:25||NIFTY27JAN2624900PE,0.3156486592576718
27-01-2026 14:25||NIFTY27JAN2625000PE,0.21444697082121894
27-01-2026 14:25||NIFTY27JAN2625700CE,0.9468123077343241
27-01-2026 14:30||NIFTY27JAN2624000PE,1.4159967234476771
27-01-2026 14:30||NIFTY27JAN2624200PE,1.2003046165769298
27-01-2026 14:30||NIFTY27JAN2624600PE,0.6897193961488883
27-01-2026 14:30||NIFTY27JAN2625100PE,0.2462601943803313
27-01-2026 14:30||NIFTY27JAN2626400CE,1.7676737141260985
27-01-2026 14:35||NIFTY27JAN2624000PE,1.4590293587063263
27-01-2026 14:35||NIFTY27JAN2624200PE,1.248219279484523
27-01-2026 14:35||NIFTY27JAN2624900PE,0.34244051903608863
27-01-2026 14:35||NIFTY27JAN2625000PE,0.22161942619713135
27-01-2026 14:35||NIFTY27JAN2626200CE,1.5953668244300205
27-01-2026 14:40||NIFTY27JAN2624000PE,1.57484505725924
27-01-2026 14:40||NIFTY27JAN2624800PE,0.5511224495649939
27-01-2026 14:40||NIFTY27JAN2626200CE,1.5229193022475198
27-01-2026 14:40||NIFTY27JAN2626400CE,1.7355423538566415
27-01-2026 14:45||NIFTY27JAN2624000PE,1.6359343596942626
27-01-2026 14:45||NIFTY27JAN2624200PE,1.4043633507195348
27-01-2026 14:45||NIFTY27JAN2624700PE,0.7324500464804251
27-01-2026 14:45||NIFTY27JAN2625400CE,0.5663970100356608
27-01-2026 14:45||NIFTY27JAN2626400CE,1.8253110966849122
27-01-2026 14:45||NIFTY27JAN2626500CE,1.9381085204150552
27-01-2026 14:50||NIFTY27JAN2623800PE,2.0199341412373215
27-01-2026 14:50||NIFTY27JAN2624000PE,1.7702882037785042
27-01-2026 14:50||NIFTY27JAN2624200PE,1.5149718921174535
27-01-2026 14:50||NIFTY27JAN2624800PE,0.6269021858147903
27-01-2026 14:50||NIFTY27JAN2625200CE,0.31072680578370043
27-01-2026 14:50||NIFTY27JAN2625900CE,1.2362413512057153
27-01-2026 14:55||NIFTY27JAN2623800PE,2.1604040002412424
27-01-2026 14:55||NIFTY27JAN2624000PE,1.9576418663923145
27-01-2026 14:55||NIFTY27JAN2624800PE,0.7364276173687556
27-01-2026 14:55||NIFTY27JAN2625500CE,0.6792569131818114
27-01-2026 14:55||NIFTY27JAN2625800CE,1.1387277881013622
27-01-2026 14:55||NIFTY27JAN2626400CE,1.8712972492484132
27-01-2026 15:00||NIFTY27JAN2624100PE,1.8408912411033174
27-01-2026 15:00||NIFTY27JAN2624700PE,0.8609258550695936
27-01-2026 15:00||NIFTY27JAN2625100PE,0.13511388928214146
27-01-2026 15:00||NIFTY27JAN2625400CE,0.5913247118578944
27-01-2026 15:05||NIFTY27JAN2624000PE,2.1702289450434282
27-01-2026 15:05||NIFTY27JAN2624100PE,1.9971261673626972
27-01-2026 15:05||NIFTY27JAN2624200PE,1.8282098455402904
27-01-2026 15:05||NIFTY27JAN2624500PE,1.2897465439306772
27-01-2026 15:05||NIFTY27JAN2626300CE,2.025066042924077
27-01-2026 15:10||NIFTY27JAN2623900PE,2.5238690254098968
27-01-2026 15:10||NIFTY27JAN2624000PE,2.3498343458919115
27-01-2026 15:10||NIFTY27JAN2624900PE,0.6070733442347389
27-01-2026 15:10||NIFTY27JAN2625400CE,0.6028595597112911
27-01-2026 15:10||NIFTY27JAN2625600CE,0.9842793257705009
27-01-2026 15:10||NIFTY27JAN2625800CE,1.366740039313084
27-01-2026 15:10||NIFTY27JAN2626000CE,1.7599765854941343
27-01-2026 15:15||NIFTY27JAN2625000PE,0.4916389431045751
27-01-2026 15:15||NIFTY27JAN2625900CE,1.7207036760930519
27-01-2026 15:15||NIFTY27JAN2626000CE,1.9498622045868568
27-01-2026 15:15||NIFTY27JAN2626400CE,2.7076622844524545
27-01-2026 15:20||NIFTY27JAN2623800PE,3.9520888864852664
27-01-2026 15:20||NIFTY27JAN2623900PE,3.677700719315305
27-01-2026 15:20||NIFTY27JAN2624900PE,0.9424097204887036
27-01-2026 15:20||NIFTY27JAN2625500CE,0.9566499256028693
27-01-2026 15:20||NIFTY27JAN2626000CE,2.30135294407917
27-01-2026 15:20||NIFTY27JAN2626300CE,3.0650258322027666
27-01-2026 15:20||NIFTY27JAN2626400CE,3.3507014997889666
27-01-2026 15:25||NIFTY27JAN2623800PE,5.7875250510357334
27-01-2026 15:25||NIFTY27JAN2624900PE,1.4801844000289415
27-01-2026 15:25||NIFTY27JAN2625100PE,0.6826016358124611
27-01-2026 15:25||NIFTY27JAN2626100CE,3.3797786416517646
27-01-2026 15:25||NIFTY27JAN2626300CE,4.085563385820851
27-01-2026 15:25||NIFTY27JAN2626400CE,4.424670367851368
27-01-2026 15:25||NIFTY27JAN2626500CE,4.75733323948009
